text,emotion
Thinking about today's good news leaves me delighted. It has stayed on my mind.,joy
"I have to admit, Thinking about the unexpected announcement leaves me in disbelief. That is my honest reaction.",surprise
"After thinking about it, I feel quite angry about the unnecessary delay. That is my honest reaction.",anger
"At this moment, I am startled because of the surprise visitor. It has stayed on my mind.",surprise
"At this moment, My mood is astonished after the last-minute change. It has stayed on my mind.",surprise
"At this moment, I keep feeling fearful whenever I remember speaking in public. That is my honest reaction.",fear
"To be honest, Thinking about the risky journey leaves me frightened. I can feel it strongly.",fear
I keep feeling resentful whenever I remember the unnecessary delay.,anger
"To be honest, Thinking about the uncertain situation leaves me uneasy. The feeling is difficult to ignore.",fear
"To be honest, Today I feel down; it is connected to the disappointing news. It has stayed on my mind.",sadness
Right now I am really scared. That is my honest reaction.,fear
"At this moment, Thinking about speaking in public leaves me anxious. That is my honest reaction.",fear
"I have to admit, My mood is uneasy after the risky journey. It has stayed on my mind.",fear
"To be honest, It is hard to hide how devoted I feel about our time together. That is my honest reaction.",love
"At this moment, I feel so warm about a thoughtful message.",love
"At this moment, I feel genuinely down about a lonely evening. That is my honest reaction.",sadness
"I have to admit, Honestly, the surprise visitor makes me feel in disbelief. The feeling is difficult to ignore.",surprise
I am panicked because of the risky journey. The feeling is difficult to ignore.,fear
"I have to admit, I feel deeply outraged about the unnecessary delay. I can feel it strongly.",anger
It is hard to hide how terrified I feel about speaking in public. The feeling is difficult to ignore.,fear
"After thinking about it, The way I feel can only be described as mad.",anger
"To be honest, Today I feel tearful; it is connected to the difficult goodbye. The feeling is difficult to ignore.",sadness
"At this moment, Honestly, the wonderful celebration makes me feel happy. It has stayed on my mind.",joy
I am terrified because of speaking in public. It has stayed on my mind.,fear
"After thinking about it, I am surprised because of the unbelievable result. The feeling is difficult to ignore.",surprise
"After thinking about it, Right now I am quite unhappy. It has stayed on my mind.",sadness
"After thinking about it, I keep feeling taken aback whenever I remember the surprise visitor. That is my honest reaction.",surprise
"I have to admit, Thinking about finishing the project leaves me wonderful. The feeling is difficult to ignore.",joy
I am loving because of my family. I can feel it strongly.,love
"I have to admit, I feel deeply worried about speaking in public. That is my honest reaction.",fear
"To be honest, Right now I am really gloomy. The feeling is difficult to ignore.",sadness
"Honestly, my family makes me feel warm. The feeling is difficult to ignore.",love
I keep feeling happy whenever I remember finishing the project.,joy
"At this moment, Thinking about the kindness I received leaves me warm. It has stayed on my mind.",love
"At this moment, Thinking about the wonderful celebration leaves me wonderful. The feeling is difficult to ignore.",joy
"I have to admit, Honestly, the shocking update makes me feel speechless. The feeling is difficult to ignore.",surprise
"To be honest, I am stunned because of the unbelievable result. It has stayed on my mind.",surprise
"After thinking about it, Today I feel close; it is connected to a thoughtful message.",love
"I have to admit, It is hard to hide how sad I feel about the disappointing news. That is my honest reaction.",sadness
"After thinking about it, I keep feeling taken aback whenever I remember the sudden gift.",surprise
"After thinking about it, The way I feel can only be described as lonely. The feeling is difficult to ignore.",sadness
"At this moment, It is hard to hide how surprised I feel about the sudden gift. It has stayed on my mind.",surprise
"I have to admit, I am gloomy because of missing my friends. It has stayed on my mind.",sadness
"At this moment, Right now I am truly cross. The feeling is difficult to ignore.",anger
"To be honest, I am irritated because of being ignored.",anger
"After thinking about it, It is hard to hide how happy I feel about finishing the project. It has stayed on my mind.",joy
"At this moment, I keep feeling lonely whenever I remember losing the opportunity. The feeling is difficult to ignore.",sadness
"I have to admit, Thinking about a lonely evening leaves me down. The feeling is difficult to ignore.",sadness
"After thinking about it, It is hard to hide how close I feel about the person I care about.",love
"After thinking about it, The way I feel can only be described as angry.",anger
It is hard to hide how loving I feel about the kindness I received. That is my honest reaction.,love
"To be honest, I feel deeply down about the failed plan. That is my honest reaction.",sadness
"I have to admit, Today I feel wonderful; it is connected to today's good news. That is my honest reaction.",joy
"I have to admit, Thinking about my closest friend leaves me adored.",love
The way I feel can only be described as tearful. That is my honest reaction.,sadness
"I have to admit, It is hard to hide how enraged I feel about being ignored. The feeling is difficult to ignore.",anger
Today I feel thrilled; it is connected to today's good news. It has stayed on my mind.,joy
"At this moment, Right now I am completely lonely.",sadness
"To be honest, Today I feel frightened; it is connected to the upcoming examination.",fear
"To be honest, Thinking about finishing the project leaves me happy. The feeling is difficult to ignore.",joy
"To be honest, Today I feel down; it is connected to a lonely evening. The feeling is difficult to ignore.",sadness
"After thinking about it, Today I feel nervous; it is connected to the sudden noise. The feeling is difficult to ignore.",fear
Today I feel warm; it is connected to the person I care about. It has stayed on my mind.,love
I feel incredibly thrilled about meeting my friends. The feeling is difficult to ignore.,joy
Right now I am very tearful. That is my honest reaction.,sadness
"To be honest, Right now I am extremely fearful.",fear
"At this moment, The way I feel can only be described as mad. The feeling is difficult to ignore.",anger
"At this moment, Right now I am truly terrified. It has stayed on my mind.",fear
"Honestly, the disappointing news makes me feel sorrowful. The feeling is difficult to ignore.",sadness
"After thinking about it, Right now I am really close.",love
"To be honest, The way I feel can only be described as taken aback. The feeling is difficult to ignore.",surprise
"At this moment, I am down because of the failed plan. It has stayed on my mind.",sadness
My mood is miserable after the disappointing news. The feeling is difficult to ignore.,sadness
"I have to admit, Thinking about the last-minute change leaves me speechless. I can feel it strongly.",surprise
"After thinking about it, Thinking about speaking in public leaves me frightened. The feeling is difficult to ignore.",fear
Thinking about the sudden noise leaves me panicked. The feeling is difficult to ignore.,fear
"I have to admit, My mood is affectionate after a thoughtful message. It has stayed on my mind.",love
"I have to admit, Thinking about the sudden noise leaves me afraid. It has stayed on my mind.",fear
"I have to admit, Thinking about the broken promise leaves me irritated.",anger
"At this moment, Right now I am deeply irritated. It has stayed on my mind.",anger
"I have to admit, I feel genuinely cheerful about finishing the project. The feeling is difficult to ignore.",joy
"To be honest, I keep feeling joyful whenever I remember meeting my friends. I can feel it strongly.",joy
"After thinking about it, The way I feel can only be described as cross. That is my honest reaction.",anger
"At this moment, My mood is heartbroken after the disappointing news. I can feel it strongly.",sadness
"At this moment, The way I feel can only be described as in disbelief. The feeling is difficult to ignore.",surprise
"At this moment, I keep feeling thrilled whenever I remember today's good news. I can feel it strongly.",joy
"I have to admit, It is hard to hide how adored I feel about our time together.",love
I am in disbelief because of the last-minute change. That is my honest reaction.,surprise
"Honestly, the person I care about makes me feel affectionate.",love
"To be honest, I am sad because of losing the opportunity. I can feel it strongly.",sadness
"At this moment, Honestly, the unfair decision makes me feel frustrated. It has stayed on my mind.",anger
I feel completely affectionate about my closest friend. I can feel it strongly.,love
"At this moment, Thinking about a thoughtful message leaves me adored. I can feel it strongly.",love
Today I feel romantic; it is connected to our time together. It has stayed on my mind.,love
"To be honest, It is hard to hide how taken aback I feel about the surprise visitor. It has stayed on my mind.",surprise
"To be honest, It is hard to hide how speechless I feel about the unbelievable result. I can feel it strongly.",surprise
I keep feeling pleased whenever I remember today's good news. The feeling is difficult to ignore.,joy
Today I feel irritated; it is connected to the unfair decision. That is my honest reaction.,anger
"At this moment, Honestly, the shocking update makes me feel unexpectedly amazed. The feeling is difficult to ignore.",surprise
"After thinking about it, I am shocked because of the shocking update. I can feel it strongly.",surprise
"At this moment, I am speechless because of the sudden gift. I can feel it strongly.",surprise
"At this moment, I keep feeling tearful whenever I remember the failed plan. I can feel it strongly.",sadness
The way I feel can only be described as mad. The feeling is difficult to ignore.,anger
"I have to admit, My mood is gloomy after the failed plan. I can feel it strongly.",sadness
Right now I am deeply terrified. It has stayed on my mind.,fear
I am tender because of my family. That is my honest reaction.,love
"I have to admit, Right now I am truly frustrated. It has stayed on my mind.",anger
Right now I am very joyful. The feeling is difficult to ignore.,joy
"At this moment, Thinking about finishing the project leaves me cheerful. It has stayed on my mind.",joy
"After thinking about it, I feel so disappointed about the failed plan.",sadness
I feel truly close about the kindness I received. That is my honest reaction.,love
"After thinking about it, Right now I am completely tearful.",sadness
I feel very angry about the unnecessary delay. It has stayed on my mind.,anger
"After thinking about it, The way I feel can only be described as frustrated. It has stayed on my mind.",anger
"Honestly, the risky journey makes me feel panicked. I can feel it strongly.",fear
"To be honest, Today I feel thrilled; it is connected to my great result. The feeling is difficult to ignore.",joy
Today I feel outraged; it is connected to the repeated mistake. The feeling is difficult to ignore.,anger
"At this moment, Honestly, the shocking update makes me feel shocked. The feeling is difficult to ignore.",surprise
I feel truly enraged about the broken promise. It has stayed on my mind.,anger
It is hard to hide how fearful I feel about speaking in public. I can feel it strongly.,fear
"After thinking about it, My mood is affectionate after the kindness I received. It has stayed on my mind.",love
"I have to admit, I keep feeling close whenever I remember my closest friend. That is my honest reaction.",love
"I have to admit, Today I feel sad; it is connected to the failed plan. The feeling is difficult to ignore.",sadness
"After thinking about it, The way I feel can only be described as terrified. The feeling is difficult to ignore.",fear
Today I feel mad; it is connected to being ignored. The feeling is difficult to ignore.,anger
"After thinking about it, I feel incredibly delighted about the new opportunity. The feeling is difficult to ignore.",joy
"After thinking about it, I feel very anxious about the risky journey.",fear
I feel very romantic about a thoughtful message. That is my honest reaction.,love
"To be honest, I am grateful because of my great result. The feeling is difficult to ignore.",joy
"After thinking about it, I am anxious because of the risky journey. I can feel it strongly.",fear
"After thinking about it, Honestly, my closest friend makes me feel fond. That is my honest reaction.",love
"At this moment, Honestly, meeting my friends makes me feel thrilled.",joy
"At this moment, Today I feel cheerful; it is connected to finishing the project.",joy
"To be honest, Right now I am deeply surprised.",surprise
"After thinking about it, Today I feel delighted; it is connected to the new opportunity.",joy
"At this moment, It is hard to hide how worried I feel about speaking in public.",fear
"At this moment, I keep feeling romantic whenever I remember our time together.",love
"At this moment, I feel completely sad about the difficult goodbye. That is my honest reaction.",sadness
"After thinking about it, Thinking about finishing the project leaves me wonderful. It has stayed on my mind.",joy
"To be honest, Thinking about the wonderful celebration leaves me cheerful. That is my honest reaction.",joy
"At this moment, I feel deeply surprised about the surprise visitor. The feeling is difficult to ignore.",surprise
"To be honest, The way I feel can only be described as heartbroken. The feeling is difficult to ignore.",sadness
"To be honest, Right now I am really furious. It has stayed on my mind.",anger
"To be honest, Today I feel frightened; it is connected to the uncertain situation. It has stayed on my mind.",fear
"I have to admit, Thinking about the person I care about leaves me romantic.",love
"After thinking about it, The way I feel can only be described as unhappy.",sadness
"I have to admit, I am happy because of meeting my friends. I can feel it strongly.",joy
"At this moment, The way I feel can only be described as scared. It has stayed on my mind.",fear
"After thinking about it, My mood is unexpectedly amazed after the unbelievable result. That is my honest reaction.",surprise
"At this moment, The way I feel can only be described as terrified. I can feel it strongly.",fear
"I have to admit, Right now I am quite anxious. That is my honest reaction.",fear
Right now I am completely frustrated. It has stayed on my mind.,anger
"After thinking about it, Thinking about losing the opportunity leaves me miserable. I can feel it strongly.",sadness
"After thinking about it, It is hard to hide how amazed I feel about the surprise visitor. It has stayed on my mind.",surprise
I am frightened because of the risky journey. That is my honest reaction.,fear
"Honestly, the rude response makes me feel frustrated. It has stayed on my mind.",anger
"To be honest, My mood is fond after my family. It has stayed on my mind.",love
"After thinking about it, I feel extremely scared about speaking in public. The feeling is difficult to ignore.",fear
"After thinking about it, Right now I am quite speechless. It has stayed on my mind.",surprise
"After thinking about it, Thinking about the failed plan leaves me unhappy. That is my honest reaction.",sadness
"After thinking about it, The way I feel can only be described as thrilled. I can feel it strongly.",joy
I am panicked because of the upcoming examination. The feeling is difficult to ignore.,fear
"To be honest, It is hard to hide how excited I feel about finishing the project. I can feel it strongly.",joy
I feel so sad about the difficult goodbye. I can feel it strongly.,sadness
"At this moment, I feel incredibly delighted about my great result. That is my honest reaction.",joy
"Honestly, today's good news makes me feel grateful. That is my honest reaction.",joy
I keep feeling scared whenever I remember the sudden noise.,fear
"I have to admit, Today I feel delighted; it is connected to meeting my friends. I can feel it strongly.",joy
"At this moment, I keep feeling frustrated whenever I remember the broken promise. That is my honest reaction.",anger
"At this moment, My mood is close after our time together. That is my honest reaction.",love
"I have to admit, I feel very joyful about my great result. I can feel it strongly.",joy
"I have to admit, Today I feel fearful; it is connected to speaking in public. That is my honest reaction.",fear
"After thinking about it, Thinking about the sudden gift leaves me shocked. The feeling is difficult to ignore.",surprise
"To be honest, I feel quite irritated about the repeated mistake. The feeling is difficult to ignore.",anger
"After thinking about it, It is hard to hide how afraid I feel about the uncertain situation.",fear
"After thinking about it, I am enraged because of being ignored. That is my honest reaction.",anger
"To be honest, Thinking about the unexpected announcement leaves me astonished. I can feel it strongly.",surprise
"After thinking about it, I feel extremely panicked about what might happen tomorrow. I can feel it strongly.",fear
"To be honest, The way I feel can only be described as speechless. I can feel it strongly.",surprise
"After thinking about it, Honestly, my family makes me feel romantic. It has stayed on my mind.",love
Right now I am genuinely heartbroken. The feeling is difficult to ignore.,sadness
"At this moment, The way I feel can only be described as worried. I can feel it strongly.",fear
"To be honest, I keep feeling outraged whenever I remember the broken promise. The feeling is difficult to ignore.",anger
"At this moment, Thinking about the surprise visitor leaves me in disbelief. It has stayed on my mind.",surprise
"At this moment, I am unhappy because of losing the opportunity. That is my honest reaction.",sadness
"Honestly, the failed plan makes me feel lonely. That is my honest reaction.",sadness
"I have to admit, The way I feel can only be described as terrified. I can feel it strongly.",fear
"At this moment, It is hard to hide how fearful I feel about what might happen tomorrow. That is my honest reaction.",fear
"After thinking about it, My mood is furious after the rude response. It has stayed on my mind.",anger
"To be honest, Honestly, the unfair decision makes me feel cross.",anger
"After thinking about it, Today I feel warm; it is connected to the person I care about. I can feel it strongly.",love
"To be honest, I feel completely frightened about speaking in public. It has stayed on my mind.",fear
"I have to admit, The way I feel can only be described as unhappy. I can feel it strongly.",sadness
"At this moment, Thinking about today's good news leaves me thrilled.",joy
"To be honest, Thinking about the uncertain situation leaves me nervous.",fear
"After thinking about it, It is hard to hide how speechless I feel about the sudden gift. The feeling is difficult to ignore.",surprise
Thinking about the rude response leaves me cross. It has stayed on my mind.,anger
"To be honest, Right now I am deeply wonderful. It has stayed on my mind.",joy
The way I feel can only be described as fearful. That is my honest reaction.,fear
"At this moment, Thinking about the last-minute change leaves me surprised.",surprise
"I have to admit, I feel truly angry about the unnecessary delay.",anger
"I have to admit, Thinking about a lonely evening leaves me lonely.",sadness
"At this moment, Thinking about the disappointing news leaves me unhappy. That is my honest reaction.",sadness
It is hard to hide how tearful I feel about missing my friends. I can feel it strongly.,sadness
"I have to admit, Thinking about speaking in public leaves me scared. That is my honest reaction.",fear
"After thinking about it, It is hard to hide how frightened I feel about the risky journey. That is my honest reaction.",fear
"After thinking about it, The way I feel can only be described as disappointed.",sadness
"After thinking about it, I feel very amazed about the shocking update. The feeling is difficult to ignore.",surprise
Right now I am deeply worried. I can feel it strongly.,fear
"I have to admit, I am taken aback because of the shocking update.",surprise
"I have to admit, I feel very disappointed about the failed plan. The feeling is difficult to ignore.",sadness
"I have to admit, It is hard to hide how in disbelief I feel about the surprise visitor. I can feel it strongly.",surprise
I keep feeling terrified whenever I remember speaking in public. It has stayed on my mind.,fear
I feel completely sorrowful about the failed plan. The feeling is difficult to ignore.,sadness
"To be honest, I keep feeling down whenever I remember losing the opportunity. It has stayed on my mind.",sadness
"After thinking about it, My mood is loving after the person I care about. That is my honest reaction.",love
"At this moment, I am terrified because of speaking in public. The feeling is difficult to ignore.",fear
"After thinking about it, Thinking about the uncertain situation leaves me scared. That is my honest reaction.",fear
"I have to admit, I am furious because of the repeated mistake. It has stayed on my mind.",anger
"At this moment, My mood is frightened after the uncertain situation.",fear
"At this moment, I keep feeling happy whenever I remember today's good news. That is my honest reaction.",joy
I am stunned because of the shocking update.,surprise
"After thinking about it, It is hard to hide how panicked I feel about the uncertain situation. It has stayed on my mind.",fear
"After thinking about it, My mood is affectionate after the kindness I received. That is my honest reaction.",love
"To be honest, Right now I am genuinely panicked. That is my honest reaction.",fear
"At this moment, Thinking about the person I care about leaves me warm. The feeling is difficult to ignore.",love
"To be honest, Thinking about the disappointing news leaves me lonely. The feeling is difficult to ignore.",sadness
"After thinking about it, I feel so surprised about the last-minute change. The feeling is difficult to ignore.",surprise
The way I feel can only be described as uneasy.,fear
"At this moment, Today I feel uneasy; it is connected to the risky journey. It has stayed on my mind.",fear
"After thinking about it, Honestly, speaking in public makes me feel terrified. That is my honest reaction.",fear
"To be honest, I feel genuinely resentful about the rude response.",anger
"At this moment, I am pleased because of the new opportunity. The feeling is difficult to ignore.",joy
"At this moment, Honestly, the kindness I received makes me feel devoted. I can feel it strongly.",love
"To be honest, I am tender because of the kindness I received. The feeling is difficult to ignore.",love
"At this moment, I feel extremely frustrated about the unnecessary delay.",anger
It is hard to hide how sad I feel about missing my friends. The feeling is difficult to ignore.,sadness
"After thinking about it, I keep feeling adored whenever I remember the kindness I received.",love
My mood is nervous after the upcoming examination. That is my honest reaction.,fear
"At this moment, Thinking about the unnecessary delay leaves me outraged. It has stayed on my mind.",anger
"I have to admit, I keep feeling fearful whenever I remember the upcoming examination. The feeling is difficult to ignore.",fear
"At this moment, I keep feeling taken aback whenever I remember the surprise visitor.",surprise
"At this moment, Right now I am very cross. It has stayed on my mind.",anger
"Honestly, the unfair decision makes me feel outraged. I can feel it strongly.",anger
"To be honest, It is hard to hide how nervous I feel about speaking in public. It has stayed on my mind.",fear
"After thinking about it, My mood is affectionate after the kindness I received. The feeling is difficult to ignore.",love
"I have to admit, I feel really optimistic about finishing the project. It has stayed on my mind.",joy
Today I feel fearful; it is connected to the sudden noise. That is my honest reaction.,fear
"After thinking about it, Thinking about my great result leaves me pleased.",joy
"To be honest, I keep feeling gloomy whenever I remember a lonely evening.",sadness
"At this moment, I feel really unexpectedly amazed about the shocking update.",surprise
Thinking about the wonderful celebration leaves me happy.,joy
"To be honest, My mood is frustrated after the unfair decision. It has stayed on my mind.",anger
"At this moment, I am afraid because of the uncertain situation.",fear
The way I feel can only be described as anxious.,fear
"To be honest, Today I feel optimistic; it is connected to the new opportunity.",joy
"I have to admit, I feel completely stunned about the shocking update. I can feel it strongly.",surprise
I feel deeply outraged about the rude response. I can feel it strongly.,anger
I feel very disappointed about missing my friends. That is my honest reaction.,sadness
"After thinking about it, Thinking about my great result leaves me delighted.",joy
"I have to admit, Right now I am so surprised. That is my honest reaction.",surprise
"I have to admit, I feel completely afraid about the upcoming examination.",fear
I feel so amazed about the unbelievable result. The feeling is difficult to ignore.,surprise
"After thinking about it, I feel extremely speechless about the unbelievable result. The feeling is difficult to ignore.",surprise
"I have to admit, My mood is amazed after the shocking update. It has stayed on my mind.",surprise
"At this moment, My mood is startled after the last-minute change.",surprise
"I have to admit, Thinking about the unbelievable result leaves me speechless.",surprise
"I have to admit, I feel very gloomy about the disappointing news. It has stayed on my mind.",sadness
"At this moment, My mood is sorrowful after the difficult goodbye.",sadness
I feel deeply unhappy about losing the opportunity. That is my honest reaction.,sadness
"To be honest, My mood is delighted after finishing the project. The feeling is difficult to ignore.",joy
"After thinking about it, I feel really miserable about the failed plan. It has stayed on my mind.",sadness
"To be honest, Honestly, speaking in public makes me feel worried. It has stayed on my mind.",fear
"I have to admit, It is hard to hide how lonely I feel about missing my friends. I can feel it strongly.",sadness
"I have to admit, My mood is stunned after the unexpected announcement.",surprise
"After thinking about it, It is hard to hide how nervous I feel about the risky journey. It has stayed on my mind.",fear
"To be honest, I feel completely cheerful about today's good news. It has stayed on my mind.",joy
"At this moment, I keep feeling amazed whenever I remember the unbelievable result. I can feel it strongly.",surprise
"To be honest, Honestly, my family makes me feel warm.",love
"To be honest, Right now I am truly furious. I can feel it strongly.",anger
"After thinking about it, I feel incredibly frightened about the risky journey. The feeling is difficult to ignore.",fear
"After thinking about it, I am frightened because of the upcoming examination.",fear
"After thinking about it, Thinking about finishing the project leaves me grateful. It has stayed on my mind.",joy
"I have to admit, Thinking about the unbelievable result leaves me speechless. It has stayed on my mind.",surprise
"At this moment, Honestly, the difficult goodbye makes me feel sad. The feeling is difficult to ignore.",sadness
I keep feeling wonderful whenever I remember my great result. I can feel it strongly.,joy
"To be honest, Right now I am so unhappy. I can feel it strongly.",sadness
"I have to admit, It is hard to hide how shocked I feel about the surprise visitor. It has stayed on my mind.",surprise
"To be honest, I keep feeling afraid whenever I remember the sudden noise. That is my honest reaction.",fear
"Honestly, the broken promise makes me feel cross.",anger
"To be honest, Honestly, the unbelievable result makes me feel amazed. It has stayed on my mind.",surprise
"To be honest, Thinking about our time together leaves me devoted.",love
I keep feeling stunned whenever I remember the unbelievable result. The feeling is difficult to ignore.,surprise
"After thinking about it, Today I feel enraged; it is connected to being ignored. It has stayed on my mind.",anger
"At this moment, I keep feeling amazed whenever I remember the unexpected announcement.",surprise
"After thinking about it, The way I feel can only be described as panicked. That is my honest reaction.",fear
"I have to admit, The way I feel can only be described as down. I can feel it strongly.",sadness
"At this moment, I am grateful because of today's good news. It has stayed on my mind.",joy
"After thinking about it, Honestly, my family makes me feel adored. The feeling is difficult to ignore.",love
It is hard to hide how miserable I feel about losing the opportunity. It has stayed on my mind.,sadness
Right now I am deeply loving. That is my honest reaction.,love
"After thinking about it, I keep feeling panicked whenever I remember speaking in public. The feeling is difficult to ignore.",fear
"I have to admit, Thinking about the shocking update leaves me speechless. That is my honest reaction.",surprise
"I have to admit, Right now I am very wonderful. That is my honest reaction.",joy
"To be honest, My mood is annoyed after the rude response. The feeling is difficult to ignore.",anger
Right now I am so panicked. I can feel it strongly.,fear
"After thinking about it, My mood is close after my family. The feeling is difficult to ignore.",love
"I have to admit, I am devoted because of my family. It has stayed on my mind.",love
"At this moment, I keep feeling annoyed whenever I remember the broken promise. That is my honest reaction.",anger
"To be honest, Honestly, the unbelievable result makes me feel stunned. It has stayed on my mind.",surprise
Thinking about my closest friend leaves me caring. The feeling is difficult to ignore.,love
"I have to admit, I keep feeling devoted whenever I remember a thoughtful message. The feeling is difficult to ignore.",love
"To be honest, I feel quite resentful about being ignored. That is my honest reaction.",anger
"I have to admit, The way I feel can only be described as mad. That is my honest reaction.",anger
"At this moment, Honestly, the kindness I received makes me feel tender. The feeling is difficult to ignore.",love
"To be honest, Today I feel astonished; it is connected to the sudden gift. It has stayed on my mind.",surprise
"After thinking about it, I am affectionate because of my closest friend. It has stayed on my mind.",love
Right now I am extremely lonely. I can feel it strongly.,sadness
"After thinking about it, Thinking about our time together leaves me adored. That is my honest reaction.",love
"To be honest, It is hard to hide how sad I feel about missing my friends. The feeling is difficult to ignore.",sadness
Right now I am very startled. The feeling is difficult to ignore.,surprise
I keep feeling worried whenever I remember what might happen tomorrow. It has stayed on my mind.,fear
"After thinking about it, My mood is frustrated after the repeated mistake.",anger
"I have to admit, It is hard to hide how fearful I feel about the risky journey. The feeling is difficult to ignore.",fear
"To be honest, It is hard to hide how cheerful I feel about the new opportunity.",joy
"I have to admit, The way I feel can only be described as adored. The feeling is difficult to ignore.",love
"At this moment, It is hard to hide how anxious I feel about speaking in public.",fear
"I have to admit, Today I feel optimistic; it is connected to the wonderful celebration. That is my honest reaction.",joy
"I have to admit, My mood is astonished after the surprise visitor. That is my honest reaction.",surprise
I am joyful because of the wonderful celebration. It has stayed on my mind.,joy
"To be honest, I keep feeling stunned whenever I remember the surprise visitor. The feeling is difficult to ignore.",surprise
"To be honest, Thinking about my great result leaves me optimistic. I can feel it strongly.",joy
"I have to admit, Today I feel devoted; it is connected to a thoughtful message. That is my honest reaction.",love
"To be honest, Today I feel irritated; it is connected to the unnecessary delay. It has stayed on my mind.",anger
"To be honest, The way I feel can only be described as in disbelief. It has stayed on my mind.",surprise
"At this moment, Today I feel wonderful; it is connected to meeting my friends. That is my honest reaction.",joy
"At this moment, I feel genuinely optimistic about meeting my friends.",joy
I am enraged because of the rude response. It has stayed on my mind.,anger
"After thinking about it, Honestly, the repeated mistake makes me feel angry. It has stayed on my mind.",anger
Right now I am completely stunned.,surprise
"I have to admit, My mood is amazed after the surprise visitor.",surprise
I am frustrated because of the unfair decision.,anger
"I have to admit, The way I feel can only be described as adored. I can feel it strongly.",love
"I have to admit, Today I feel taken aback; it is connected to the last-minute change. The feeling is difficult to ignore.",surprise
I keep feeling stunned whenever I remember the sudden gift. The feeling is difficult to ignore.,surprise
"At this moment, Thinking about the wonderful celebration leaves me excited. I can feel it strongly.",joy
"Honestly, the rude response makes me feel irritated. It has stayed on my mind.",anger
"To be honest, I feel very adored about the person I care about. The feeling is difficult to ignore.",love
"I have to admit, I feel truly close about a thoughtful message. I can feel it strongly.",love
"After thinking about it, The way I feel can only be described as happy.",joy
"At this moment, I keep feeling excited whenever I remember today's good news. The feeling is difficult to ignore.",joy
"After thinking about it, Honestly, the sudden noise makes me feel uneasy. I can feel it strongly.",fear
I keep feeling anxious whenever I remember the sudden noise. That is my honest reaction.,fear
"To be honest, I keep feeling uneasy whenever I remember the uncertain situation.",fear
The way I feel can only be described as devoted. The feeling is difficult to ignore.,love
"At this moment, The way I feel can only be described as sorrowful. The feeling is difficult to ignore.",sadness
"After thinking about it, Right now I am truly devoted. I can feel it strongly.",love
"I have to admit, Today I feel mad; it is connected to the unnecessary delay. That is my honest reaction.",anger
My mood is close after my family. I can feel it strongly.,love
I feel genuinely unhappy about missing my friends. The feeling is difficult to ignore.,sadness
"To be honest, Honestly, my great result makes me feel happy. The feeling is difficult to ignore.",joy
"To be honest, Right now I am really surprised. It has stayed on my mind.",surprise
"At this moment, It is hard to hide how thrilled I feel about meeting my friends. The feeling is difficult to ignore.",joy
I keep feeling romantic whenever I remember the person I care about.,love
"At this moment, My mood is loving after the kindness I received. That is my honest reaction.",love
"After thinking about it, My mood is warm after the person I care about. The feeling is difficult to ignore.",love
"I have to admit, I feel really afraid about the risky journey. That is my honest reaction.",fear
"To be honest, I feel extremely warm about my family. I can feel it strongly.",love
"I have to admit, I am in disbelief because of the surprise visitor. The feeling is difficult to ignore.",surprise
"I have to admit, It is hard to hide how tearful I feel about the difficult goodbye. I can feel it strongly.",sadness
"At this moment, Thinking about the person I care about leaves me caring. That is my honest reaction.",love
"To be honest, I feel completely startled about the shocking update. I can feel it strongly.",surprise
Thinking about the failed plan leaves me sad. That is my honest reaction.,sadness
"I have to admit, Today I feel frustrated; it is connected to being ignored.",anger
"To be honest, I feel extremely in disbelief about the sudden gift. I can feel it strongly.",surprise
"I have to admit, Thinking about our time together leaves me devoted. It has stayed on my mind.",love
"At this moment, Today I feel pleased; it is connected to the wonderful celebration. The feeling is difficult to ignore.",joy
Today I feel gloomy; it is connected to missing my friends. I can feel it strongly.,sadness
"To be honest, I feel deeply close about the person I care about.",love
"After thinking about it, I feel genuinely adored about the kindness I received. I can feel it strongly.",love
"To be honest, I feel extremely uneasy about speaking in public. The feeling is difficult to ignore.",fear
"After thinking about it, I keep feeling terrified whenever I remember the sudden noise.",fear
I am happy because of my great result. It has stayed on my mind.,joy
"After thinking about it, The way I feel can only be described as excited. The feeling is difficult to ignore.",joy
"At this moment, Honestly, the shocking update makes me feel taken aback. The feeling is difficult to ignore.",surprise
"After thinking about it, I feel completely heartbroken about losing the opportunity. I can feel it strongly.",sadness
"To be honest, It is hard to hide how happy I feel about meeting my friends.",joy
My mood is lonely after losing the opportunity. The feeling is difficult to ignore.,sadness
"To be honest, I am thrilled because of my great result.",joy
"I have to admit, I am pleased because of the new opportunity. That is my honest reaction.",joy
"I have to admit, I am cheerful because of meeting my friends. That is my honest reaction.",joy
"After thinking about it, The way I feel can only be described as excited.",joy
"To be honest, Right now I am incredibly in disbelief.",surprise
Right now I am really joyful. I can feel it strongly.,joy
"I have to admit, Right now I am so romantic. The feeling is difficult to ignore.",love
"At this moment, My mood is stunned after the surprise visitor. The feeling is difficult to ignore.",surprise
I am thrilled because of the new opportunity. That is my honest reaction.,joy
"At this moment, Today I feel unexpectedly amazed; it is connected to the surprise visitor. The feeling is difficult to ignore.",surprise
"To be honest, The way I feel can only be described as gloomy. It has stayed on my mind.",sadness
"After thinking about it, Thinking about the rude response leaves me angry. It has stayed on my mind.",anger
Today I feel scared; it is connected to speaking in public. It has stayed on my mind.,fear
"At this moment, Thinking about the uncertain situation leaves me uneasy. That is my honest reaction.",fear
"After thinking about it, Today I feel tender; it is connected to the person I care about. I can feel it strongly.",love
"After thinking about it, Honestly, the uncertain situation makes me feel frightened. That is my honest reaction.",fear
"At this moment, Thinking about the difficult goodbye leaves me disappointed. I can feel it strongly.",sadness
"After thinking about it, The way I feel can only be described as sorrowful. I can feel it strongly.",sadness
"To be honest, Honestly, speaking in public makes me feel terrified.",fear
"After thinking about it, Honestly, the unexpected announcement makes me feel shocked. It has stayed on my mind.",surprise
"Honestly, the shocking update makes me feel surprised. I can feel it strongly.",surprise
"I have to admit, I feel deeply stunned about the sudden gift. It has stayed on my mind.",surprise
"After thinking about it, Honestly, the unfair decision makes me feel irritated. It has stayed on my mind.",anger
"At this moment, I feel very fond about my family. It has stayed on my mind.",love
"I have to admit, The way I feel can only be described as warm. That is my honest reaction.",love
"I have to admit, I am furious because of the broken promise. It has stayed on my mind.",anger
Thinking about losing the opportunity leaves me disappointed. The feeling is difficult to ignore.,sadness
Today I feel excited; it is connected to the wonderful celebration.,joy
"At this moment, It is hard to hide how devoted I feel about my family. It has stayed on my mind.",love
"To be honest, Right now I am so in disbelief.",surprise
"After thinking about it, Today I feel furious; it is connected to the rude response. That is my honest reaction.",anger
Right now I am deeply excited. I can feel it strongly.,joy
"At this moment, Thinking about the unnecessary delay leaves me annoyed. That is my honest reaction.",anger
"After thinking about it, Today I feel grateful; it is connected to my great result. It has stayed on my mind.",joy
I keep feeling speechless whenever I remember the sudden gift. That is my honest reaction.,surprise
"At this moment, It is hard to hide how startled I feel about the unbelievable result. I can feel it strongly.",surprise
"I have to admit, I am disappointed because of a lonely evening. I can feel it strongly.",sadness
"After thinking about it, I keep feeling optimistic whenever I remember my great result. That is my honest reaction.",joy
"To be honest, Today I feel devoted; it is connected to my family. I can feel it strongly.",love
"At this moment, I am frustrated because of the unfair decision. The feeling is difficult to ignore.",anger
"To be honest, I am frustrated because of the unnecessary delay.",anger
"After thinking about it, Right now I am incredibly fearful. That is my honest reaction.",fear
"To be honest, Thinking about the sudden gift leaves me astonished. I can feel it strongly.",surprise
"I have to admit, I feel incredibly furious about the unnecessary delay. That is my honest reaction.",anger
"After thinking about it, My mood is speechless after the unexpected announcement. It has stayed on my mind.",surprise
My mood is anxious after the uncertain situation. That is my honest reaction.,fear
"I have to admit, Honestly, missing my friends makes me feel sorrowful.",sadness
"After thinking about it, Today I feel heartbroken; it is connected to a lonely evening. It has stayed on my mind.",sadness
"To be honest, Right now I am quite pleased.",joy
"I have to admit, Thinking about the sudden gift leaves me in disbelief. That is my honest reaction.",surprise
"At this moment, Honestly, the rude response makes me feel annoyed. I can feel it strongly.",anger
"After thinking about it, I feel so irritated about the rude response. That is my honest reaction.",anger
The way I feel can only be described as warm. That is my honest reaction.,love
"To be honest, I am startled because of the unexpected announcement.",surprise
"To be honest, I keep feeling panicked whenever I remember speaking in public.",fear
"At this moment, The way I feel can only be described as panicked. The feeling is difficult to ignore.",fear
Right now I am quite wonderful. The feeling is difficult to ignore.,joy
"At this moment, The way I feel can only be described as nervous. It has stayed on my mind.",fear
"I have to admit, Honestly, the unnecessary delay makes me feel furious. It has stayed on my mind.",anger
"After thinking about it, The way I feel can only be described as grateful. It has stayed on my mind.",joy
"I have to admit, I feel completely frustrated about the rude response. It has stayed on my mind.",anger
"To be honest, The way I feel can only be described as frustrated. I can feel it strongly.",anger
I am tearful because of losing the opportunity. I can feel it strongly.,sadness
"After thinking about it, I keep feeling terrified whenever I remember the upcoming examination. The feeling is difficult to ignore.",fear
"I have to admit, I am angry because of being ignored. That is my honest reaction.",anger
"After thinking about it, The way I feel can only be described as cross.",anger
"After thinking about it, Right now I am quite down.",sadness
"After thinking about it, I keep feeling grateful whenever I remember my great result. I can feel it strongly.",joy
"I have to admit, I keep feeling shocked whenever I remember the unbelievable result. It has stayed on my mind.",surprise
The way I feel can only be described as angry.,anger
"At this moment, I feel completely scared about the sudden noise. I can feel it strongly.",fear
"At this moment, Today I feel cross; it is connected to being ignored.",anger
"After thinking about it, I feel extremely uneasy about speaking in public. I can feel it strongly.",fear
"At this moment, I feel incredibly afraid about the upcoming examination. The feeling is difficult to ignore.",fear
"After thinking about it, I am surprised because of the surprise visitor. I can feel it strongly.",surprise
Today I feel in disbelief; it is connected to the shocking update. It has stayed on my mind.,surprise
"I have to admit, It is hard to hide how afraid I feel about the risky journey. The feeling is difficult to ignore.",fear
"I have to admit, Today I feel afraid; it is connected to the risky journey. That is my honest reaction.",fear
"At this moment, I am adored because of my closest friend. It has stayed on my mind.",love
"To be honest, I keep feeling fond whenever I remember the person I care about.",love
"After thinking about it, I keep feeling pleased whenever I remember today's good news. It has stayed on my mind.",joy
"To be honest, Right now I am really tender. That is my honest reaction.",love
"After thinking about it, Thinking about our time together leaves me devoted. I can feel it strongly.",love
"At this moment, I feel extremely surprised about the shocking update. The feeling is difficult to ignore.",surprise
"I have to admit, Today I feel scared; it is connected to what might happen tomorrow. It has stayed on my mind.",fear
"After thinking about it, Thinking about the repeated mistake leaves me resentful. It has stayed on my mind.",anger
"To be honest, Honestly, the surprise visitor makes me feel in disbelief. It has stayed on my mind.",surprise
"I have to admit, The way I feel can only be described as warm.",love
"To be honest, Right now I am really optimistic. I can feel it strongly.",joy
"After thinking about it, I feel very mad about the broken promise.",anger
Right now I am extremely caring. The feeling is difficult to ignore.,love
"At this moment, My mood is angry after the unfair decision. It has stayed on my mind.",anger
"After thinking about it, Today I feel surprised; it is connected to the last-minute change.",surprise
"To be honest, My mood is speechless after the last-minute change. It has stayed on my mind.",surprise
"I have to admit, Honestly, today's good news makes me feel pleased. The feeling is difficult to ignore.",joy
"I have to admit, I am surprised because of the last-minute change. It has stayed on my mind.",surprise
"After thinking about it, My mood is startled after the last-minute change. That is my honest reaction.",surprise
"At this moment, Honestly, my great result makes me feel pleased. The feeling is difficult to ignore.",joy
"To be honest, I feel really scared about the uncertain situation.",fear
"After thinking about it, I keep feeling tender whenever I remember the kindness I received.",love
"To be honest, Right now I am deeply nervous. It has stayed on my mind.",fear
I feel extremely close about a thoughtful message. The feeling is difficult to ignore.,love
"After thinking about it, I keep feeling panicked whenever I remember the sudden noise. The feeling is difficult to ignore.",fear
"To be honest, My mood is frightened after the risky journey.",fear
"At this moment, Thinking about what might happen tomorrow leaves me terrified. It has stayed on my mind.",fear
"At this moment, I am panicked because of what might happen tomorrow. I can feel it strongly.",fear
"After thinking about it, Thinking about the kindness I received leaves me adored. That is my honest reaction.",love
"To be honest, Honestly, the unfair decision makes me feel mad. The feeling is difficult to ignore.",anger
"I have to admit, I am sorrowful because of the failed plan. It has stayed on my mind.",sadness
"To be honest, Honestly, the unnecessary delay makes me feel annoyed. That is my honest reaction.",anger
It is hard to hide how pleased I feel about meeting my friends.,joy
"After thinking about it, Right now I am incredibly outraged. That is my honest reaction.",anger
"At this moment, Thinking about the sudden noise leaves me nervous. The feeling is difficult to ignore.",fear
"I have to admit, The way I feel can only be described as frightened.",fear
"At this moment, The way I feel can only be described as disappointed. The feeling is difficult to ignore.",sadness
I am unhappy because of losing the opportunity.,sadness
"At this moment, I feel completely speechless about the last-minute change. That is my honest reaction.",surprise
I keep feeling romantic whenever I remember my family. It has stayed on my mind.,love
"To be honest, Thinking about the rude response leaves me mad.",anger
"To be honest, Thinking about the rude response leaves me mad. It has stayed on my mind.",anger
"After thinking about it, I keep feeling unexpectedly amazed whenever I remember the unexpected announcement. I can feel it strongly.",surprise
"To be honest, I feel deeply sad about missing my friends.",sadness
"At this moment, I keep feeling cross whenever I remember the unfair decision.",anger
"I have to admit, I feel incredibly amazed about the unbelievable result. The feeling is difficult to ignore.",surprise
Right now I am very cross. That is my honest reaction.,anger
"At this moment, I keep feeling affectionate whenever I remember my closest friend. It has stayed on my mind.",love
"At this moment, I keep feeling excited whenever I remember finishing the project.",joy
"To be honest, I am joyful because of meeting my friends. I can feel it strongly.",joy
"To be honest, My mood is optimistic after meeting my friends.",joy
"After thinking about it, I feel really panicked about what might happen tomorrow. It has stayed on my mind.",fear
"To be honest, I keep feeling tender whenever I remember my family.",love
"At this moment, The way I feel can only be described as down. I can feel it strongly.",sadness
"At this moment, I keep feeling furious whenever I remember the unnecessary delay.",anger
It is hard to hide how uneasy I feel about the sudden noise. That is my honest reaction.,fear
"At this moment, Today I feel disappointed; it is connected to a lonely evening.",sadness
"I have to admit, Right now I am really affectionate. That is my honest reaction.",love
"To be honest, I feel completely lonely about the failed plan. That is my honest reaction.",sadness
"After thinking about it, Thinking about the sudden noise leaves me terrified. The feeling is difficult to ignore.",fear
I keep feeling affectionate whenever I remember our time together. The feeling is difficult to ignore.,love
"I have to admit, I am nervous because of the sudden noise. The feeling is difficult to ignore.",fear
"After thinking about it, Thinking about the surprise visitor leaves me amazed. I can feel it strongly.",surprise
My mood is enraged after the broken promise. It has stayed on my mind.,anger
I feel completely close about my closest friend.,love
"After thinking about it, I am cross because of the broken promise. It has stayed on my mind.",anger
Today I feel terrified; it is connected to the sudden noise. It has stayed on my mind.,fear
"At this moment, I feel extremely fearful about the risky journey. It has stayed on my mind.",fear
"After thinking about it, I feel incredibly loving about my closest friend. The feeling is difficult to ignore.",love
"After thinking about it, Honestly, my great result makes me feel delighted.",joy
"After thinking about it, Thinking about the difficult goodbye leaves me gloomy. The feeling is difficult to ignore.",sadness
"I have to admit, Honestly, the unbelievable result makes me feel stunned. I can feel it strongly.",surprise
Right now I am really angry. I can feel it strongly.,anger
"After thinking about it, I am startled because of the sudden gift. That is my honest reaction.",surprise
"After thinking about it, Right now I am incredibly startled.",surprise
"After thinking about it, Right now I am incredibly close.",love
"To be honest, My mood is caring after the person I care about.",love
Right now I am genuinely grateful. It has stayed on my mind.,joy
"To be honest, The way I feel can only be described as sad.",sadness
"At this moment, I am gloomy because of missing my friends.",sadness
"At this moment, I am nervous because of speaking in public. I can feel it strongly.",fear
"After thinking about it, Thinking about the wonderful celebration leaves me grateful. That is my honest reaction.",joy
"To be honest, It is hard to hide how gloomy I feel about the difficult goodbye. I can feel it strongly.",sadness
"To be honest, My mood is pleased after today's good news.",joy
"After thinking about it, The way I feel can only be described as outraged.",anger
"I have to admit, I keep feeling resentful whenever I remember the unfair decision. The feeling is difficult to ignore.",anger
"After thinking about it, I feel quite cheerful about meeting my friends. It has stayed on my mind.",joy
"To be honest, The way I feel can only be described as panicked. The feeling is difficult to ignore.",fear
"To be honest, Right now I am extremely gloomy. That is my honest reaction.",sadness
"To be honest, My mood is pleased after the wonderful celebration.",joy
Today I feel caring; it is connected to the kindness I received. That is my honest reaction.,love
The way I feel can only be described as worried.,fear
"After thinking about it, Honestly, the new opportunity makes me feel cheerful. I can feel it strongly.",joy
"After thinking about it, I keep feeling panicked whenever I remember speaking in public. That is my honest reaction.",fear
"To be honest, Honestly, the upcoming examination makes me feel panicked. That is my honest reaction.",fear
"After thinking about it, My mood is down after losing the opportunity. It has stayed on my mind.",sadness
"To be honest, Today I feel unexpectedly amazed; it is connected to the shocking update. It has stayed on my mind.",surprise
"Honestly, the kindness I received makes me feel affectionate. The feeling is difficult to ignore.",love
"I have to admit, My mood is delighted after today's good news. I can feel it strongly.",joy
Right now I am quite worried. The feeling is difficult to ignore.,fear
"After thinking about it, I feel truly frustrated about the repeated mistake. I can feel it strongly.",anger
I keep feeling pleased whenever I remember today's good news.,joy
"To be honest, Thinking about today's good news leaves me joyful.",joy
"At this moment, It is hard to hide how miserable I feel about losing the opportunity. The feeling is difficult to ignore.",sadness
"At this moment, I keep feeling cross whenever I remember the repeated mistake. It has stayed on my mind.",anger
"I have to admit, Honestly, missing my friends makes me feel disappointed. I can feel it strongly.",sadness
"At this moment, Today I feel irritated; it is connected to being ignored. The feeling is difficult to ignore.",anger
"I have to admit, I keep feeling anxious whenever I remember the sudden noise. It has stayed on my mind.",fear
Right now I am deeply fearful. It has stayed on my mind.,fear
Today I feel scared; it is connected to speaking in public. The feeling is difficult to ignore.,fear
"To be honest, I am surprised because of the shocking update. It has stayed on my mind.",surprise
"To be honest, I feel deeply shocked about the unexpected announcement. The feeling is difficult to ignore.",surprise
"To be honest, My mood is cross after the rude response. I can feel it strongly.",anger
"I have to admit, My mood is irritated after the unfair decision. It has stayed on my mind.",anger
"At this moment, My mood is happy after the wonderful celebration. The feeling is difficult to ignore.",joy
"After thinking about it, Today I feel sad; it is connected to the failed plan. That is my honest reaction.",sadness
"After thinking about it, My mood is mad after the rude response. I can feel it strongly.",anger
Today I feel fearful; it is connected to speaking in public. The feeling is difficult to ignore.,fear
"At this moment, I am resentful because of being ignored. That is my honest reaction.",anger
"After thinking about it, I am cross because of the repeated mistake. I can feel it strongly.",anger
"After thinking about it, It is hard to hide how warm I feel about the kindness I received. I can feel it strongly.",love
"To be honest, I keep feeling mad whenever I remember the repeated mistake. I can feel it strongly.",anger
"I have to admit, I keep feeling down whenever I remember a lonely evening. The feeling is difficult to ignore.",sadness
"At this moment, I am affectionate because of my closest friend. It has stayed on my mind.",love
"After thinking about it, I feel really unexpectedly amazed about the unexpected announcement. It has stayed on my mind.",surprise
"At this moment, Right now I am completely stunned. That is my honest reaction.",surprise
It is hard to hide how enraged I feel about the repeated mistake. The feeling is difficult to ignore.,anger
"To be honest, It is hard to hide how panicked I feel about the sudden noise. It has stayed on my mind.",fear
"To be honest, I keep feeling angry whenever I remember being ignored.",anger
"At this moment, Thinking about the repeated mistake leaves me furious. That is my honest reaction.",anger
"I have to admit, It is hard to hide how affectionate I feel about a thoughtful message. It has stayed on my mind.",love
"After thinking about it, I am scared because of the upcoming examination. It has stayed on my mind.",fear
"To be honest, Honestly, missing my friends makes me feel down. The feeling is difficult to ignore.",sadness
Thinking about a lonely evening leaves me tearful. The feeling is difficult to ignore.,sadness
"After thinking about it, Thinking about meeting my friends leaves me grateful. The feeling is difficult to ignore.",joy
"After thinking about it, The way I feel can only be described as cheerful. The feeling is difficult to ignore.",joy
"After thinking about it, Honestly, a lonely evening makes me feel down. It has stayed on my mind.",sadness
My mood is frustrated after the repeated mistake. I can feel it strongly.,anger
"After thinking about it, Right now I am genuinely afraid. The feeling is difficult to ignore.",fear
"I have to admit, Honestly, today's good news makes me feel excited. I can feel it strongly.",joy
"At this moment, Thinking about the repeated mistake leaves me angry. I can feel it strongly.",anger
"At this moment, Right now I am very happy. It has stayed on my mind.",joy
"After thinking about it, I keep feeling joyful whenever I remember the wonderful celebration. I can feel it strongly.",joy
"After thinking about it, My mood is heartbroken after losing the opportunity. I can feel it strongly.",sadness
My mood is astonished after the shocking update.,surprise
"At this moment, Today I feel irritated; it is connected to the rude response.",anger
It is hard to hide how frustrated I feel about the broken promise. The feeling is difficult to ignore.,anger
"After thinking about it, I am heartbroken because of the difficult goodbye. I can feel it strongly.",sadness
"Honestly, the wonderful celebration makes me feel excited. That is my honest reaction.",joy
"After thinking about it, The way I feel can only be described as cheerful. That is my honest reaction.",joy
I keep feeling surprised whenever I remember the unbelievable result.,surprise
My mood is close after a thoughtful message. It has stayed on my mind.,love
"I have to admit, I keep feeling startled whenever I remember the last-minute change. It has stayed on my mind.",surprise
"At this moment, My mood is angry after the rude response. I can feel it strongly.",anger
"After thinking about it, Today I feel enraged; it is connected to the broken promise.",anger
"After thinking about it, I keep feeling enraged whenever I remember the unnecessary delay.",anger
"To be honest, I keep feeling warm whenever I remember a thoughtful message. That is my honest reaction.",love
"At this moment, Thinking about the unbelievable result leaves me startled. That is my honest reaction.",surprise
"I have to admit, I feel so terrified about speaking in public.",fear
"After thinking about it, I keep feeling in disbelief whenever I remember the shocking update. That is my honest reaction.",surprise
Thinking about the unbelievable result leaves me taken aback. It has stayed on my mind.,surprise
"I have to admit, I am grateful because of the wonderful celebration.",joy
"After thinking about it, Honestly, the last-minute change makes me feel speechless. I can feel it strongly.",surprise
"I have to admit, It is hard to hide how frustrated I feel about being ignored. That is my honest reaction.",anger
"I have to admit, It is hard to hide how heartbroken I feel about missing my friends. I can feel it strongly.",sadness
"At this moment, Thinking about the risky journey leaves me panicked. It has stayed on my mind.",fear
"To be honest, Honestly, the shocking update makes me feel startled. I can feel it strongly.",surprise
"After thinking about it, Honestly, the surprise visitor makes me feel surprised. I can feel it strongly.",surprise
"I have to admit, Thinking about the upcoming examination leaves me fearful. I can feel it strongly.",fear
"After thinking about it, Honestly, the shocking update makes me feel astonished. That is my honest reaction.",surprise
"At this moment, I am shocked because of the unbelievable result. That is my honest reaction.",surprise
"I have to admit, The way I feel can only be described as fond.",love
"I have to admit, Today I feel worried; it is connected to speaking in public. The feeling is difficult to ignore.",fear
"At this moment, I am worried because of speaking in public. The feeling is difficult to ignore.",fear
Right now I am deeply grateful. I can feel it strongly.,joy
I feel quite irritated about the rude response. The feeling is difficult to ignore.,anger
"After thinking about it, My mood is wonderful after the new opportunity.",joy
Today I feel grateful; it is connected to the new opportunity. It has stayed on my mind.,joy
"I have to admit, Today I feel angry; it is connected to the repeated mistake.",anger
It is hard to hide how terrified I feel about the uncertain situation. I can feel it strongly.,fear
"Honestly, the sudden noise makes me feel nervous. It has stayed on my mind.",fear
"At this moment, I feel very surprised about the unbelievable result.",surprise
"At this moment, I am terrified because of the uncertain situation.",fear
"I have to admit, Thinking about the sudden noise leaves me scared. It has stayed on my mind.",fear
"At this moment, It is hard to hide how heartbroken I feel about a lonely evening.",sadness
"I have to admit, It is hard to hide how sad I feel about the difficult goodbye. It has stayed on my mind.",sadness
"At this moment, I am cheerful because of today's good news.",joy
"At this moment, The way I feel can only be described as angry.",anger
"At this moment, I keep feeling annoyed whenever I remember being ignored.",anger
"After thinking about it, Honestly, the difficult goodbye makes me feel gloomy. It has stayed on my mind.",sadness
"At this moment, Thinking about the risky journey leaves me afraid. The feeling is difficult to ignore.",fear
"After thinking about it, I keep feeling lonely whenever I remember the failed plan. The feeling is difficult to ignore.",sadness
"Honestly, the shocking update makes me feel startled. That is my honest reaction.",surprise
"After thinking about it, Right now I am truly terrified. The feeling is difficult to ignore.",fear
"To be honest, I feel incredibly enraged about the broken promise. That is my honest reaction.",anger
"At this moment, I feel truly unexpectedly amazed about the sudden gift.",surprise
"To be honest, The way I feel can only be described as uneasy. I can feel it strongly.",fear
"I have to admit, Honestly, the broken promise makes me feel enraged. I can feel it strongly.",anger
"To be honest, I am enraged because of the rude response. The feeling is difficult to ignore.",anger
"After thinking about it, I keep feeling surprised whenever I remember the sudden gift. It has stayed on my mind.",surprise
"After thinking about it, The way I feel can only be described as miserable. The feeling is difficult to ignore.",sadness
Thinking about the risky journey leaves me uneasy. That is my honest reaction.,fear
"I have to admit, The way I feel can only be described as sad. The feeling is difficult to ignore.",sadness
"To be honest, I feel completely thrilled about my great result. The feeling is difficult to ignore.",joy
"After thinking about it, It is hard to hide how cheerful I feel about today's good news. That is my honest reaction.",joy
Right now I am completely close.,love
It is hard to hide how thrilled I feel about meeting my friends. That is my honest reaction.,joy
"To be honest, My mood is cheerful after the new opportunity. It has stayed on my mind.",joy
"I have to admit, Today I feel unexpectedly amazed; it is connected to the last-minute change.",surprise
"I have to admit, I am astonished because of the unexpected announcement.",surprise
"After thinking about it, My mood is gloomy after the failed plan. I can feel it strongly.",sadness
"Honestly, what might happen tomorrow makes me feel uneasy. I can feel it strongly.",fear
"To be honest, I keep feeling pleased whenever I remember my great result. The feeling is difficult to ignore.",joy
"To be honest, It is hard to hide how cheerful I feel about today's good news. The feeling is difficult to ignore.",joy
"At this moment, My mood is close after my closest friend. That is my honest reaction.",love
"After thinking about it, My mood is unhappy after missing my friends. That is my honest reaction.",sadness
"I have to admit, I keep feeling delighted whenever I remember finishing the project. The feeling is difficult to ignore.",joy
"After thinking about it, The way I feel can only be described as happy. The feeling is difficult to ignore.",joy
"To be honest, Right now I am genuinely happy. It has stayed on my mind.",joy
"At this moment, My mood is amazed after the shocking update. It has stayed on my mind.",surprise
"After thinking about it, The way I feel can only be described as shocked. I can feel it strongly.",surprise
"To be honest, Today I feel frustrated; it is connected to the rude response.",anger
Thinking about finishing the project leaves me cheerful.,joy
"To be honest, Today I feel panicked; it is connected to the sudden noise. The feeling is difficult to ignore.",fear
"I have to admit, I keep feeling enraged whenever I remember the rude response. I can feel it strongly.",anger
"To be honest, Honestly, the unbelievable result makes me feel taken aback. That is my honest reaction.",surprise
"After thinking about it, I am loving because of my closest friend.",love
"After thinking about it, Honestly, the unnecessary delay makes me feel angry. I can feel it strongly.",anger
I keep feeling taken aback whenever I remember the last-minute change. I can feel it strongly.,surprise
"After thinking about it, Right now I am genuinely excited. I can feel it strongly.",joy
"Honestly, the unexpected announcement makes me feel stunned. That is my honest reaction.",surprise
"To be honest, The way I feel can only be described as down. I can feel it strongly.",sadness
"Honestly, the unexpected announcement makes me feel in disbelief. That is my honest reaction.",surprise
"To be honest, Thinking about today's good news leaves me happy. The feeling is difficult to ignore.",joy
I feel very surprised about the surprise visitor. It has stayed on my mind.,surprise
"At this moment, I feel extremely unexpectedly amazed about the last-minute change.",surprise
The way I feel can only be described as joyful.,joy
"After thinking about it, Thinking about our time together leaves me adored.",love
"After thinking about it, Today I feel astonished; it is connected to the unbelievable result. The feeling is difficult to ignore.",surprise
"At this moment, I am anxious because of the sudden noise. It has stayed on my mind.",fear
"I have to admit, I feel extremely heartbroken about the disappointing news. That is my honest reaction.",sadness
"To be honest, Today I feel happy; it is connected to my great result. It has stayed on my mind.",joy
Thinking about meeting my friends leaves me grateful. The feeling is difficult to ignore.,joy
"After thinking about it, Right now I am extremely amazed.",surprise
"After thinking about it, Honestly, the last-minute change makes me feel unexpectedly amazed. It has stayed on my mind.",surprise
"I have to admit, It is hard to hide how stunned I feel about the last-minute change. That is my honest reaction.",surprise
"I have to admit, I am terrified because of the sudden noise. The feeling is difficult to ignore.",fear
"I have to admit, I keep feeling nervous whenever I remember the upcoming examination. It has stayed on my mind.",fear
"After thinking about it, It is hard to hide how happy I feel about the new opportunity. I can feel it strongly.",joy
"At this moment, My mood is gloomy after the difficult goodbye. I can feel it strongly.",sadness
"At this moment, Right now I am really shocked. I can feel it strongly.",surprise
"At this moment, I am gloomy because of the failed plan. I can feel it strongly.",sadness
"At this moment, I am tearful because of the failed plan. That is my honest reaction.",sadness
"After thinking about it, Right now I am quite mad. It has stayed on my mind.",anger
"At this moment, It is hard to hide how worried I feel about what might happen tomorrow.",fear
"I have to admit, I am grateful because of today's good news.",joy
"After thinking about it, Right now I am extremely annoyed. That is my honest reaction.",anger
"I have to admit, I am mad because of the broken promise. I can feel it strongly.",anger
"After thinking about it, I am irritated because of the unnecessary delay. It has stayed on my mind.",anger
"After thinking about it, Today I feel angry; it is connected to the broken promise. It has stayed on my mind.",anger
"To be honest, I am optimistic because of the wonderful celebration. That is my honest reaction.",joy
"To be honest, The way I feel can only be described as mad. I can feel it strongly.",anger
"Honestly, the rude response makes me feel outraged. The feeling is difficult to ignore.",anger
"After thinking about it, Right now I am extremely joyful. That is my honest reaction.",joy
"After thinking about it, It is hard to hide how stunned I feel about the unbelievable result. That is my honest reaction.",surprise
"To be honest, Right now I am deeply sad. The feeling is difficult to ignore.",sadness
"I have to admit, Thinking about the disappointing news leaves me miserable. The feeling is difficult to ignore.",sadness
"I have to admit, Honestly, the last-minute change makes me feel startled. That is my honest reaction.",surprise
"At this moment, I keep feeling in disbelief whenever I remember the unbelievable result. The feeling is difficult to ignore.",surprise
"To be honest, The way I feel can only be described as fearful. It has stayed on my mind.",fear
"To be honest, I am affectionate because of the person I care about.",love
"At this moment, I am startled because of the shocking update. That is my honest reaction.",surprise
"At this moment, Honestly, the sudden noise makes me feel panicked.",fear
Right now I am incredibly furious.,anger
"At this moment, I keep feeling amazed whenever I remember the unbelievable result.",surprise
"I have to admit, It is hard to hide how surprised I feel about the unbelievable result. I can feel it strongly.",surprise
Right now I am genuinely panicked. It has stayed on my mind.,fear
"At this moment, The way I feel can only be described as scared. I can feel it strongly.",fear
"I have to admit, I keep feeling outraged whenever I remember the rude response. It has stayed on my mind.",anger
"After thinking about it, Thinking about a thoughtful message leaves me loving. The feeling is difficult to ignore.",love
"I have to admit, Right now I am very uneasy.",fear
"To be honest, Right now I am extremely excited. I can feel it strongly.",joy
"To be honest, I feel completely stunned about the shocking update. That is my honest reaction.",surprise
"After thinking about it, I feel genuinely afraid about what might happen tomorrow. It has stayed on my mind.",fear
"To be honest, My mood is frightened after the upcoming examination. I can feel it strongly.",fear
"I have to admit, Today I feel taken aback; it is connected to the shocking update. The feeling is difficult to ignore.",surprise
"After thinking about it, I keep feeling pleased whenever I remember meeting my friends. That is my honest reaction.",joy
"At this moment, Thinking about the wonderful celebration leaves me joyful. I can feel it strongly.",joy
"To be honest, Today I feel disappointed; it is connected to the difficult goodbye. The feeling is difficult to ignore.",sadness
"At this moment, Today I feel pleased; it is connected to today's good news. The feeling is difficult to ignore.",joy
"At this moment, My mood is excited after finishing the project. The feeling is difficult to ignore.",joy
I feel incredibly heartbroken about missing my friends. The feeling is difficult to ignore.,sadness
"At this moment, Today I feel enraged; it is connected to the unnecessary delay. The feeling is difficult to ignore.",anger
"I have to admit, My mood is amazed after the surprise visitor. That is my honest reaction.",surprise
"After thinking about it, I feel extremely disappointed about losing the opportunity.",sadness
"To be honest, I am romantic because of a thoughtful message.",love
Today I feel wonderful; it is connected to today's good news. I can feel it strongly.,joy
"At this moment, My mood is grateful after finishing the project.",joy
"After thinking about it, Thinking about meeting my friends leaves me happy. I can feel it strongly.",joy
I am romantic because of my closest friend. The feeling is difficult to ignore.,love
"I have to admit, Honestly, today's good news makes me feel grateful.",joy
"At this moment, The way I feel can only be described as cross.",anger
"After thinking about it, The way I feel can only be described as irritated. The feeling is difficult to ignore.",anger
I feel quite adored about the kindness I received. I can feel it strongly.,love
"To be honest, I keep feeling surprised whenever I remember the unbelievable result. That is my honest reaction.",surprise
Today I feel sad; it is connected to a lonely evening. That is my honest reaction.,sadness
"To be honest, It is hard to hide how grateful I feel about meeting my friends. I can feel it strongly.",joy
"After thinking about it, Thinking about my great result leaves me happy. The feeling is difficult to ignore.",joy
"To be honest, The way I feel can only be described as romantic. The feeling is difficult to ignore.",love
I keep feeling devoted whenever I remember our time together.,love
"At this moment, Thinking about the kindness I received leaves me caring. That is my honest reaction.",love
It is hard to hide how taken aback I feel about the sudden gift. It has stayed on my mind.,surprise
"To be honest, Thinking about the kindness I received leaves me devoted. The feeling is difficult to ignore.",love
"I have to admit, It is hard to hide how angry I feel about the rude response. I can feel it strongly.",anger
"At this moment, My mood is pleased after meeting my friends. I can feel it strongly.",joy
My mood is disappointed after the disappointing news.,sadness
"At this moment, My mood is romantic after our time together. That is my honest reaction.",love
Right now I am completely gloomy.,sadness
"At this moment, Today I feel outraged; it is connected to the unnecessary delay. I can feel it strongly.",anger
"To be honest, Today I feel disappointed; it is connected to losing the opportunity. The feeling is difficult to ignore.",sadness
Right now I am quite frustrated. I can feel it strongly.,anger
"After thinking about it, It is hard to hide how adored I feel about the person I care about.",love
"To be honest, I keep feeling sad whenever I remember losing the opportunity. The feeling is difficult to ignore.",sadness
It is hard to hide how angry I feel about the unfair decision. The feeling is difficult to ignore.,anger
"After thinking about it, I feel so lonely about the difficult goodbye.",sadness
"After thinking about it, My mood is irritated after being ignored. I can feel it strongly.",anger
I am resentful because of the rude response. The feeling is difficult to ignore.,anger
"At this moment, I keep feeling worried whenever I remember the upcoming examination. That is my honest reaction.",fear
"To be honest, My mood is surprised after the unexpected announcement. The feeling is difficult to ignore.",surprise
"I have to admit, Honestly, the uncertain situation makes me feel worried. It has stayed on my mind.",fear
"At this moment, Today I feel pleased; it is connected to meeting my friends. The feeling is difficult to ignore.",joy
"To be honest, I feel incredibly loving about my family. I can feel it strongly.",love
"After thinking about it, Today I feel irritated; it is connected to the repeated mistake. That is my honest reaction.",anger
"I have to admit, Honestly, my family makes me feel fond.",love
The way I feel can only be described as nervous. The feeling is difficult to ignore.,fear
"I have to admit, Thinking about the repeated mistake leaves me resentful.",anger
"After thinking about it, Right now I am very nervous. The feeling is difficult to ignore.",fear
"To be honest, Right now I am extremely lonely.",sadness
"At this moment, Thinking about a lonely evening leaves me sorrowful. I can feel it strongly.",sadness
"After thinking about it, Thinking about the sudden gift leaves me speechless.",surprise
"I have to admit, I am adored because of the kindness I received. The feeling is difficult to ignore.",love
I am irritated because of being ignored.,anger
"At this moment, I keep feeling startled whenever I remember the unbelievable result. That is my honest reaction.",surprise
"To be honest, I keep feeling fearful whenever I remember the sudden noise. I can feel it strongly.",fear
I am resentful because of the broken promise. That is my honest reaction.,anger
"To be honest, Honestly, the failed plan makes me feel down. It has stayed on my mind.",sadness
"After thinking about it, Today I feel delighted; it is connected to meeting my friends. It has stayed on my mind.",joy
"After thinking about it, It is hard to hide how taken aback I feel about the unbelievable result. I can feel it strongly.",surprise
"To be honest, I feel very outraged about the repeated mistake. That is my honest reaction.",anger
I keep feeling close whenever I remember our time together.,love
"To be honest, The way I feel can only be described as affectionate. That is my honest reaction.",love
"I have to admit, I am cross because of the repeated mistake. That is my honest reaction.",anger
I am taken aback because of the unexpected announcement. I can feel it strongly.,surprise
"After thinking about it, My mood is optimistic after the new opportunity. I can feel it strongly.",joy
I feel genuinely uneasy about the risky journey.,fear
"At this moment, Honestly, the uncertain situation makes me feel anxious.",fear
"At this moment, Today I feel irritated; it is connected to the broken promise. That is my honest reaction.",anger
"At this moment, Honestly, the unbelievable result makes me feel unexpectedly amazed. That is my honest reaction.",surprise
My mood is mad after being ignored. I can feel it strongly.,anger
I keep feeling astonished whenever I remember the shocking update. The feeling is difficult to ignore.,surprise
"At this moment, Thinking about the last-minute change leaves me amazed. That is my honest reaction.",surprise
"I have to admit, My mood is sad after a lonely evening.",sadness
"After thinking about it, Right now I am genuinely surprised. That is my honest reaction.",surprise
"After thinking about it, The way I feel can only be described as anxious.",fear
"After thinking about it, I keep feeling adored whenever I remember my closest friend. The feeling is difficult to ignore.",love
"To be honest, The way I feel can only be described as romantic.",love
Thinking about the risky journey leaves me terrified. That is my honest reaction.,fear
"After thinking about it, It is hard to hide how adored I feel about our time together. That is my honest reaction.",love
"I have to admit, Right now I am very resentful. That is my honest reaction.",anger
"To be honest, I keep feeling cheerful whenever I remember today's good news.",joy
"I have to admit, Today I feel heartbroken; it is connected to the failed plan. It has stayed on my mind.",sadness
"After thinking about it, I feel very caring about the kindness I received.",love
"To be honest, Thinking about our time together leaves me tender. I can feel it strongly.",love
"To be honest, Honestly, the last-minute change makes me feel stunned. The feeling is difficult to ignore.",surprise
"At this moment, I am unexpectedly amazed because of the surprise visitor. I can feel it strongly.",surprise
I feel genuinely cross about the unnecessary delay. It has stayed on my mind.,anger
"After thinking about it, Thinking about the last-minute change leaves me stunned. That is my honest reaction.",surprise
"I have to admit, My mood is panicked after the sudden noise. It has stayed on my mind.",fear
"At this moment, Right now I am very tearful. The feeling is difficult to ignore.",sadness
"At this moment, I keep feeling joyful whenever I remember the wonderful celebration. The feeling is difficult to ignore.",joy
"At this moment, Thinking about the new opportunity leaves me joyful. It has stayed on my mind.",joy
Right now I am quite optimistic. That is my honest reaction.,joy
"After thinking about it, I keep feeling affectionate whenever I remember a thoughtful message.",love
"I have to admit, I keep feeling happy whenever I remember meeting my friends. It has stayed on my mind.",joy
"After thinking about it, Today I feel cross; it is connected to being ignored. The feeling is difficult to ignore.",anger
"Honestly, the difficult goodbye makes me feel disappointed. That is my honest reaction.",sadness
"After thinking about it, I feel really annoyed about the unnecessary delay. I can feel it strongly.",anger
"I have to admit, The way I feel can only be described as frightened. That is my honest reaction.",fear
Thinking about missing my friends leaves me unhappy. It has stayed on my mind.,sadness
"To be honest, I am nervous because of the risky journey. That is my honest reaction.",fear
"After thinking about it, It is hard to hide how unexpectedly amazed I feel about the sudden gift. It has stayed on my mind.",surprise
"After thinking about it, It is hard to hide how mad I feel about the unfair decision. The feeling is difficult to ignore.",anger
"I have to admit, The way I feel can only be described as down.",sadness
"To be honest, Right now I am genuinely close.",love
Thinking about the sudden gift leaves me stunned. It has stayed on my mind.,surprise
"I have to admit, Right now I am so annoyed. That is my honest reaction.",anger
"I have to admit, I keep feeling romantic whenever I remember the person I care about.",love
"I have to admit, Today I feel panicked; it is connected to speaking in public. The feeling is difficult to ignore.",fear
The way I feel can only be described as startled. I can feel it strongly.,surprise
"I have to admit, It is hard to hide how disappointed I feel about a lonely evening. That is my honest reaction.",sadness
I keep feeling unexpectedly amazed whenever I remember the sudden gift. The feeling is difficult to ignore.,surprise
"I have to admit, Today I feel unhappy; it is connected to the disappointing news. I can feel it strongly.",sadness
Right now I am really grateful. It has stayed on my mind.,joy
I feel extremely close about my closest friend. I can feel it strongly.,love
My mood is affectionate after my family. That is my honest reaction.,love
"To be honest, The way I feel can only be described as cross. It has stayed on my mind.",anger
"I have to admit, It is hard to hide how astonished I feel about the shocking update.",surprise
"After thinking about it, It is hard to hide how scared I feel about the sudden noise. It has stayed on my mind.",fear
The way I feel can only be described as mad.,anger
Thinking about the shocking update leaves me shocked.,surprise
"After thinking about it, Today I feel surprised; it is connected to the unbelievable result. It has stayed on my mind.",surprise
Right now I am so delighted. The feeling is difficult to ignore.,joy
"After thinking about it, I keep feeling astonished whenever I remember the sudden gift. It has stayed on my mind.",surprise
"To be honest, My mood is in disbelief after the surprise visitor. It has stayed on my mind.",surprise
"At this moment, I feel truly annoyed about being ignored. It has stayed on my mind.",anger
Thinking about the repeated mistake leaves me annoyed.,anger
"I have to admit, My mood is affectionate after our time together. The feeling is difficult to ignore.",love
"At this moment, I am resentful because of the unfair decision. I can feel it strongly.",anger
I feel quite resentful about the broken promise. The feeling is difficult to ignore.,anger
"At this moment, I am warm because of our time together.",love
"To be honest, Thinking about meeting my friends leaves me wonderful. The feeling is difficult to ignore.",joy
"I have to admit, Right now I am quite warm.",love
"I have to admit, Right now I am truly fearful. The feeling is difficult to ignore.",fear
"At this moment, I keep feeling excited whenever I remember the new opportunity. The feeling is difficult to ignore.",joy
"Honestly, the kindness I received makes me feel devoted. That is my honest reaction.",love
"After thinking about it, My mood is adored after our time together. It has stayed on my mind.",love
I am unexpectedly amazed because of the sudden gift.,surprise
"At this moment, My mood is fond after a thoughtful message. It has stayed on my mind.",love
"To be honest, Thinking about a lonely evening leaves me sad. The feeling is difficult to ignore.",sadness
I keep feeling cheerful whenever I remember the new opportunity.,joy
"Honestly, my family makes me feel adored. It has stayed on my mind.",love
"I have to admit, Today I feel astonished; it is connected to the surprise visitor.",surprise
"At this moment, I am unexpectedly amazed because of the surprise visitor. It has stayed on my mind.",surprise
"I have to admit, Honestly, finishing the project makes me feel cheerful. The feeling is difficult to ignore.",joy
"After thinking about it, Thinking about today's good news leaves me delighted. I can feel it strongly.",joy
"After thinking about it, Honestly, my family makes me feel loving. It has stayed on my mind.",love
"At this moment, Today I feel mad; it is connected to being ignored. The feeling is difficult to ignore.",anger
"I have to admit, My mood is optimistic after meeting my friends. That is my honest reaction.",joy
It is hard to hide how panicked I feel about the uncertain situation. That is my honest reaction.,fear
"I have to admit, Honestly, the person I care about makes me feel romantic. I can feel it strongly.",love
"To be honest, Thinking about the unnecessary delay leaves me resentful. That is my honest reaction.",anger
"I have to admit, It is hard to hide how disappointed I feel about the failed plan. The feeling is difficult to ignore.",sadness
"I have to admit, Honestly, today's good news makes me feel joyful. I can feel it strongly.",joy
"After thinking about it, It is hard to hide how close I feel about my closest friend. I can feel it strongly.",love
"At this moment, I am resentful because of the unnecessary delay. That is my honest reaction.",anger
"After thinking about it, I keep feeling tearful whenever I remember losing the opportunity.",sadness
"After thinking about it, It is hard to hide how enraged I feel about the unnecessary delay.",anger
"To be honest, Honestly, what might happen tomorrow makes me feel worried. I can feel it strongly.",fear
"I have to admit, I feel incredibly tender about my family. It has stayed on my mind.",love
"To be honest, Thinking about the uncertain situation leaves me fearful. The feeling is difficult to ignore.",fear
"At this moment, Right now I am very unhappy. That is my honest reaction.",sadness
"After thinking about it, I am anxious because of speaking in public. It has stayed on my mind.",fear
"To be honest, My mood is unexpectedly amazed after the shocking update.",surprise
"After thinking about it, I keep feeling shocked whenever I remember the unbelievable result. It has stayed on my mind.",surprise
Right now I am extremely speechless. I can feel it strongly.,surprise
My mood is frightened after the sudden noise. I can feel it strongly.,fear
"After thinking about it, I feel completely panicked about the sudden noise. The feeling is difficult to ignore.",fear
"I have to admit, I feel really warm about my family. I can feel it strongly.",love
"At this moment, Right now I am incredibly fearful. I can feel it strongly.",fear
"After thinking about it, I feel deeply heartbroken about losing the opportunity. The feeling is difficult to ignore.",sadness
"After thinking about it, Honestly, a lonely evening makes me feel sorrowful. The feeling is difficult to ignore.",sadness
"At this moment, Honestly, the repeated mistake makes me feel enraged. The feeling is difficult to ignore.",anger
"After thinking about it, The way I feel can only be described as nervous. The feeling is difficult to ignore.",fear
Today I feel resentful; it is connected to the rude response. I can feel it strongly.,anger
I keep feeling caring whenever I remember my family. It has stayed on my mind.,love
"I have to admit, Today I feel resentful; it is connected to the unnecessary delay. I can feel it strongly.",anger
"At this moment, The way I feel can only be described as sad.",sadness
My mood is resentful after the rude response. It has stayed on my mind.,anger
The way I feel can only be described as romantic. I can feel it strongly.,love
I feel incredibly scared about what might happen tomorrow. I can feel it strongly.,fear
"At this moment, Thinking about a lonely evening leaves me tearful. It has stayed on my mind.",sadness
"To be honest, Honestly, the rude response makes me feel mad. It has stayed on my mind.",anger
"To be honest, I keep feeling excited whenever I remember meeting my friends. The feeling is difficult to ignore.",joy
"To be honest, I keep feeling nervous whenever I remember the risky journey. It has stayed on my mind.",fear
"At this moment, Today I feel cheerful; it is connected to my great result. It has stayed on my mind.",joy
"At this moment, Thinking about what might happen tomorrow leaves me panicked. It has stayed on my mind.",fear
"At this moment, I am in disbelief because of the unexpected announcement. That is my honest reaction.",surprise
"After thinking about it, I keep feeling delighted whenever I remember the wonderful celebration.",joy
"After thinking about it, I feel deeply fond about the person I care about.",love
"After thinking about it, The way I feel can only be described as scared. I can feel it strongly.",fear
"At this moment, I am startled because of the unexpected announcement. The feeling is difficult to ignore.",surprise
"At this moment, My mood is joyful after the wonderful celebration. I can feel it strongly.",joy
"Honestly, our time together makes me feel warm. I can feel it strongly.",love
"At this moment, The way I feel can only be described as tender. The feeling is difficult to ignore.",love
"After thinking about it, It is hard to hide how grateful I feel about my great result. The feeling is difficult to ignore.",joy
"At this moment, I feel so frightened about speaking in public. That is my honest reaction.",fear
My mood is pleased after the new opportunity. I can feel it strongly.,joy
"I have to admit, Honestly, the risky journey makes me feel nervous.",fear
"To be honest, Right now I am incredibly frightened. It has stayed on my mind.",fear
"At this moment, I am wonderful because of finishing the project.",joy
Right now I am very down. I can feel it strongly.,sadness
"After thinking about it, Honestly, the rude response makes me feel furious. It has stayed on my mind.",anger
"At this moment, Today I feel taken aback; it is connected to the sudden gift. I can feel it strongly.",surprise
"At this moment, Right now I am incredibly enraged. I can feel it strongly.",anger
"After thinking about it, The way I feel can only be described as enraged. That is my honest reaction.",anger
"After thinking about it, Thinking about a lonely evening leaves me heartbroken. That is my honest reaction.",sadness
"To be honest, Right now I am quite irritated. That is my honest reaction.",anger
"After thinking about it, Thinking about losing the opportunity leaves me disappointed. I can feel it strongly.",sadness
"After thinking about it, The way I feel can only be described as adored. I can feel it strongly.",love
"At this moment, It is hard to hide how taken aback I feel about the unbelievable result.",surprise
"I have to admit, Honestly, my great result makes me feel grateful.",joy
"To be honest, I am thrilled because of the wonderful celebration. It has stayed on my mind.",joy
"After thinking about it, I am cheerful because of finishing the project. I can feel it strongly.",joy
I keep feeling panicked whenever I remember speaking in public.,fear
"To be honest, Thinking about the kindness I received leaves me close. The feeling is difficult to ignore.",love
"I have to admit, I am unexpectedly amazed because of the last-minute change. The feeling is difficult to ignore.",surprise
"To be honest, I am fond because of a thoughtful message.",love
"I have to admit, I am cheerful because of finishing the project. I can feel it strongly.",joy
"To be honest, I feel completely miserable about the difficult goodbye.",sadness
"I have to admit, I keep feeling lonely whenever I remember missing my friends. The feeling is difficult to ignore.",sadness
I keep feeling unexpectedly amazed whenever I remember the shocking update.,surprise
"To be honest, I keep feeling mad whenever I remember the unfair decision.",anger
"I have to admit, The way I feel can only be described as lonely. It has stayed on my mind.",sadness
"To be honest, Today I feel fearful; it is connected to what might happen tomorrow. The feeling is difficult to ignore.",fear
"At this moment, I am wonderful because of the new opportunity. It has stayed on my mind.",joy
"At this moment, I keep feeling surprised whenever I remember the sudden gift. The feeling is difficult to ignore.",surprise
"At this moment, It is hard to hide how shocked I feel about the surprise visitor. That is my honest reaction.",surprise
"I have to admit, Thinking about today's good news leaves me grateful. That is my honest reaction.",joy
"After thinking about it, Today I feel resentful; it is connected to the unnecessary delay. I can feel it strongly.",anger
"At this moment, My mood is disappointed after losing the opportunity. It has stayed on my mind.",sadness
"At this moment, I feel really wonderful about finishing the project. It has stayed on my mind.",joy
"To be honest, Right now I am incredibly frightened. That is my honest reaction.",fear
"To be honest, I keep feeling adored whenever I remember my closest friend. The feeling is difficult to ignore.",love
"Honestly, the unnecessary delay makes me feel mad. The feeling is difficult to ignore.",anger
"At this moment, My mood is thrilled after the new opportunity.",joy
"At this moment, I feel deeply terrified about the uncertain situation. I can feel it strongly.",fear
"After thinking about it, Honestly, a lonely evening makes me feel heartbroken.",sadness
"After thinking about it, Right now I am deeply outraged. I can feel it strongly.",anger
Thinking about the new opportunity leaves me delighted. The feeling is difficult to ignore.,joy
"To be honest, It is hard to hide how furious I feel about the unnecessary delay. That is my honest reaction.",anger
"To be honest, Today I feel fond; it is connected to my closest friend. It has stayed on my mind.",love
"I have to admit, Honestly, the sudden noise makes me feel terrified. The feeling is difficult to ignore.",fear
Today I feel annoyed; it is connected to the repeated mistake. That is my honest reaction.,anger
"After thinking about it, I feel really surprised about the surprise visitor. I can feel it strongly.",surprise
"At this moment, My mood is fearful after what might happen tomorrow. The feeling is difficult to ignore.",fear
"To be honest, Thinking about the uncertain situation leaves me scared. I can feel it strongly.",fear
"To be honest, The way I feel can only be described as sorrowful. The feeling is difficult to ignore.",sadness
I keep feeling grateful whenever I remember my great result. The feeling is difficult to ignore.,joy
"To be honest, Right now I am completely gloomy. That is my honest reaction.",sadness
"To be honest, The way I feel can only be described as adored. That is my honest reaction.",love
"To be honest, Today I feel unexpectedly amazed; it is connected to the last-minute change. The feeling is difficult to ignore.",surprise
"After thinking about it, It is hard to hide how fond I feel about the person I care about. It has stayed on my mind.",love
"After thinking about it, Today I feel panicked; it is connected to the risky journey.",fear
"After thinking about it, Thinking about the surprise visitor leaves me amazed. The feeling is difficult to ignore.",surprise
"I have to admit, Right now I am so angry.",anger
"At this moment, My mood is angry after being ignored. That is my honest reaction.",anger
It is hard to hide how afraid I feel about the uncertain situation. It has stayed on my mind.,fear
"To be honest, My mood is adored after the kindness I received. That is my honest reaction.",love
It is hard to hide how nervous I feel about what might happen tomorrow. I can feel it strongly.,fear
"After thinking about it, Thinking about a thoughtful message leaves me romantic. The feeling is difficult to ignore.",love
"I have to admit, My mood is warm after the person I care about. That is my honest reaction.",love
"To be honest, I feel quite devoted about my closest friend. The feeling is difficult to ignore.",love
"After thinking about it, It is hard to hide how pleased I feel about the wonderful celebration.",joy
"At this moment, Right now I am so scared. The feeling is difficult to ignore.",fear
"I have to admit, Right now I am very loving. That is my honest reaction.",love
"After thinking about it, I keep feeling affectionate whenever I remember my family.",love
"To be honest, Honestly, the surprise visitor makes me feel amazed. It has stayed on my mind.",surprise
"To be honest, I keep feeling miserable whenever I remember the failed plan. It has stayed on my mind.",sadness
My mood is tearful after the disappointing news.,sadness
"At this moment, Honestly, missing my friends makes me feel sorrowful. I can feel it strongly.",sadness
"I have to admit, I keep feeling startled whenever I remember the shocking update. It has stayed on my mind.",surprise
"To be honest, The way I feel can only be described as disappointed. That is my honest reaction.",sadness
"At this moment, The way I feel can only be described as loving. The feeling is difficult to ignore.",love
"After thinking about it, I feel deeply speechless about the unexpected announcement. It has stayed on my mind.",surprise
"I have to admit, Thinking about a lonely evening leaves me lonely. It has stayed on my mind.",sadness
"After thinking about it, I am lonely because of the difficult goodbye.",sadness
"To be honest, Right now I am completely wonderful. It has stayed on my mind.",joy
"To be honest, I feel so loving about a thoughtful message. It has stayed on my mind.",love
"To be honest, I am optimistic because of finishing the project.",joy
"To be honest, I keep feeling cheerful whenever I remember the new opportunity. The feeling is difficult to ignore.",joy
"To be honest, My mood is sad after losing the opportunity. It has stayed on my mind.",sadness
"At this moment, Today I feel furious; it is connected to being ignored. I can feel it strongly.",anger
Today I feel happy; it is connected to finishing the project. The feeling is difficult to ignore.,joy
"To be honest, The way I feel can only be described as joyful. I can feel it strongly.",joy
"At this moment, It is hard to hide how unhappy I feel about a lonely evening. I can feel it strongly.",sadness
"At this moment, My mood is stunned after the shocking update.",surprise
"I have to admit, Today I feel frightened; it is connected to the sudden noise. I can feel it strongly.",fear
"Honestly, the uncertain situation makes me feel panicked. I can feel it strongly.",fear
"To be honest, I feel extremely romantic about the kindness I received. The feeling is difficult to ignore.",love
"I have to admit, I keep feeling panicked whenever I remember the upcoming examination. That is my honest reaction.",fear
"To be honest, I am joyful because of the new opportunity. It has stayed on my mind.",joy
"To be honest, Right now I am very shocked. The feeling is difficult to ignore.",surprise
"After thinking about it, I keep feeling miserable whenever I remember missing my friends. It has stayed on my mind.",sadness
"After thinking about it, I keep feeling sorrowful whenever I remember the disappointing news.",sadness
"I have to admit, My mood is fond after a thoughtful message. I can feel it strongly.",love
"At this moment, Thinking about the unbelievable result leaves me in disbelief.",surprise
"At this moment, I feel really enraged about the unnecessary delay. It has stayed on my mind.",anger
"To be honest, Today I feel happy; it is connected to finishing the project. I can feel it strongly.",joy
"To be honest, Honestly, meeting my friends makes me feel cheerful.",joy
"At this moment, Today I feel uneasy; it is connected to the upcoming examination.",fear
"To be honest, My mood is sorrowful after missing my friends.",sadness
"At this moment, It is hard to hide how anxious I feel about speaking in public. That is my honest reaction.",fear
Right now I am deeply frightened. That is my honest reaction.,fear
"At this moment, I am loving because of the person I care about.",love
"To be honest, Right now I am very thrilled.",joy
I keep feeling furious whenever I remember the unfair decision. It has stayed on my mind.,anger
"At this moment, Right now I am completely pleased. That is my honest reaction.",joy
Thinking about today's good news leaves me happy. It has stayed on my mind.,joy
It is hard to hide how grateful I feel about the new opportunity. I can feel it strongly.,joy
"I have to admit, I feel really loving about the person I care about. That is my honest reaction.",love
"At this moment, It is hard to hide how happy I feel about finishing the project.",joy
Right now I am extremely uneasy. The feeling is difficult to ignore.,fear
"I have to admit, Honestly, the unexpected announcement makes me feel startled.",surprise
"I have to admit, Today I feel outraged; it is connected to the repeated mistake. That is my honest reaction.",anger
"After thinking about it, I keep feeling fearful whenever I remember the upcoming examination. The feeling is difficult to ignore.",fear
"I have to admit, I keep feeling outraged whenever I remember the unfair decision. The feeling is difficult to ignore.",anger
I keep feeling optimistic whenever I remember finishing the project. That is my honest reaction.,joy
"I have to admit, I feel deeply worried about the risky journey. I can feel it strongly.",fear
"At this moment, Today I feel angry; it is connected to the repeated mistake. It has stayed on my mind.",anger
The way I feel can only be described as startled. The feeling is difficult to ignore.,surprise
"At this moment, I am afraid because of the sudden noise. That is my honest reaction.",fear
"I have to admit, Today I feel excited; it is connected to meeting my friends. The feeling is difficult to ignore.",joy
"At this moment, Today I feel scared; it is connected to what might happen tomorrow. It has stayed on my mind.",fear
"At this moment, It is hard to hide how annoyed I feel about the repeated mistake. It has stayed on my mind.",anger
"To be honest, Honestly, losing the opportunity makes me feel tearful. The feeling is difficult to ignore.",sadness
"At this moment, Honestly, the sudden gift makes me feel astonished.",surprise
"To be honest, Thinking about the unnecessary delay leaves me annoyed. It has stayed on my mind.",anger
"After thinking about it, I keep feeling thrilled whenever I remember meeting my friends. That is my honest reaction.",joy
"I have to admit, Today I feel excited; it is connected to meeting my friends. That is my honest reaction.",joy
"After thinking about it, Today I feel gloomy; it is connected to the disappointing news. It has stayed on my mind.",sadness
"At this moment, It is hard to hide how disappointed I feel about the disappointing news.",sadness
"I have to admit, Right now I am completely warm. I can feel it strongly.",love
"To be honest, Right now I am incredibly tearful. The feeling is difficult to ignore.",sadness
I am devoted because of a thoughtful message.,love
"To be honest, I am sad because of the disappointing news. I can feel it strongly.",sadness
"At this moment, Today I feel tearful; it is connected to the failed plan. The feeling is difficult to ignore.",sadness
"I have to admit, Today I feel surprised; it is connected to the last-minute change. The feeling is difficult to ignore.",surprise
"At this moment, The way I feel can only be described as delighted. That is my honest reaction.",joy
"At this moment, Today I feel anxious; it is connected to what might happen tomorrow. The feeling is difficult to ignore.",fear
"At this moment, Thinking about the person I care about leaves me close.",love
"At this moment, It is hard to hide how speechless I feel about the last-minute change. The feeling is difficult to ignore.",surprise
"I have to admit, I feel deeply adored about the person I care about.",love
"To be honest, It is hard to hide how unhappy I feel about a lonely evening. The feeling is difficult to ignore.",sadness
Right now I am extremely stunned.,surprise
"To be honest, It is hard to hide how cheerful I feel about meeting my friends. It has stayed on my mind.",joy
"To be honest, My mood is nervous after the uncertain situation. It has stayed on my mind.",fear
"At this moment, Right now I am deeply lonely. That is my honest reaction.",sadness
I feel quite heartbroken about the disappointing news. The feeling is difficult to ignore.,sadness
It is hard to hide how startled I feel about the surprise visitor.,surprise
"After thinking about it, Thinking about the sudden noise leaves me fearful.",fear
"At this moment, Right now I am quite nervous. It has stayed on my mind.",fear
"At this moment, It is hard to hide how outraged I feel about the unfair decision. It has stayed on my mind.",anger
"After thinking about it, It is hard to hide how fearful I feel about speaking in public. I can feel it strongly.",fear
"After thinking about it, The way I feel can only be described as loving. The feeling is difficult to ignore.",love
"I have to admit, My mood is shocked after the sudden gift.",surprise
"I have to admit, I am nervous because of the upcoming examination. The feeling is difficult to ignore.",fear
"To be honest, I feel very shocked about the last-minute change. That is my honest reaction.",surprise
"I have to admit, My mood is lonely after the failed plan. That is my honest reaction.",sadness
"To be honest, Today I feel cheerful; it is connected to the new opportunity. I can feel it strongly.",joy
"To be honest, I am optimistic because of my great result.",joy
"After thinking about it, Right now I am so adored. That is my honest reaction.",love
"At this moment, Honestly, the sudden noise makes me feel terrified. The feeling is difficult to ignore.",fear
My mood is affectionate after my family. I can feel it strongly.,love
"At this moment, My mood is joyful after finishing the project. It has stayed on my mind.",joy
"After thinking about it, I keep feeling speechless whenever I remember the unexpected announcement.",surprise
"To be honest, Today I feel lonely; it is connected to the difficult goodbye. That is my honest reaction.",sadness
"After thinking about it, The way I feel can only be described as loving. I can feel it strongly.",love
"I have to admit, My mood is sad after the disappointing news. It has stayed on my mind.",sadness
"To be honest, Today I feel anxious; it is connected to the sudden noise. That is my honest reaction.",fear
"To be honest, I am thrilled because of finishing the project. That is my honest reaction.",joy
"At this moment, Thinking about a lonely evening leaves me gloomy. The feeling is difficult to ignore.",sadness
"To be honest, I feel very delighted about meeting my friends.",joy
Right now I am so thrilled. The feeling is difficult to ignore.,joy
"After thinking about it, I am frightened because of speaking in public. It has stayed on my mind.",fear
"At this moment, I keep feeling loving whenever I remember our time together.",love
"I have to admit, Today I feel warm; it is connected to my closest friend. It has stayed on my mind.",love
"After thinking about it, Right now I am completely afraid. The feeling is difficult to ignore.",fear
"At this moment, Thinking about a thoughtful message leaves me devoted. That is my honest reaction.",love
"At this moment, My mood is fearful after the sudden noise. That is my honest reaction.",fear
"I have to admit, I feel genuinely romantic about a thoughtful message. It has stayed on my mind.",love
"I have to admit, Today I feel furious; it is connected to the rude response. It has stayed on my mind.",anger
"After thinking about it, The way I feel can only be described as tender. It has stayed on my mind.",love
"After thinking about it, Honestly, the sudden noise makes me feel worried.",fear
"I have to admit, The way I feel can only be described as afraid. It has stayed on my mind.",fear
Thinking about the person I care about leaves me close. The feeling is difficult to ignore.,love
Today I feel down; it is connected to losing the opportunity. That is my honest reaction.,sadness
"To be honest, It is hard to hide how close I feel about the person I care about. That is my honest reaction.",love
"Honestly, finishing the project makes me feel thrilled. That is my honest reaction.",joy
"At this moment, My mood is cheerful after the new opportunity. I can feel it strongly.",joy
"To be honest, Today I feel unhappy; it is connected to the difficult goodbye. The feeling is difficult to ignore.",sadness
"After thinking about it, I feel really frustrated about the broken promise. The feeling is difficult to ignore.",anger
"I have to admit, Thinking about our time together leaves me affectionate.",love
"At this moment, I keep feeling cheerful whenever I remember the new opportunity. That is my honest reaction.",joy
"To be honest, Today I feel speechless; it is connected to the surprise visitor. The feeling is difficult to ignore.",surprise
"At this moment, I feel very annoyed about the unfair decision.",anger
"After thinking about it, It is hard to hide how heartbroken I feel about losing the opportunity. The feeling is difficult to ignore.",sadness
"I have to admit, My mood is unexpectedly amazed after the unbelievable result.",surprise
"To be honest, I am down because of the failed plan. That is my honest reaction.",sadness
"After thinking about it, Thinking about the uncertain situation leaves me scared. It has stayed on my mind.",fear
"After thinking about it, My mood is wonderful after finishing the project. The feeling is difficult to ignore.",joy
"To be honest, My mood is nervous after the uncertain situation. I can feel it strongly.",fear
"Honestly, a thoughtful message makes me feel warm.",love
"To be honest, I feel quite cheerful about the wonderful celebration. It has stayed on my mind.",joy
"I have to admit, Right now I am truly startled.",surprise
I am surprised because of the surprise visitor. The feeling is difficult to ignore.,surprise
"At this moment, The way I feel can only be described as wonderful. I can feel it strongly.",joy
"At this moment, I am terrified because of the sudden noise. The feeling is difficult to ignore.",fear
"At this moment, Today I feel sad; it is connected to the disappointing news.",sadness
"I have to admit, Honestly, what might happen tomorrow makes me feel scared. I can feel it strongly.",fear
"After thinking about it, I am startled because of the last-minute change. It has stayed on my mind.",surprise
"I have to admit, My mood is optimistic after meeting my friends. It has stayed on my mind.",joy
"I have to admit, I keep feeling devoted whenever I remember my family.",love
"To be honest, Honestly, the uncertain situation makes me feel frightened. The feeling is difficult to ignore.",fear
"I have to admit, Right now I am really close. That is my honest reaction.",love
"At this moment, Right now I am really resentful. I can feel it strongly.",anger
"I have to admit, It is hard to hide how scared I feel about the uncertain situation. The feeling is difficult to ignore.",fear
"At this moment, Honestly, the shocking update makes me feel astonished. That is my honest reaction.",surprise
I feel completely annoyed about the unfair decision. I can feel it strongly.,anger
"I have to admit, It is hard to hide how excited I feel about finishing the project.",joy
"To be honest, I keep feeling happy whenever I remember finishing the project. That is my honest reaction.",joy
"I have to admit, I keep feeling taken aback whenever I remember the shocking update. The feeling is difficult to ignore.",surprise
"To be honest, My mood is disappointed after the failed plan. I can feel it strongly.",sadness
"To be honest, Thinking about the repeated mistake leaves me outraged. It has stayed on my mind.",anger
"I have to admit, I am down because of losing the opportunity.",sadness
"After thinking about it, It is hard to hide how warm I feel about the person I care about.",love
"I have to admit, Right now I am so scared. The feeling is difficult to ignore.",fear
"At this moment, Right now I am extremely loving. That is my honest reaction.",love
"To be honest, Right now I am extremely tender. I can feel it strongly.",love
"To be honest, It is hard to hide how in disbelief I feel about the shocking update.",surprise
"After thinking about it, Right now I am really resentful.",anger
"After thinking about it, Honestly, missing my friends makes me feel unhappy. That is my honest reaction.",sadness
"To be honest, I am unhappy because of the difficult goodbye. I can feel it strongly.",sadness
"I have to admit, Thinking about the unfair decision leaves me irritated. The feeling is difficult to ignore.",anger
"I have to admit, I keep feeling loving whenever I remember our time together. I can feel it strongly.",love
"To be honest, Right now I am really worried. The feeling is difficult to ignore.",fear
"I have to admit, Right now I am extremely enraged. That is my honest reaction.",anger
"To be honest, Right now I am very down. The feeling is difficult to ignore.",sadness
I feel completely shocked about the unexpected announcement. That is my honest reaction.,surprise
It is hard to hide how sad I feel about the failed plan. The feeling is difficult to ignore.,sadness
"To be honest, My mood is surprised after the surprise visitor. That is my honest reaction.",surprise
"I have to admit, Today I feel sorrowful; it is connected to the disappointing news. I can feel it strongly.",sadness
Today I feel furious; it is connected to the broken promise. I can feel it strongly.,anger
I feel very speechless about the sudden gift. It has stayed on my mind.,surprise
"I have to admit, Today I feel warm; it is connected to a thoughtful message. The feeling is difficult to ignore.",love
"At this moment, Thinking about the wonderful celebration leaves me delighted. That is my honest reaction.",joy
"To be honest, Honestly, the rude response makes me feel furious. It has stayed on my mind.",anger
I feel incredibly worried about speaking in public. That is my honest reaction.,fear
"To be honest, I keep feeling anxious whenever I remember the upcoming examination. It has stayed on my mind.",fear
"I have to admit, Today I feel surprised; it is connected to the last-minute change. It has stayed on my mind.",surprise
"At this moment, Honestly, the failed plan makes me feel sad.",sadness
Thinking about losing the opportunity leaves me sad.,sadness
"After thinking about it, My mood is resentful after the broken promise.",anger
"I have to admit, The way I feel can only be described as frustrated. I can feel it strongly.",anger
"I have to admit, Honestly, our time together makes me feel affectionate. I can feel it strongly.",love
"To be honest, I feel deeply in disbelief about the sudden gift. That is my honest reaction.",surprise
"I have to admit, I keep feeling warm whenever I remember my family. The feeling is difficult to ignore.",love
"To be honest, My mood is terrified after the uncertain situation.",fear
"I have to admit, Honestly, our time together makes me feel adored.",love
"To be honest, It is hard to hide how pleased I feel about the new opportunity. It has stayed on my mind.",joy
"To be honest, I feel very sorrowful about a lonely evening. The feeling is difficult to ignore.",sadness
"At this moment, My mood is miserable after the disappointing news. It has stayed on my mind.",sadness
It is hard to hide how taken aback I feel about the unbelievable result.,surprise
Right now I am completely anxious. That is my honest reaction.,fear
"At this moment, Today I feel nervous; it is connected to the uncertain situation.",fear
"I have to admit, My mood is cross after the rude response.",anger
"At this moment, Honestly, the upcoming examination makes me feel terrified. I can feel it strongly.",fear
"After thinking about it, I feel genuinely excited about my great result.",joy
"At this moment, I keep feeling fond whenever I remember the kindness I received.",love
"After thinking about it, I am lonely because of a lonely evening. The feeling is difficult to ignore.",sadness
"To be honest, Thinking about the upcoming examination leaves me terrified.",fear
"I have to admit, I am enraged because of the broken promise.",anger
"After thinking about it, Today I feel astonished; it is connected to the surprise visitor. It has stayed on my mind.",surprise
"After thinking about it, Right now I am extremely wonderful. I can feel it strongly.",joy
"After thinking about it, I feel deeply affectionate about the kindness I received.",love
"To be honest, My mood is terrified after the uncertain situation. I can feel it strongly.",fear
"To be honest, My mood is frustrated after the repeated mistake. I can feel it strongly.",anger
"To be honest, I keep feeling joyful whenever I remember finishing the project. That is my honest reaction.",joy
"Honestly, meeting my friends makes me feel optimistic. I can feel it strongly.",joy
"I have to admit, Today I feel wonderful; it is connected to finishing the project. I can feel it strongly.",joy
"At this moment, Right now I am deeply scared. I can feel it strongly.",fear
Today I feel frustrated; it is connected to the unfair decision.,anger
I feel truly scared about what might happen tomorrow. It has stayed on my mind.,fear
Thinking about the surprise visitor leaves me stunned. That is my honest reaction.,surprise
"After thinking about it, Thinking about the uncertain situation leaves me anxious. It has stayed on my mind.",fear
I am heartbroken because of the failed plan. That is my honest reaction.,sadness
"Honestly, the sudden gift makes me feel speechless. I can feel it strongly.",surprise
"I have to admit, I am tender because of the person I care about. That is my honest reaction.",love
"I have to admit, I am adored because of the person I care about. It has stayed on my mind.",love
Right now I am deeply surprised. The feeling is difficult to ignore.,surprise
"After thinking about it, Thinking about my great result leaves me cheerful. I can feel it strongly.",joy
"To be honest, Thinking about the broken promise leaves me furious. It has stayed on my mind.",anger
"To be honest, Today I feel unexpectedly amazed; it is connected to the last-minute change.",surprise
"At this moment, Honestly, today's good news makes me feel joyful. The feeling is difficult to ignore.",joy
"To be honest, It is hard to hide how optimistic I feel about finishing the project. The feeling is difficult to ignore.",joy
"After thinking about it, Right now I am truly sad.",sadness
"After thinking about it, I am close because of a thoughtful message. The feeling is difficult to ignore.",love
"After thinking about it, Today I feel frightened; it is connected to speaking in public.",fear
"To be honest, Today I feel disappointed; it is connected to a lonely evening. The feeling is difficult to ignore.",sadness
"I have to admit, It is hard to hide how pleased I feel about finishing the project.",joy
"I have to admit, Right now I am really afraid. The feeling is difficult to ignore.",fear
I feel completely amazed about the shocking update. I can feel it strongly.,surprise
"At this moment, Honestly, the kindness I received makes me feel affectionate. It has stayed on my mind.",love
"At this moment, The way I feel can only be described as stunned.",surprise
"After thinking about it, Thinking about the last-minute change leaves me speechless. The feeling is difficult to ignore.",surprise
"At this moment, The way I feel can only be described as grateful. The feeling is difficult to ignore.",joy
Right now I am deeply miserable. That is my honest reaction.,sadness
"To be honest, Thinking about the difficult goodbye leaves me sad. That is my honest reaction.",sadness
"At this moment, It is hard to hide how unexpectedly amazed I feel about the surprise visitor. The feeling is difficult to ignore.",surprise
The way I feel can only be described as sorrowful. It has stayed on my mind.,sadness
"Honestly, what might happen tomorrow makes me feel scared. I can feel it strongly.",fear
"To be honest, Today I feel in disbelief; it is connected to the unbelievable result.",surprise
I keep feeling fearful whenever I remember the upcoming examination. It has stayed on my mind.,fear
"After thinking about it, It is hard to hide how devoted I feel about a thoughtful message.",love
"I have to admit, My mood is happy after finishing the project. That is my honest reaction.",joy
"After thinking about it, Today I feel devoted; it is connected to a thoughtful message. It has stayed on my mind.",love
"To be honest, Honestly, a thoughtful message makes me feel romantic. I can feel it strongly.",love
"Honestly, my closest friend makes me feel fond.",love
"To be honest, Right now I am genuinely afraid. It has stayed on my mind.",fear
"I have to admit, Thinking about the unfair decision leaves me furious. That is my honest reaction.",anger
"At this moment, Right now I am genuinely resentful. The feeling is difficult to ignore.",anger
Thinking about missing my friends leaves me miserable. That is my honest reaction.,sadness
My mood is annoyed after the broken promise.,anger
"After thinking about it, I feel incredibly devoted about the kindness I received. The feeling is difficult to ignore.",love
"At this moment, I am annoyed because of the broken promise. It has stayed on my mind.",anger
"I have to admit, I feel quite joyful about my great result. I can feel it strongly.",joy
"I have to admit, I am adored because of a thoughtful message. That is my honest reaction.",love
"To be honest, I am speechless because of the surprise visitor. It has stayed on my mind.",surprise
"After thinking about it, I keep feeling happy whenever I remember meeting my friends.",joy
"Honestly, the unbelievable result makes me feel amazed.",surprise
"To be honest, Honestly, the repeated mistake makes me feel mad.",anger
"To be honest, Honestly, being ignored makes me feel irritated.",anger
"To be honest, My mood is delighted after the wonderful celebration. I can feel it strongly.",joy
"To be honest, The way I feel can only be described as resentful. It has stayed on my mind.",anger
"Honestly, speaking in public makes me feel nervous. The feeling is difficult to ignore.",fear
"Honestly, missing my friends makes me feel sad. That is my honest reaction.",sadness
The way I feel can only be described as grateful.,joy
"To be honest, Today I feel astonished; it is connected to the surprise visitor. The feeling is difficult to ignore.",surprise
"I have to admit, Honestly, the uncertain situation makes me feel afraid. That is my honest reaction.",fear
"After thinking about it, It is hard to hide how surprised I feel about the surprise visitor. It has stayed on my mind.",surprise
"To be honest, I keep feeling caring whenever I remember our time together. The feeling is difficult to ignore.",love
"To be honest, I keep feeling stunned whenever I remember the last-minute change. I can feel it strongly.",surprise
"After thinking about it, It is hard to hide how devoted I feel about my closest friend.",love
I am mad because of the repeated mistake.,anger
"After thinking about it, My mood is affectionate after the kindness I received.",love
"I have to admit, The way I feel can only be described as cheerful. It has stayed on my mind.",joy
"After thinking about it, Right now I am completely in disbelief. I can feel it strongly.",surprise
"To be honest, Right now I am incredibly stunned. I can feel it strongly.",surprise
"After thinking about it, I keep feeling nervous whenever I remember what might happen tomorrow. I can feel it strongly.",fear
"After thinking about it, I keep feeling nervous whenever I remember the upcoming examination. That is my honest reaction.",fear
"To be honest, The way I feel can only be described as devoted. I can feel it strongly.",love
I am devoted because of my family.,love
"I have to admit, Honestly, meeting my friends makes me feel happy. I can feel it strongly.",joy
I feel extremely frightened about speaking in public. It has stayed on my mind.,fear
My mood is adored after the person I care about.,love
My mood is disappointed after the failed plan. That is my honest reaction.,sadness
"I have to admit, I keep feeling tender whenever I remember my closest friend. I can feel it strongly.",love
"After thinking about it, Right now I am truly sad. That is my honest reaction.",sadness
"After thinking about it, My mood is gloomy after missing my friends. It has stayed on my mind.",sadness
"I have to admit, I feel incredibly astonished about the unbelievable result. It has stayed on my mind.",surprise
"I have to admit, Right now I am genuinely stunned. I can feel it strongly.",surprise
"After thinking about it, I feel genuinely uneasy about the upcoming examination.",fear
"To be honest, It is hard to hide how miserable I feel about the difficult goodbye. That is my honest reaction.",sadness
"I have to admit, My mood is loving after the person I care about. I can feel it strongly.",love
"To be honest, Right now I am extremely fearful. It has stayed on my mind.",fear
Today I feel terrified; it is connected to the sudden noise. The feeling is difficult to ignore.,fear
"Honestly, the surprise visitor makes me feel taken aback. The feeling is difficult to ignore.",surprise
"After thinking about it, My mood is joyful after the new opportunity. That is my honest reaction.",joy
"I have to admit, It is hard to hide how surprised I feel about the shocking update.",surprise
"At this moment, I feel completely amazed about the unexpected announcement. The feeling is difficult to ignore.",surprise
Today I feel grateful; it is connected to finishing the project.,joy
"I have to admit, Today I feel lonely; it is connected to a lonely evening. The feeling is difficult to ignore.",sadness
I am tearful because of losing the opportunity. It has stayed on my mind.,sadness
"At this moment, I am terrified because of the upcoming examination. It has stayed on my mind.",fear
"After thinking about it, Honestly, a thoughtful message makes me feel loving.",love
"After thinking about it, I am sorrowful because of the disappointing news. That is my honest reaction.",sadness
My mood is thrilled after today's good news.,joy
"After thinking about it, Today I feel terrified; it is connected to the sudden noise. I can feel it strongly.",fear
"At this moment, Right now I am really miserable.",sadness
"After thinking about it, I feel so fearful about speaking in public. I can feel it strongly.",fear
My mood is fond after a thoughtful message. It has stayed on my mind.,love
Right now I am genuinely stunned. I can feel it strongly.,surprise
My mood is outraged after being ignored.,anger
It is hard to hide how close I feel about my family. That is my honest reaction.,love
"At this moment, I feel so panicked about speaking in public. It has stayed on my mind.",fear
"At this moment, I feel genuinely worried about the uncertain situation. I can feel it strongly.",fear
"At this moment, Right now I am genuinely anxious. The feeling is difficult to ignore.",fear
"I have to admit, Thinking about my family leaves me caring.",love
"At this moment, Honestly, the new opportunity makes me feel optimistic. That is my honest reaction.",joy
"After thinking about it, The way I feel can only be described as startled. I can feel it strongly.",surprise
"To be honest, Today I feel cross; it is connected to the repeated mistake. It has stayed on my mind.",anger
Right now I am extremely stunned. It has stayed on my mind.,surprise
"At this moment, I am lonely because of the difficult goodbye. That is my honest reaction.",sadness
"After thinking about it, Thinking about today's good news leaves me thrilled. I can feel it strongly.",joy
"At this moment, The way I feel can only be described as sad. The feeling is difficult to ignore.",sadness
"At this moment, The way I feel can only be described as stunned. The feeling is difficult to ignore.",surprise
"I have to admit, I feel so down about missing my friends. I can feel it strongly.",sadness
"I have to admit, I keep feeling startled whenever I remember the sudden gift. It has stayed on my mind.",surprise
"I have to admit, The way I feel can only be described as lonely.",sadness
My mood is wonderful after my great result. The feeling is difficult to ignore.,joy
Right now I am truly pleased.,joy
"After thinking about it, Honestly, the failed plan makes me feel disappointed. It has stayed on my mind.",sadness
"At this moment, I keep feeling disappointed whenever I remember the failed plan. That is my honest reaction.",sadness
I am close because of a thoughtful message. It has stayed on my mind.,love
"To be honest, I am resentful because of the rude response. I can feel it strongly.",anger
"To be honest, My mood is tender after my family. I can feel it strongly.",love
"At this moment, I feel so annoyed about the rude response. That is my honest reaction.",anger
"At this moment, I keep feeling afraid whenever I remember speaking in public. The feeling is difficult to ignore.",fear
"I have to admit, Honestly, a lonely evening makes me feel sorrowful.",sadness
The way I feel can only be described as down. It has stayed on my mind.,sadness
"I have to admit, I am frightened because of the risky journey. It has stayed on my mind.",fear
"After thinking about it, The way I feel can only be described as heartbroken. That is my honest reaction.",sadness
The way I feel can only be described as unhappy. I can feel it strongly.,sadness
"At this moment, My mood is outraged after the unnecessary delay. That is my honest reaction.",anger
"I have to admit, Honestly, the risky journey makes me feel panicked. The feeling is difficult to ignore.",fear
"After thinking about it, Right now I am so adored. I can feel it strongly.",love
"I have to admit, I feel genuinely panicked about speaking in public. I can feel it strongly.",fear
"At this moment, I am miserable because of the failed plan.",sadness
"To be honest, Right now I am quite nervous. The feeling is difficult to ignore.",fear
"At this moment, Honestly, the unfair decision makes me feel mad. That is my honest reaction.",anger
"At this moment, I feel very warm about our time together. That is my honest reaction.",love
Thinking about the unexpected announcement leaves me taken aback. That is my honest reaction.,surprise
"I have to admit, It is hard to hide how in disbelief I feel about the last-minute change. It has stayed on my mind.",surprise
"I have to admit, Today I feel wonderful; it is connected to meeting my friends. The feeling is difficult to ignore.",joy
"After thinking about it, I keep feeling nervous whenever I remember the uncertain situation.",fear
"At this moment, I am worried because of the sudden noise. It has stayed on my mind.",fear
I am affectionate because of a thoughtful message. It has stayed on my mind.,love
"After thinking about it, I feel extremely sorrowful about the difficult goodbye. I can feel it strongly.",sadness
I am wonderful because of the new opportunity. That is my honest reaction.,joy
"At this moment, I am wonderful because of the new opportunity. I can feel it strongly.",joy
"After thinking about it, I am tender because of a thoughtful message. The feeling is difficult to ignore.",love
"To be honest, Right now I am extremely sad. It has stayed on my mind.",sadness
"After thinking about it, Today I feel gloomy; it is connected to a lonely evening. The feeling is difficult to ignore.",sadness
"I have to admit, Right now I am truly down. That is my honest reaction.",sadness
"To be honest, It is hard to hide how happy I feel about today's good news. It has stayed on my mind.",joy
"To be honest, Thinking about the repeated mistake leaves me mad.",anger
"At this moment, Today I feel panicked; it is connected to speaking in public. It has stayed on my mind.",fear
"I have to admit, The way I feel can only be described as scared. That is my honest reaction.",fear
"To be honest, Thinking about the sudden noise leaves me uneasy. The feeling is difficult to ignore.",fear
"At this moment, Honestly, the uncertain situation makes me feel terrified.",fear
"At this moment, Thinking about losing the opportunity leaves me unhappy. The feeling is difficult to ignore.",sadness
"To be honest, Honestly, the upcoming examination makes me feel fearful. I can feel it strongly.",fear
I am speechless because of the shocking update. That is my honest reaction.,surprise
"I have to admit, I am pleased because of my great result. That is my honest reaction.",joy
"I have to admit, My mood is caring after my family. It has stayed on my mind.",love
Today I feel tearful; it is connected to the difficult goodbye. The feeling is difficult to ignore.,sadness
"At this moment, It is hard to hide how happy I feel about the wonderful celebration. The feeling is difficult to ignore.",joy
"I have to admit, Today I feel taken aback; it is connected to the unbelievable result. The feeling is difficult to ignore.",surprise
Today I feel enraged; it is connected to the unnecessary delay. That is my honest reaction.,anger
"I have to admit, It is hard to hide how surprised I feel about the unexpected announcement. I can feel it strongly.",surprise
"To be honest, My mood is mad after the rude response. That is my honest reaction.",anger
Right now I am really resentful. I can feel it strongly.,anger
"At this moment, My mood is in disbelief after the last-minute change. That is my honest reaction.",surprise
"After thinking about it, I keep feeling warm whenever I remember my closest friend. The feeling is difficult to ignore.",love
"I have to admit, It is hard to hide how joyful I feel about finishing the project.",joy
"After thinking about it, My mood is speechless after the surprise visitor. I can feel it strongly.",surprise
"I have to admit, Honestly, my family makes me feel tender. The feeling is difficult to ignore.",love
"I have to admit, It is hard to hide how close I feel about the kindness I received. The feeling is difficult to ignore.",love
"After thinking about it, My mood is panicked after speaking in public. The feeling is difficult to ignore.",fear
"After thinking about it, I am heartbroken because of a lonely evening.",sadness
"To be honest, The way I feel can only be described as delighted. The feeling is difficult to ignore.",joy
"To be honest, Thinking about the broken promise leaves me angry. I can feel it strongly.",anger
"I have to admit, Honestly, the upcoming examination makes me feel anxious. It has stayed on my mind.",fear
Today I feel loving; it is connected to a thoughtful message. I can feel it strongly.,love
"After thinking about it, I am miserable because of a lonely evening. I can feel it strongly.",sadness
"After thinking about it, Thinking about the failed plan leaves me disappointed. It has stayed on my mind.",sadness
"After thinking about it, Today I feel devoted; it is connected to my closest friend.",love
"After thinking about it, Right now I am incredibly unexpectedly amazed.",surprise
"At this moment, I am amazed because of the shocking update. That is my honest reaction.",surprise
"At this moment, The way I feel can only be described as affectionate. The feeling is difficult to ignore.",love
"After thinking about it, I keep feeling devoted whenever I remember our time together. It has stayed on my mind.",love
"I have to admit, The way I feel can only be described as unexpectedly amazed. I can feel it strongly.",surprise
My mood is nervous after what might happen tomorrow. I can feel it strongly.,fear
"After thinking about it, I feel incredibly nervous about the uncertain situation.",fear
"At this moment, It is hard to hide how disappointed I feel about losing the opportunity. That is my honest reaction.",sadness
"Honestly, losing the opportunity makes me feel sad.",sadness
"At this moment, Today I feel joyful; it is connected to the new opportunity. The feeling is difficult to ignore.",joy
I am angry because of the repeated mistake. It has stayed on my mind.,anger
"I have to admit, Thinking about the unbelievable result leaves me stunned. I can feel it strongly.",surprise
"To be honest, I feel truly miserable about losing the opportunity. The feeling is difficult to ignore.",sadness
"At this moment, I keep feeling devoted whenever I remember the person I care about. The feeling is difficult to ignore.",love
"After thinking about it, Thinking about the sudden noise leaves me frightened. The feeling is difficult to ignore.",fear
"At this moment, My mood is tearful after the disappointing news.",sadness
"I have to admit, Thinking about the new opportunity leaves me delighted.",joy
"To be honest, I keep feeling grateful whenever I remember today's good news. That is my honest reaction.",joy
"To be honest, Thinking about the person I care about leaves me loving.",love
"At this moment, I feel quite caring about the person I care about.",love
"To be honest, The way I feel can only be described as afraid. I can feel it strongly.",fear
"To be honest, Honestly, the unfair decision makes me feel resentful. That is my honest reaction.",anger
"After thinking about it, It is hard to hide how fearful I feel about speaking in public. That is my honest reaction.",fear
"After thinking about it, It is hard to hide how cross I feel about the unnecessary delay. It has stayed on my mind.",anger
Thinking about my great result leaves me cheerful. I can feel it strongly.,joy
"After thinking about it, Today I feel thrilled; it is connected to meeting my friends. It has stayed on my mind.",joy
"To be honest, My mood is unhappy after missing my friends. It has stayed on my mind.",sadness
"To be honest, Today I feel speechless; it is connected to the surprise visitor. That is my honest reaction.",surprise
"At this moment, My mood is amazed after the surprise visitor. It has stayed on my mind.",surprise
"To be honest, Right now I am extremely romantic.",love
"After thinking about it, Honestly, today's good news makes me feel happy. It has stayed on my mind.",joy
"At this moment, The way I feel can only be described as sorrowful.",sadness
I keep feeling annoyed whenever I remember the unfair decision. It has stayed on my mind.,anger
Right now I am truly outraged. It has stayed on my mind.,anger
"To be honest, My mood is mad after the unfair decision. The feeling is difficult to ignore.",anger
"I have to admit, The way I feel can only be described as grateful. I can feel it strongly.",joy
I keep feeling cheerful whenever I remember finishing the project. It has stayed on my mind.,joy
"To be honest, Thinking about missing my friends leaves me disappointed.",sadness
"To be honest, I feel genuinely worried about what might happen tomorrow. I can feel it strongly.",fear
"At this moment, Honestly, the person I care about makes me feel close. It has stayed on my mind.",love
"At this moment, It is hard to hide how loving I feel about my family. That is my honest reaction.",love
"After thinking about it, I am outraged because of the unnecessary delay. That is my honest reaction.",anger
I feel completely affectionate about my family.,love
"I have to admit, The way I feel can only be described as happy. That is my honest reaction.",joy
Today I feel devoted; it is connected to a thoughtful message. It has stayed on my mind.,love
"To be honest, Thinking about the upcoming examination leaves me nervous. That is my honest reaction.",fear
"I have to admit, I am uneasy because of the upcoming examination.",fear
It is hard to hide how mad I feel about the unnecessary delay.,anger
"At this moment, I am devoted because of my closest friend. The feeling is difficult to ignore.",love
"To be honest, Thinking about the rude response leaves me outraged.",anger
"I have to admit, The way I feel can only be described as fearful. That is my honest reaction.",fear
"At this moment, It is hard to hide how nervous I feel about the uncertain situation. The feeling is difficult to ignore.",fear
I keep feeling heartbroken whenever I remember losing the opportunity. I can feel it strongly.,sadness
The way I feel can only be described as pleased.,joy
Today I feel grateful; it is connected to today's good news. The feeling is difficult to ignore.,joy
"To be honest, Today I feel loving; it is connected to the kindness I received. The feeling is difficult to ignore.",love
"I have to admit, Thinking about my closest friend leaves me fond. I can feel it strongly.",love
"I have to admit, My mood is unexpectedly amazed after the surprise visitor. I can feel it strongly.",surprise
"After thinking about it, Today I feel amazed; it is connected to the last-minute change. That is my honest reaction.",surprise
Thinking about the last-minute change leaves me speechless. The feeling is difficult to ignore.,surprise
"I have to admit, Right now I am completely frightened. That is my honest reaction.",fear
"At this moment, I keep feeling taken aback whenever I remember the unexpected announcement. The feeling is difficult to ignore.",surprise
"At this moment, I keep feeling sorrowful whenever I remember losing the opportunity. It has stayed on my mind.",sadness
Thinking about the sudden noise leaves me frightened. The feeling is difficult to ignore.,fear
"To be honest, I feel really worried about the sudden noise. It has stayed on my mind.",fear
"To be honest, Honestly, the difficult goodbye makes me feel tearful. The feeling is difficult to ignore.",sadness
I am unexpectedly amazed because of the surprise visitor. I can feel it strongly.,surprise
"After thinking about it, Today I feel astonished; it is connected to the sudden gift. It has stayed on my mind.",surprise
It is hard to hide how cross I feel about the repeated mistake. I can feel it strongly.,anger
Thinking about the kindness I received leaves me fond. The feeling is difficult to ignore.,love
"To be honest, I am joyful because of my great result. I can feel it strongly.",joy
"At this moment, The way I feel can only be described as cheerful. It has stayed on my mind.",joy
"After thinking about it, The way I feel can only be described as affectionate. The feeling is difficult to ignore.",love
"Honestly, the disappointing news makes me feel unhappy. That is my honest reaction.",sadness
"I have to admit, Honestly, being ignored makes me feel resentful. The feeling is difficult to ignore.",anger
"I have to admit, I keep feeling mad whenever I remember being ignored. It has stayed on my mind.",anger
"At this moment, My mood is heartbroken after missing my friends. It has stayed on my mind.",sadness
"To be honest, Honestly, my closest friend makes me feel devoted. I can feel it strongly.",love
"At this moment, Thinking about the risky journey leaves me frightened. That is my honest reaction.",fear
My mood is happy after the wonderful celebration. The feeling is difficult to ignore.,joy
"At this moment, My mood is romantic after a thoughtful message. The feeling is difficult to ignore.",love
"At this moment, Today I feel thrilled; it is connected to meeting my friends.",joy
"To be honest, My mood is affectionate after the kindness I received. That is my honest reaction.",love
"I have to admit, The way I feel can only be described as enraged.",anger
"I have to admit, Thinking about the new opportunity leaves me cheerful. I can feel it strongly.",joy
It is hard to hide how taken aback I feel about the unexpected announcement. It has stayed on my mind.,surprise
My mood is fearful after the uncertain situation. It has stayed on my mind.,fear
I keep feeling sad whenever I remember the difficult goodbye. I can feel it strongly.,sadness
"After thinking about it, I keep feeling wonderful whenever I remember finishing the project. I can feel it strongly.",joy
"I have to admit, I am sorrowful because of the disappointing news. That is my honest reaction.",sadness
"I have to admit, Honestly, the broken promise makes me feel resentful. I can feel it strongly.",anger
"To be honest, Today I feel stunned; it is connected to the surprise visitor.",surprise
"I have to admit, I feel quite unexpectedly amazed about the unexpected announcement. That is my honest reaction.",surprise
"At this moment, Honestly, the unexpected announcement makes me feel shocked.",surprise
"At this moment, The way I feel can only be described as disappointed. That is my honest reaction.",sadness
"To be honest, Right now I am genuinely miserable. The feeling is difficult to ignore.",sadness
"After thinking about it, Today I feel thrilled; it is connected to my great result. That is my honest reaction.",joy
"At this moment, It is hard to hide how sad I feel about missing my friends. That is my honest reaction.",sadness
"To be honest, I am speechless because of the unbelievable result. That is my honest reaction.",surprise
"To be honest, I am nervous because of the upcoming examination.",fear
"To be honest, Today I feel worried; it is connected to the upcoming examination.",fear
"To be honest, The way I feel can only be described as uneasy. It has stayed on my mind.",fear
I am grateful because of my great result. The feeling is difficult to ignore.,joy
I keep feeling worried whenever I remember speaking in public. The feeling is difficult to ignore.,fear
"At this moment, I am disappointed because of the disappointing news. It has stayed on my mind.",sadness
"I have to admit, My mood is unhappy after the failed plan. That is my honest reaction.",sadness
"I have to admit, It is hard to hide how shocked I feel about the unbelievable result. It has stayed on my mind.",surprise
"To be honest, Honestly, the new opportunity makes me feel wonderful. I can feel it strongly.",joy
"After thinking about it, My mood is warm after a thoughtful message. That is my honest reaction.",love
"Honestly, the difficult goodbye makes me feel gloomy. It has stayed on my mind.",sadness
Right now I am truly stunned. That is my honest reaction.,surprise
"To be honest, Thinking about our time together leaves me fond. I can feel it strongly.",love
"At this moment, It is hard to hide how cheerful I feel about my great result.",joy
"To be honest, It is hard to hide how delighted I feel about the new opportunity. I can feel it strongly.",joy
"I have to admit, Today I feel heartbroken; it is connected to the difficult goodbye. That is my honest reaction.",sadness
"I have to admit, Thinking about the sudden noise leaves me panicked. The feeling is difficult to ignore.",fear
"At this moment, It is hard to hide how pleased I feel about the new opportunity. The feeling is difficult to ignore.",joy
"After thinking about it, Honestly, our time together makes me feel close. It has stayed on my mind.",love
"To be honest, Today I feel wonderful; it is connected to meeting my friends. The feeling is difficult to ignore.",joy
"After thinking about it, Thinking about the sudden gift leaves me taken aback. The feeling is difficult to ignore.",surprise
"After thinking about it, I keep feeling nervous whenever I remember the uncertain situation. It has stayed on my mind.",fear
My mood is irritated after being ignored. That is my honest reaction.,anger
"To be honest, It is hard to hide how cross I feel about being ignored. That is my honest reaction.",anger
"To be honest, My mood is resentful after the unfair decision. It has stayed on my mind.",anger
"To be honest, My mood is unexpectedly amazed after the shocking update. That is my honest reaction.",surprise
"At this moment, It is hard to hide how irritated I feel about the repeated mistake. The feeling is difficult to ignore.",anger
"At this moment, I am close because of the kindness I received. It has stayed on my mind.",love
"I have to admit, Right now I am very nervous. That is my honest reaction.",fear
"At this moment, It is hard to hide how resentful I feel about the unfair decision. It has stayed on my mind.",anger
"To be honest, I am taken aback because of the last-minute change. I can feel it strongly.",surprise
"I have to admit, Today I feel sad; it is connected to a lonely evening. The feeling is difficult to ignore.",sadness
"I have to admit, I feel extremely fond about my family.",love
"After thinking about it, Honestly, a lonely evening makes me feel heartbroken. That is my honest reaction.",sadness
"After thinking about it, Right now I am extremely joyful. It has stayed on my mind.",joy
"After thinking about it, My mood is startled after the unexpected announcement. The feeling is difficult to ignore.",surprise
"I have to admit, I keep feeling optimistic whenever I remember meeting my friends. That is my honest reaction.",joy
"To be honest, I am afraid because of speaking in public. It has stayed on my mind.",fear
It is hard to hide how devoted I feel about a thoughtful message. I can feel it strongly.,love
Today I feel miserable; it is connected to the failed plan. That is my honest reaction.,sadness
"At this moment, I feel really adored about our time together.",love
"At this moment, Thinking about my family leaves me adored. It has stayed on my mind.",love
"Honestly, a thoughtful message makes me feel caring. It has stayed on my mind.",love
"After thinking about it, My mood is startled after the unbelievable result. I can feel it strongly.",surprise
I am romantic because of the person I care about.,love
"To be honest, Honestly, the disappointing news makes me feel heartbroken.",sadness
"After thinking about it, It is hard to hide how terrified I feel about speaking in public. The feeling is difficult to ignore.",fear
The way I feel can only be described as irritated.,anger
"At this moment, Honestly, missing my friends makes me feel down. I can feel it strongly.",sadness
"To be honest, My mood is disappointed after the disappointing news. The feeling is difficult to ignore.",sadness
"At this moment, Right now I am incredibly resentful. I can feel it strongly.",anger
"To be honest, My mood is fond after the kindness I received.",love
"At this moment, Thinking about what might happen tomorrow leaves me uneasy. The feeling is difficult to ignore.",fear
"To be honest, I feel really gloomy about losing the opportunity. It has stayed on my mind.",sadness
"Honestly, the unbelievable result makes me feel in disbelief. I can feel it strongly.",surprise
My mood is devoted after my closest friend. I can feel it strongly.,love
"Honestly, being ignored makes me feel resentful. The feeling is difficult to ignore.",anger
My mood is happy after the new opportunity.,joy
"After thinking about it, The way I feel can only be described as taken aback. It has stayed on my mind.",surprise
"I have to admit, The way I feel can only be described as down. It has stayed on my mind.",sadness
It is hard to hide how devoted I feel about my closest friend.,love
"I have to admit, The way I feel can only be described as pleased. That is my honest reaction.",joy
"At this moment, My mood is stunned after the unbelievable result.",surprise
"At this moment, Today I feel cheerful; it is connected to my great result. The feeling is difficult to ignore.",joy
"After thinking about it, Right now I am quite devoted. That is my honest reaction.",love
The way I feel can only be described as affectionate. I can feel it strongly.,love
"At this moment, It is hard to hide how shocked I feel about the shocking update. I can feel it strongly.",surprise
"To be honest, Today I feel devoted; it is connected to my family. The feeling is difficult to ignore.",love
"I have to admit, It is hard to hide how miserable I feel about the difficult goodbye. The feeling is difficult to ignore.",sadness
"To be honest, I am enraged because of being ignored.",anger
"After thinking about it, My mood is adored after a thoughtful message. I can feel it strongly.",love
"I have to admit, The way I feel can only be described as furious. The feeling is difficult to ignore.",anger
"At this moment, It is hard to hide how resentful I feel about the repeated mistake. It has stayed on my mind.",anger
"To be honest, I keep feeling anxious whenever I remember the upcoming examination. That is my honest reaction.",fear
"At this moment, It is hard to hide how lonely I feel about missing my friends. I can feel it strongly.",sadness
"To be honest, I am unhappy because of losing the opportunity. That is my honest reaction.",sadness
"After thinking about it, Honestly, the shocking update makes me feel stunned. It has stayed on my mind.",surprise
"I have to admit, I feel really romantic about the person I care about. The feeling is difficult to ignore.",love
"After thinking about it, It is hard to hide how furious I feel about being ignored. That is my honest reaction.",anger
"After thinking about it, Honestly, the disappointing news makes me feel sorrowful. I can feel it strongly.",sadness
"At this moment, My mood is unexpectedly amazed after the surprise visitor. The feeling is difficult to ignore.",surprise
"At this moment, Today I feel afraid; it is connected to the uncertain situation. The feeling is difficult to ignore.",fear
Today I feel resentful; it is connected to being ignored. I can feel it strongly.,anger
"To be honest, Right now I am truly cheerful. That is my honest reaction.",joy
"To be honest, The way I feel can only be described as scared.",fear
"After thinking about it, I am cross because of being ignored. It has stayed on my mind.",anger
Right now I am so in disbelief. I can feel it strongly.,surprise
"At this moment, The way I feel can only be described as romantic.",love
I am stunned because of the last-minute change. I can feel it strongly.,surprise
"After thinking about it, I feel very unhappy about a lonely evening. The feeling is difficult to ignore.",sadness
"I have to admit, Honestly, the kindness I received makes me feel close.",love
"At this moment, Right now I am completely close. It has stayed on my mind.",love
Today I feel down; it is connected to a lonely evening. That is my honest reaction.,sadness
"After thinking about it, Today I feel caring; it is connected to my family. That is my honest reaction.",love
"To be honest, Right now I am incredibly caring. The feeling is difficult to ignore.",love
"To be honest, I feel really happy about my great result.",joy
My mood is frustrated after the broken promise. The feeling is difficult to ignore.,anger
"To be honest, My mood is excited after today's good news. It has stayed on my mind.",joy
"I have to admit, It is hard to hide how astonished I feel about the unexpected announcement. It has stayed on my mind.",surprise
"After thinking about it, Today I feel terrified; it is connected to the uncertain situation. I can feel it strongly.",fear
"At this moment, Today I feel frustrated; it is connected to the unnecessary delay. It has stayed on my mind.",anger
"I have to admit, I keep feeling amazed whenever I remember the shocking update. It has stayed on my mind.",surprise
"I have to admit, I am excited because of my great result. I can feel it strongly.",joy
"I have to admit, I keep feeling wonderful whenever I remember the wonderful celebration.",joy
"To be honest, It is hard to hide how devoted I feel about the person I care about.",love
"To be honest, I feel truly close about our time together.",love
"After thinking about it, Right now I am extremely pleased. The feeling is difficult to ignore.",joy
"I have to admit, I am frustrated because of the rude response. I can feel it strongly.",anger
"To be honest, The way I feel can only be described as warm. It has stayed on my mind.",love
"I have to admit, I feel completely enraged about the unfair decision.",anger
"At this moment, I feel so scared about the uncertain situation.",fear
"To be honest, Honestly, meeting my friends makes me feel thrilled.",joy
"I have to admit, My mood is heartbroken after the difficult goodbye. It has stayed on my mind.",sadness
"I have to admit, My mood is warm after my closest friend.",love
"At this moment, My mood is affectionate after the person I care about. The feeling is difficult to ignore.",love
"I have to admit, I feel deeply terrified about the upcoming examination. The feeling is difficult to ignore.",fear
"After thinking about it, The way I feel can only be described as uneasy. That is my honest reaction.",fear
"At this moment, Honestly, a lonely evening makes me feel unhappy.",sadness
"After thinking about it, I keep feeling fearful whenever I remember speaking in public. That is my honest reaction.",fear
"To be honest, I am devoted because of the kindness I received. It has stayed on my mind.",love
"I have to admit, Honestly, the last-minute change makes me feel surprised. The feeling is difficult to ignore.",surprise
"At this moment, I feel incredibly uneasy about the risky journey. The feeling is difficult to ignore.",fear
"At this moment, Honestly, my great result makes me feel happy. It has stayed on my mind.",joy
"To be honest, I am loving because of a thoughtful message. That is my honest reaction.",love
"To be honest, Honestly, the surprise visitor makes me feel startled. I can feel it strongly.",surprise
"I have to admit, The way I feel can only be described as shocked.",surprise
"I have to admit, I keep feeling gloomy whenever I remember losing the opportunity. The feeling is difficult to ignore.",sadness
"At this moment, Honestly, my closest friend makes me feel warm. I can feel it strongly.",love
"To be honest, I am fond because of my closest friend. It has stayed on my mind.",love
"To be honest, Right now I am really astonished. The feeling is difficult to ignore.",surprise
I am unhappy because of the failed plan. It has stayed on my mind.,sadness
"I have to admit, I feel incredibly unexpectedly amazed about the unbelievable result. I can feel it strongly.",surprise
My mood is angry after the unfair decision. The feeling is difficult to ignore.,anger
"At this moment, The way I feel can only be described as outraged. I can feel it strongly.",anger
"I have to admit, My mood is warm after our time together. It has stayed on my mind.",love
"To be honest, Thinking about the repeated mistake leaves me angry.",anger
"I have to admit, My mood is surprised after the shocking update. That is my honest reaction.",surprise
I am shocked because of the sudden gift. The feeling is difficult to ignore.,surprise
I feel incredibly tender about a thoughtful message. The feeling is difficult to ignore.,love
"After thinking about it, My mood is adored after the kindness I received. The feeling is difficult to ignore.",love
"I have to admit, Today I feel devoted; it is connected to a thoughtful message.",love
"I have to admit, My mood is nervous after the uncertain situation.",fear
"At this moment, The way I feel can only be described as furious. The feeling is difficult to ignore.",anger
"To be honest, I keep feeling terrified whenever I remember the uncertain situation.",fear
"I have to admit, It is hard to hide how terrified I feel about the risky journey. That is my honest reaction.",fear
"After thinking about it, Today I feel miserable; it is connected to the difficult goodbye. That is my honest reaction.",sadness
"At this moment, Honestly, the unfair decision makes me feel furious. That is my honest reaction.",anger
"At this moment, Right now I am genuinely grateful. It has stayed on my mind.",joy
"After thinking about it, Today I feel cross; it is connected to the unfair decision. I can feel it strongly.",anger
"To be honest, Today I feel joyful; it is connected to finishing the project.",joy
"I have to admit, I am fond because of my family. I can feel it strongly.",love
My mood is uneasy after the sudden noise. That is my honest reaction.,fear
"At this moment, The way I feel can only be described as frightened. The feeling is difficult to ignore.",fear
"I have to admit, Today I feel unhappy; it is connected to the failed plan. I can feel it strongly.",sadness
"To be honest, I am happy because of the new opportunity. The feeling is difficult to ignore.",joy
Today I feel nervous; it is connected to the risky journey. The feeling is difficult to ignore.,fear
"To be honest, I feel really disappointed about the disappointing news. That is my honest reaction.",sadness
"After thinking about it, Right now I am deeply down. The feeling is difficult to ignore.",sadness
"At this moment, Today I feel astonished; it is connected to the shocking update. The feeling is difficult to ignore.",surprise
It is hard to hide how down I feel about the disappointing news. That is my honest reaction.,sadness
"After thinking about it, Honestly, the wonderful celebration makes me feel pleased.",joy
"At this moment, I am irritated because of the unfair decision. It has stayed on my mind.",anger
"To be honest, My mood is stunned after the shocking update. I can feel it strongly.",surprise
My mood is annoyed after being ignored. That is my honest reaction.,anger
"To be honest, I am loving because of our time together. The feeling is difficult to ignore.",love
"I have to admit, Right now I am quite fond. That is my honest reaction.",love
"To be honest, Right now I am deeply optimistic. The feeling is difficult to ignore.",joy
"At this moment, I feel extremely optimistic about meeting my friends. It has stayed on my mind.",joy
"At this moment, Honestly, the unnecessary delay makes me feel outraged. That is my honest reaction.",anger
"To be honest, I keep feeling devoted whenever I remember a thoughtful message. It has stayed on my mind.",love
"After thinking about it, Right now I am incredibly surprised. The feeling is difficult to ignore.",surprise
"I have to admit, It is hard to hide how angry I feel about being ignored. I can feel it strongly.",anger
"At this moment, Honestly, the sudden gift makes me feel amazed. It has stayed on my mind.",surprise
"At this moment, Today I feel unexpectedly amazed; it is connected to the shocking update. The feeling is difficult to ignore.",surprise
"After thinking about it, The way I feel can only be described as astonished. I can feel it strongly.",surprise
"To be honest, Thinking about speaking in public leaves me afraid. The feeling is difficult to ignore.",fear
"I have to admit, I keep feeling loving whenever I remember the kindness I received. It has stayed on my mind.",love
"I have to admit, It is hard to hide how speechless I feel about the sudden gift. That is my honest reaction.",surprise
"I have to admit, I am nervous because of the risky journey. I can feel it strongly.",fear
"At this moment, It is hard to hide how anxious I feel about the sudden noise.",fear
"At this moment, Today I feel fearful; it is connected to the sudden noise. The feeling is difficult to ignore.",fear
Right now I am extremely grateful. That is my honest reaction.,joy
I feel completely angry about the unfair decision. That is my honest reaction.,anger
"I have to admit, I feel really frightened about the upcoming examination.",fear
"After thinking about it, Thinking about the wonderful celebration leaves me optimistic. It has stayed on my mind.",joy
I keep feeling thrilled whenever I remember finishing the project. I can feel it strongly.,joy
"To be honest, My mood is affectionate after a thoughtful message. It has stayed on my mind.",love
My mood is frightened after speaking in public. That is my honest reaction.,fear
Thinking about what might happen tomorrow leaves me terrified. The feeling is difficult to ignore.,fear
"After thinking about it, Honestly, losing the opportunity makes me feel unhappy. I can feel it strongly.",sadness
"At this moment, I feel incredibly speechless about the shocking update.",surprise
"To be honest, It is hard to hide how unexpectedly amazed I feel about the sudden gift. I can feel it strongly.",surprise
"At this moment, I am resentful because of being ignored. I can feel it strongly.",anger
I feel very terrified about the sudden noise.,fear
"At this moment, Today I feel irritated; it is connected to the unfair decision. I can feel it strongly.",anger
"I have to admit, It is hard to hide how sad I feel about the difficult goodbye. That is my honest reaction.",sadness
Thinking about missing my friends leaves me unhappy. That is my honest reaction.,sadness
Right now I am truly nervous. I can feel it strongly.,fear
"I have to admit, I am resentful because of the rude response.",anger
"After thinking about it, I feel deeply down about losing the opportunity. It has stayed on my mind.",sadness
"After thinking about it, I feel incredibly pleased about the new opportunity. I can feel it strongly.",joy
Thinking about the broken promise leaves me resentful. I can feel it strongly.,anger
"Honestly, the difficult goodbye makes me feel heartbroken. That is my honest reaction.",sadness
"I have to admit, Honestly, the unexpected announcement makes me feel shocked. The feeling is difficult to ignore.",surprise
"At this moment, I am grateful because of my great result. That is my honest reaction.",joy
"To be honest, Right now I am extremely close.",love
"At this moment, It is hard to hide how unexpectedly amazed I feel about the surprise visitor. That is my honest reaction.",surprise
"I have to admit, Thinking about the failed plan leaves me sad. I can feel it strongly.",sadness
"At this moment, I am heartbroken because of the failed plan. I can feel it strongly.",sadness
"To be honest, It is hard to hide how unexpectedly amazed I feel about the last-minute change. That is my honest reaction.",surprise
"After thinking about it, Honestly, a thoughtful message makes me feel caring. That is my honest reaction.",love
It is hard to hide how shocked I feel about the sudden gift. That is my honest reaction.,surprise
"At this moment, I am excited because of meeting my friends.",joy
"After thinking about it, Today I feel panicked; it is connected to the uncertain situation. The feeling is difficult to ignore.",fear
"After thinking about it, Thinking about the sudden noise leaves me afraid. The feeling is difficult to ignore.",fear
"To be honest, The way I feel can only be described as happy. That is my honest reaction.",joy
It is hard to hide how delighted I feel about my great result. That is my honest reaction.,joy
"After thinking about it, Honestly, a lonely evening makes me feel miserable. I can feel it strongly.",sadness
"At this moment, My mood is outraged after the broken promise. That is my honest reaction.",anger
"At this moment, Right now I am truly joyful. I can feel it strongly.",joy
"After thinking about it, I am mad because of the broken promise. I can feel it strongly.",anger
I feel truly affectionate about the kindness I received. That is my honest reaction.,love
"I have to admit, Honestly, the sudden noise makes me feel anxious. That is my honest reaction.",fear
"I have to admit, I keep feeling angry whenever I remember the unfair decision. That is my honest reaction.",anger
"To be honest, I feel really sorrowful about the failed plan.",sadness
"At this moment, Honestly, the unexpected announcement makes me feel speechless.",surprise
"After thinking about it, Thinking about my family leaves me close. The feeling is difficult to ignore.",love
"To be honest, The way I feel can only be described as disappointed.",sadness
Today I feel tearful; it is connected to the disappointing news. I can feel it strongly.,sadness
It is hard to hide how grateful I feel about the wonderful celebration. It has stayed on my mind.,joy
I feel incredibly shocked about the shocking update. It has stayed on my mind.,surprise
"I have to admit, I feel incredibly grateful about finishing the project.",joy
"I have to admit, I am grateful because of my great result. That is my honest reaction.",joy
"After thinking about it, I keep feeling frightened whenever I remember the sudden noise. That is my honest reaction.",fear
"I have to admit, I am unhappy because of a lonely evening. The feeling is difficult to ignore.",sadness
"To be honest, Right now I am very terrified. The feeling is difficult to ignore.",fear
"I have to admit, Honestly, the wonderful celebration makes me feel happy. It has stayed on my mind.",joy
"To be honest, The way I feel can only be described as lonely.",sadness
"After thinking about it, My mood is unhappy after the difficult goodbye. That is my honest reaction.",sadness
"At this moment, I keep feeling mad whenever I remember the unfair decision. The feeling is difficult to ignore.",anger
"Honestly, the rude response makes me feel angry.",anger
"I have to admit, It is hard to hide how close I feel about my family. The feeling is difficult to ignore.",love
"I have to admit, My mood is disappointed after the difficult goodbye. I can feel it strongly.",sadness
"I have to admit, I feel really unhappy about the failed plan.",sadness
"I have to admit, I am excited because of meeting my friends.",joy
I keep feeling uneasy whenever I remember the sudden noise. The feeling is difficult to ignore.,fear
"I have to admit, I feel quite startled about the last-minute change. It has stayed on my mind.",surprise
"To be honest, Honestly, missing my friends makes me feel unhappy. It has stayed on my mind.",sadness
"After thinking about it, The way I feel can only be described as caring. The feeling is difficult to ignore.",love
"I have to admit, I feel truly taken aback about the unbelievable result. The feeling is difficult to ignore.",surprise
"I have to admit, I am unhappy because of the difficult goodbye. The feeling is difficult to ignore.",sadness
"At this moment, My mood is adored after a thoughtful message. I can feel it strongly.",love
"I have to admit, I am delighted because of today's good news. I can feel it strongly.",joy
"After thinking about it, The way I feel can only be described as unhappy. The feeling is difficult to ignore.",sadness
"After thinking about it, Honestly, the last-minute change makes me feel speechless. That is my honest reaction.",surprise
"To be honest, I keep feeling terrified whenever I remember the upcoming examination. It has stayed on my mind.",fear
"At this moment, I feel really lonely about the disappointing news. The feeling is difficult to ignore.",sadness
"After thinking about it, I am miserable because of the difficult goodbye. The feeling is difficult to ignore.",sadness
"After thinking about it, I keep feeling pleased whenever I remember my great result.",joy
"At this moment, Thinking about the new opportunity leaves me excited. It has stayed on my mind.",joy
"To be honest, Right now I am completely in disbelief. I can feel it strongly.",surprise
"At this moment, I am cross because of the unnecessary delay. That is my honest reaction.",anger
"I have to admit, I feel incredibly romantic about our time together. That is my honest reaction.",love
"To be honest, It is hard to hide how stunned I feel about the sudden gift. It has stayed on my mind.",surprise
"I have to admit, It is hard to hide how scared I feel about what might happen tomorrow.",fear
"After thinking about it, My mood is grateful after the new opportunity. That is my honest reaction.",joy
"At this moment, Honestly, today's good news makes me feel happy. I can feel it strongly.",joy
The way I feel can only be described as shocked. It has stayed on my mind.,surprise
"I have to admit, I feel really panicked about the upcoming examination. It has stayed on my mind.",fear
"To be honest, I keep feeling sorrowful whenever I remember the disappointing news. That is my honest reaction.",sadness
"I have to admit, My mood is frustrated after the repeated mistake. That is my honest reaction.",anger
"After thinking about it, Honestly, a lonely evening makes me feel sad.",sadness
"I have to admit, My mood is cross after the broken promise. I can feel it strongly.",anger
"Honestly, the failed plan makes me feel disappointed. The feeling is difficult to ignore.",sadness
Today I feel uneasy; it is connected to the uncertain situation. I can feel it strongly.,fear
"To be honest, Thinking about the unnecessary delay leaves me frustrated. I can feel it strongly.",anger
"To be honest, The way I feel can only be described as outraged. I can feel it strongly.",anger
"I have to admit, Right now I am very enraged. The feeling is difficult to ignore.",anger
"After thinking about it, I keep feeling devoted whenever I remember the person I care about. I can feel it strongly.",love
"To be honest, My mood is afraid after the upcoming examination. That is my honest reaction.",fear
"I have to admit, Thinking about the unexpected announcement leaves me astonished. The feeling is difficult to ignore.",surprise
"After thinking about it, Thinking about speaking in public leaves me scared. I can feel it strongly.",fear
"To be honest, The way I feel can only be described as unexpectedly amazed. I can feel it strongly.",surprise
"At this moment, I keep feeling unexpectedly amazed whenever I remember the surprise visitor. It has stayed on my mind.",surprise
"After thinking about it, The way I feel can only be described as cross. The feeling is difficult to ignore.",anger
I feel genuinely affectionate about a thoughtful message. The feeling is difficult to ignore.,love
Today I feel romantic; it is connected to our time together.,love
"At this moment, It is hard to hide how delighted I feel about my great result.",joy
"I have to admit, Today I feel sad; it is connected to missing my friends. The feeling is difficult to ignore.",sadness
"To be honest, I feel extremely devoted about my family. The feeling is difficult to ignore.",love
"I have to admit, Today I feel heartbroken; it is connected to the disappointing news. It has stayed on my mind.",sadness
"To be honest, It is hard to hide how adored I feel about my family. The feeling is difficult to ignore.",love
Right now I am deeply grateful.,joy
"After thinking about it, I keep feeling romantic whenever I remember our time together. That is my honest reaction.",love
"At this moment, I keep feeling shocked whenever I remember the unexpected announcement.",surprise
"At this moment, I am unexpectedly amazed because of the sudden gift.",surprise
"I have to admit, Thinking about the last-minute change leaves me unexpectedly amazed. That is my honest reaction.",surprise
"After thinking about it, Today I feel pleased; it is connected to the new opportunity. It has stayed on my mind.",joy
"After thinking about it, I feel genuinely heartbroken about missing my friends. The feeling is difficult to ignore.",sadness
I feel incredibly fond about the kindness I received.,love
"At this moment, Thinking about a lonely evening leaves me down.",sadness
"I have to admit, The way I feel can only be described as tender. That is my honest reaction.",love
"At this moment, I am nervous because of the uncertain situation. I can feel it strongly.",fear
"To be honest, Today I feel stunned; it is connected to the last-minute change.",surprise
"To be honest, I feel completely heartbroken about missing my friends. It has stayed on my mind.",sadness
"At this moment, I am stunned because of the shocking update. The feeling is difficult to ignore.",surprise
I feel quite unexpectedly amazed about the shocking update.,surprise
"After thinking about it, Right now I am extremely amazed. The feeling is difficult to ignore.",surprise
"At this moment, Thinking about meeting my friends leaves me cheerful. It has stayed on my mind.",joy
"I have to admit, The way I feel can only be described as uneasy. It has stayed on my mind.",fear
"To be honest, I keep feeling frightened whenever I remember the uncertain situation. It has stayed on my mind.",fear
"After thinking about it, My mood is adored after the person I care about. It has stayed on my mind.",love
"After thinking about it, I feel genuinely affectionate about a thoughtful message. The feeling is difficult to ignore.",love
I am worried because of what might happen tomorrow. It has stayed on my mind.,fear
"I have to admit, Today I feel fearful; it is connected to what might happen tomorrow. The feeling is difficult to ignore.",fear
"After thinking about it, Today I feel gloomy; it is connected to losing the opportunity.",sadness
"I have to admit, I keep feeling lonely whenever I remember the failed plan. The feeling is difficult to ignore.",sadness
"After thinking about it, It is hard to hide how amazed I feel about the surprise visitor.",surprise
"At this moment, Thinking about the difficult goodbye leaves me heartbroken.",sadness
"At this moment, My mood is frustrated after the repeated mistake. I can feel it strongly.",anger
I feel deeply afraid about what might happen tomorrow. That is my honest reaction.,fear
"At this moment, Honestly, the unbelievable result makes me feel taken aback. That is my honest reaction.",surprise
"At this moment, The way I feel can only be described as resentful. It has stayed on my mind.",anger
"At this moment, I am miserable because of a lonely evening. That is my honest reaction.",sadness
"To be honest, Thinking about the kindness I received leaves me adored. The feeling is difficult to ignore.",love
"I have to admit, Honestly, the failed plan makes me feel disappointed.",sadness
"Honestly, missing my friends makes me feel unhappy.",sadness
"I have to admit, It is hard to hide how down I feel about missing my friends. That is my honest reaction.",sadness
"After thinking about it, Right now I am very anxious. That is my honest reaction.",fear
"I have to admit, The way I feel can only be described as frustrated. That is my honest reaction.",anger
"To be honest, It is hard to hide how anxious I feel about the uncertain situation.",fear
"At this moment, My mood is frustrated after the broken promise. It has stayed on my mind.",anger
"I have to admit, Honestly, the new opportunity makes me feel optimistic. The feeling is difficult to ignore.",joy
"I have to admit, I am shocked because of the shocking update. That is my honest reaction.",surprise
"To be honest, I am romantic because of our time together.",love
"I have to admit, Honestly, the broken promise makes me feel angry. I can feel it strongly.",anger
"I have to admit, I keep feeling grateful whenever I remember my great result. I can feel it strongly.",joy
"After thinking about it, It is hard to hide how enraged I feel about the unfair decision.",anger
My mood is sorrowful after a lonely evening. That is my honest reaction.,sadness
"At this moment, I am sad because of the difficult goodbye. It has stayed on my mind.",sadness
I am outraged because of the broken promise.,anger
"After thinking about it, Right now I am so panicked. That is my honest reaction.",fear
"To be honest, I feel deeply heartbroken about the difficult goodbye. That is my honest reaction.",sadness
"After thinking about it, Today I feel unhappy; it is connected to a lonely evening. It has stayed on my mind.",sadness
"After thinking about it, Today I feel annoyed; it is connected to the unfair decision. It has stayed on my mind.",anger
"I have to admit, I keep feeling uneasy whenever I remember the sudden noise. It has stayed on my mind.",fear
"At this moment, Right now I am truly devoted.",love
I am loving because of the kindness I received. I can feel it strongly.,love
"At this moment, Today I feel fond; it is connected to a thoughtful message. The feeling is difficult to ignore.",love
"To be honest, I keep feeling heartbroken whenever I remember the difficult goodbye. That is my honest reaction.",sadness
"At this moment, It is hard to hide how grateful I feel about meeting my friends. The feeling is difficult to ignore.",joy
"I have to admit, It is hard to hide how surprised I feel about the sudden gift. I can feel it strongly.",surprise
"After thinking about it, My mood is startled after the unexpected announcement. That is my honest reaction.",surprise
"At this moment, Today I feel resentful; it is connected to the repeated mistake.",anger
"After thinking about it, Honestly, finishing the project makes me feel pleased. It has stayed on my mind.",joy
"Honestly, my great result makes me feel joyful. I can feel it strongly.",joy
"To be honest, The way I feel can only be described as loving. I can feel it strongly.",love
"At this moment, I feel very uneasy about what might happen tomorrow.",fear
"I have to admit, I keep feeling lonely whenever I remember the failed plan. That is my honest reaction.",sadness
"To be honest, My mood is frightened after the upcoming examination. The feeling is difficult to ignore.",fear
I keep feeling terrified whenever I remember the uncertain situation. It has stayed on my mind.,fear
"After thinking about it, Today I feel gloomy; it is connected to a lonely evening. I can feel it strongly.",sadness
"I have to admit, The way I feel can only be described as unhappy. The feeling is difficult to ignore.",sadness
"I have to admit, The way I feel can only be described as nervous. I can feel it strongly.",fear
"After thinking about it, It is hard to hide how gloomy I feel about losing the opportunity. The feeling is difficult to ignore.",sadness
"At this moment, Today I feel tender; it is connected to our time together. The feeling is difficult to ignore.",love
Today I feel surprised; it is connected to the shocking update. The feeling is difficult to ignore.,surprise
"I have to admit, Today I feel nervous; it is connected to the risky journey. That is my honest reaction.",fear
"I have to admit, I keep feeling in disbelief whenever I remember the surprise visitor. It has stayed on my mind.",surprise
"To be honest, I keep feeling tearful whenever I remember losing the opportunity.",sadness
"I have to admit, Today I feel resentful; it is connected to the broken promise.",anger
"I have to admit, Thinking about the sudden gift leaves me amazed. I can feel it strongly.",surprise
"After thinking about it, Right now I am very sad. It has stayed on my mind.",sadness
"After thinking about it, Honestly, missing my friends makes me feel sorrowful.",sadness
I feel so afraid about the risky journey.,fear
"To be honest, My mood is unhappy after a lonely evening.",sadness
Right now I am incredibly thrilled. I can feel it strongly.,joy
"At this moment, Honestly, the difficult goodbye makes me feel unhappy. It has stayed on my mind.",sadness
"At this moment, It is hard to hide how wonderful I feel about the wonderful celebration. It has stayed on my mind.",joy
I am irritated because of the repeated mistake. It has stayed on my mind.,anger
"At this moment, Honestly, finishing the project makes me feel cheerful. I can feel it strongly.",joy
"I have to admit, It is hard to hide how irritated I feel about being ignored.",anger
"At this moment, It is hard to hide how stunned I feel about the surprise visitor. I can feel it strongly.",surprise
"At this moment, Honestly, the kindness I received makes me feel loving.",love
"To be honest, Honestly, the sudden gift makes me feel in disbelief.",surprise
"After thinking about it, Right now I am extremely resentful. The feeling is difficult to ignore.",anger
I keep feeling miserable whenever I remember missing my friends.,sadness
"At this moment, It is hard to hide how down I feel about a lonely evening. I can feel it strongly.",sadness
My mood is disappointed after losing the opportunity. I can feel it strongly.,sadness
"I have to admit, Honestly, the upcoming examination makes me feel afraid. That is my honest reaction.",fear
"After thinking about it, I am cheerful because of meeting my friends. That is my honest reaction.",joy
"I have to admit, Today I feel worried; it is connected to the uncertain situation. The feeling is difficult to ignore.",fear
"To be honest, My mood is amazed after the last-minute change. The feeling is difficult to ignore.",surprise
I keep feeling terrified whenever I remember the upcoming examination. The feeling is difficult to ignore.,fear
"I have to admit, I am excited because of finishing the project. It has stayed on my mind.",joy
Right now I am incredibly caring. That is my honest reaction.,love
"I have to admit, I feel quite scared about the upcoming examination. The feeling is difficult to ignore.",fear
"I have to admit, Honestly, a lonely evening makes me feel down. It has stayed on my mind.",sadness
"After thinking about it, It is hard to hide how happy I feel about finishing the project.",joy
"To be honest, I keep feeling anxious whenever I remember what might happen tomorrow.",fear
"After thinking about it, Today I feel angry; it is connected to being ignored. I can feel it strongly.",anger
"To be honest, Today I feel outraged; it is connected to the unfair decision. That is my honest reaction.",anger
"I have to admit, Today I feel caring; it is connected to a thoughtful message. The feeling is difficult to ignore.",love
"To be honest, Today I feel thrilled; it is connected to today's good news. The feeling is difficult to ignore.",joy
"To be honest, Right now I am incredibly romantic.",love
It is hard to hide how affectionate I feel about my closest friend.,love
"After thinking about it, I am in disbelief because of the surprise visitor. I can feel it strongly.",surprise
"I have to admit, The way I feel can only be described as unexpectedly amazed.",surprise
I am worried because of the upcoming examination. I can feel it strongly.,fear
"I have to admit, I feel completely scared about what might happen tomorrow. It has stayed on my mind.",fear
"To be honest, I feel very loving about a thoughtful message. That is my honest reaction.",love
"I have to admit, It is hard to hide how resentful I feel about being ignored. That is my honest reaction.",anger
"After thinking about it, Thinking about today's good news leaves me pleased. That is my honest reaction.",joy
"To be honest, Honestly, the surprise visitor makes me feel speechless. It has stayed on my mind.",surprise
"After thinking about it, I feel so heartbroken about the disappointing news. That is my honest reaction.",sadness
"After thinking about it, I am cheerful because of my great result. It has stayed on my mind.",joy
"After thinking about it, Today I feel angry; it is connected to the broken promise. That is my honest reaction.",anger
"To be honest, I am sorrowful because of a lonely evening. The feeling is difficult to ignore.",sadness
"After thinking about it, I feel extremely adored about the kindness I received. It has stayed on my mind.",love
"I have to admit, Honestly, the disappointing news makes me feel sad. I can feel it strongly.",sadness
"At this moment, My mood is disappointed after the failed plan. The feeling is difficult to ignore.",sadness
"At this moment, Honestly, the failed plan makes me feel heartbroken. I can feel it strongly.",sadness
"At this moment, Right now I am genuinely cheerful. The feeling is difficult to ignore.",joy
"At this moment, I am caring because of the kindness I received. That is my honest reaction.",love
"To be honest, Honestly, the rude response makes me feel enraged. The feeling is difficult to ignore.",anger
"To be honest, Right now I am so lonely. The feeling is difficult to ignore.",sadness
"After thinking about it, My mood is wonderful after my great result. I can feel it strongly.",joy
"At this moment, I feel extremely happy about my great result. The feeling is difficult to ignore.",joy
"I have to admit, Right now I am truly optimistic.",joy
My mood is uneasy after the risky journey.,fear
"At this moment, I keep feeling cross whenever I remember the unnecessary delay. The feeling is difficult to ignore.",anger
"To be honest, My mood is tender after our time together. It has stayed on my mind.",love
Thinking about my closest friend leaves me loving. I can feel it strongly.,love
It is hard to hide how tearful I feel about the failed plan.,sadness
"After thinking about it, My mood is worried after what might happen tomorrow. It has stayed on my mind.",fear
"At this moment, I keep feeling delighted whenever I remember today's good news. That is my honest reaction.",joy
"After thinking about it, I feel extremely panicked about the sudden noise.",fear
"To be honest, Today I feel unhappy; it is connected to a lonely evening. I can feel it strongly.",sadness
"After thinking about it, I keep feeling miserable whenever I remember the disappointing news. It has stayed on my mind.",sadness
My mood is afraid after the risky journey.,fear
"To be honest, My mood is joyful after today's good news. That is my honest reaction.",joy
"After thinking about it, The way I feel can only be described as affectionate. That is my honest reaction.",love
"I have to admit, My mood is startled after the unbelievable result. I can feel it strongly.",surprise
"To be honest, Today I feel excited; it is connected to meeting my friends.",joy
"To be honest, I feel deeply down about the disappointing news.",sadness
"I have to admit, My mood is speechless after the shocking update.",surprise
"At this moment, I am in disbelief because of the last-minute change. I can feel it strongly.",surprise
"I have to admit, Honestly, the uncertain situation makes me feel terrified. That is my honest reaction.",fear
"I have to admit, I keep feeling astonished whenever I remember the unbelievable result. That is my honest reaction.",surprise
"To be honest, My mood is fearful after the upcoming examination.",fear
"To be honest, It is hard to hide how taken aback I feel about the unbelievable result. That is my honest reaction.",surprise
Thinking about the risky journey leaves me frightened. I can feel it strongly.,fear
Right now I am very astonished. I can feel it strongly.,surprise
"I have to admit, The way I feel can only be described as cheerful. That is my honest reaction.",joy
"At this moment, The way I feel can only be described as afraid. The feeling is difficult to ignore.",fear
"At this moment, Thinking about my great result leaves me grateful. That is my honest reaction.",joy
"At this moment, My mood is sad after the disappointing news.",sadness
My mood is unhappy after a lonely evening. I can feel it strongly.,sadness
"At this moment, My mood is thrilled after finishing the project.",joy
"At this moment, I am taken aback because of the surprise visitor. That is my honest reaction.",surprise
"At this moment, Thinking about my great result leaves me excited. That is my honest reaction.",joy
"I have to admit, Right now I am very scared. The feeling is difficult to ignore.",fear
"At this moment, I am worried because of the upcoming examination. That is my honest reaction.",fear
"I have to admit, Thinking about the upcoming examination leaves me nervous. That is my honest reaction.",fear
"At this moment, The way I feel can only be described as resentful. That is my honest reaction.",anger
I keep feeling shocked whenever I remember the last-minute change. That is my honest reaction.,surprise
Right now I am genuinely excited.,joy
"To be honest, I am shocked because of the unbelievable result. I can feel it strongly.",surprise
"To be honest, Today I feel sad; it is connected to the disappointing news. I can feel it strongly.",sadness
"After thinking about it, Right now I am so sorrowful.",sadness
I keep feeling tender whenever I remember my family.,love
I am startled because of the surprise visitor.,surprise
"After thinking about it, I feel completely in disbelief about the surprise visitor. It has stayed on my mind.",surprise
"To be honest, It is hard to hide how shocked I feel about the shocking update. The feeling is difficult to ignore.",surprise
"At this moment, I feel extremely tearful about the failed plan. I can feel it strongly.",sadness
"After thinking about it, I keep feeling affectionate whenever I remember the person I care about. That is my honest reaction.",love
"At this moment, Right now I am extremely frustrated. It has stayed on my mind.",anger
"To be honest, I feel very worried about the sudden noise. I can feel it strongly.",fear
"After thinking about it, Honestly, the unfair decision makes me feel annoyed. It has stayed on my mind.",anger
"At this moment, I keep feeling resentful whenever I remember the broken promise. That is my honest reaction.",anger
"After thinking about it, Honestly, missing my friends makes me feel disappointed. I can feel it strongly.",sadness
"I have to admit, The way I feel can only be described as outraged. I can feel it strongly.",anger
Thinking about the disappointing news leaves me sorrowful. I can feel it strongly.,sadness
"I have to admit, Right now I am genuinely annoyed. The feeling is difficult to ignore.",anger
Right now I am deeply cross. That is my honest reaction.,anger
"At this moment, I am frightened because of the risky journey.",fear
"Honestly, the difficult goodbye makes me feel sad. It has stayed on my mind.",sadness
"At this moment, Today I feel close; it is connected to our time together. That is my honest reaction.",love
"I have to admit, I am anxious because of the uncertain situation. The feeling is difficult to ignore.",fear
Right now I am quite amazed. The feeling is difficult to ignore.,surprise
I am anxious because of the uncertain situation. That is my honest reaction.,fear
"I have to admit, I am furious because of the unfair decision. The feeling is difficult to ignore.",anger
"To be honest, Right now I am really miserable. The feeling is difficult to ignore.",sadness
"Honestly, what might happen tomorrow makes me feel nervous. It has stayed on my mind.",fear
"To be honest, I feel so annoyed about the repeated mistake. That is my honest reaction.",anger
"Honestly, a lonely evening makes me feel sad. The feeling is difficult to ignore.",sadness
"I have to admit, I keep feeling amazed whenever I remember the surprise visitor. I can feel it strongly.",surprise
"At this moment, I feel extremely joyful about finishing the project.",joy
"At this moment, I keep feeling warm whenever I remember my family. The feeling is difficult to ignore.",love
"To be honest, Right now I am deeply devoted. That is my honest reaction.",love
The way I feel can only be described as fond.,love
The way I feel can only be described as frustrated. I can feel it strongly.,anger
I feel deeply annoyed about the broken promise. That is my honest reaction.,anger
"To be honest, I feel genuinely terrified about the upcoming examination. It has stayed on my mind.",fear
"After thinking about it, I feel incredibly panicked about the upcoming examination.",fear
"After thinking about it, Honestly, the kindness I received makes me feel tender. The feeling is difficult to ignore.",love
"To be honest, My mood is unhappy after a lonely evening. That is my honest reaction.",sadness
"To be honest, Thinking about my great result leaves me grateful. I can feel it strongly.",joy
I feel so cheerful about today's good news. I can feel it strongly.,joy
The way I feel can only be described as optimistic.,joy
I am lonely because of a lonely evening. The feeling is difficult to ignore.,sadness
"To be honest, My mood is happy after finishing the project. It has stayed on my mind.",joy
"After thinking about it, The way I feel can only be described as shocked. It has stayed on my mind.",surprise
"At this moment, Right now I am extremely warm. It has stayed on my mind.",love
"After thinking about it, The way I feel can only be described as amazed. I can feel it strongly.",surprise
Right now I am completely happy. It has stayed on my mind.,joy
"After thinking about it, Thinking about finishing the project leaves me delighted. I can feel it strongly.",joy
"To be honest, I feel very sorrowful about the disappointing news. It has stayed on my mind.",sadness
I feel incredibly miserable about losing the opportunity. The feeling is difficult to ignore.,sadness
"At this moment, Right now I am really grateful. It has stayed on my mind.",joy
"At this moment, Today I feel angry; it is connected to the unfair decision. The feeling is difficult to ignore.",anger
"At this moment, My mood is gloomy after the failed plan. I can feel it strongly.",sadness
I am scared because of the sudden noise.,fear
"I have to admit, The way I feel can only be described as disappointed. The feeling is difficult to ignore.",sadness
"After thinking about it, I keep feeling excited whenever I remember today's good news.",joy
"I have to admit, I keep feeling astonished whenever I remember the unexpected announcement. I can feel it strongly.",surprise
"After thinking about it, I feel truly frustrated about the unfair decision. It has stayed on my mind.",anger
"At this moment, I feel genuinely in disbelief about the shocking update.",surprise
"To be honest, The way I feel can only be described as caring.",love
"After thinking about it, I am terrified because of speaking in public. The feeling is difficult to ignore.",fear
"At this moment, My mood is shocked after the shocking update. The feeling is difficult to ignore.",surprise
"To be honest, I keep feeling tearful whenever I remember the failed plan. I can feel it strongly.",sadness
"To be honest, It is hard to hide how worried I feel about speaking in public.",fear
"To be honest, Thinking about the unexpected announcement leaves me startled.",surprise
"After thinking about it, Thinking about the upcoming examination leaves me scared. That is my honest reaction.",fear
My mood is stunned after the surprise visitor. It has stayed on my mind.,surprise
I feel quite frustrated about the broken promise. That is my honest reaction.,anger
"To be honest, The way I feel can only be described as afraid. That is my honest reaction.",fear
"I have to admit, Right now I am really startled.",surprise
"I have to admit, Thinking about the shocking update leaves me startled.",surprise
"To be honest, Thinking about the difficult goodbye leaves me down. It has stayed on my mind.",sadness
It is hard to hide how down I feel about the disappointing news. I can feel it strongly.,sadness
"At this moment, My mood is in disbelief after the surprise visitor.",surprise
"To be honest, It is hard to hide how afraid I feel about the sudden noise.",fear
"To be honest, I am gloomy because of the failed plan. That is my honest reaction.",sadness
"I have to admit, I am fearful because of the sudden noise. The feeling is difficult to ignore.",fear
"To be honest, Thinking about the sudden noise leaves me worried. I can feel it strongly.",fear
"After thinking about it, Honestly, speaking in public makes me feel frightened. That is my honest reaction.",fear
I feel genuinely stunned about the sudden gift. That is my honest reaction.,surprise
"After thinking about it, I keep feeling speechless whenever I remember the unbelievable result. I can feel it strongly.",surprise
"After thinking about it, The way I feel can only be described as resentful. That is my honest reaction.",anger
"To be honest, My mood is frustrated after the rude response. The feeling is difficult to ignore.",anger
"After thinking about it, My mood is stunned after the sudden gift. It has stayed on my mind.",surprise
"I have to admit, Thinking about the risky journey leaves me terrified. It has stayed on my mind.",fear
"I have to admit, Today I feel unexpectedly amazed; it is connected to the sudden gift.",surprise
"After thinking about it, I am loving because of my closest friend. I can feel it strongly.",love
"To be honest, Right now I am truly wonderful.",joy
"After thinking about it, It is hard to hide how sorrowful I feel about losing the opportunity.",sadness
The way I feel can only be described as anxious. That is my honest reaction.,fear
"Honestly, our time together makes me feel affectionate. I can feel it strongly.",love
"To be honest, Right now I am quite excited. It has stayed on my mind.",joy
"After thinking about it, It is hard to hide how irritated I feel about the unnecessary delay. I can feel it strongly.",anger
"At this moment, The way I feel can only be described as furious.",anger
"At this moment, I feel so lonely about the failed plan. The feeling is difficult to ignore.",sadness
"At this moment, I feel extremely sad about missing my friends. That is my honest reaction.",sadness
"I have to admit, Honestly, the shocking update makes me feel surprised. I can feel it strongly.",surprise
"I have to admit, It is hard to hide how cross I feel about the unnecessary delay.",anger
"After thinking about it, I am adored because of my family. That is my honest reaction.",love
"I have to admit, Thinking about the broken promise leaves me frustrated. The feeling is difficult to ignore.",anger
"After thinking about it, Honestly, speaking in public makes me feel frightened. The feeling is difficult to ignore.",fear
"To be honest, I feel genuinely outraged about being ignored. I can feel it strongly.",anger
"After thinking about it, Honestly, the surprise visitor makes me feel startled.",surprise
"At this moment, My mood is panicked after the risky journey. I can feel it strongly.",fear
"Honestly, missing my friends makes me feel disappointed. The feeling is difficult to ignore.",sadness
"I have to admit, Today I feel affectionate; it is connected to our time together.",love
I keep feeling grateful whenever I remember finishing the project. I can feel it strongly.,joy
"I have to admit, The way I feel can only be described as optimistic.",joy
"I have to admit, My mood is frustrated after being ignored. That is my honest reaction.",anger
The way I feel can only be described as excited. I can feel it strongly.,joy
"To be honest, I feel genuinely annoyed about the rude response. That is my honest reaction.",anger
"To be honest, I keep feeling cheerful whenever I remember today's good news. That is my honest reaction.",joy
I am surprised because of the shocking update. It has stayed on my mind.,surprise
It is hard to hide how thrilled I feel about the new opportunity.,joy
"To be honest, Honestly, a thoughtful message makes me feel affectionate.",love
Today I feel annoyed; it is connected to the unfair decision. I can feel it strongly.,anger
"After thinking about it, I keep feeling tearful whenever I remember the disappointing news. That is my honest reaction.",sadness
"After thinking about it, I keep feeling tearful whenever I remember the failed plan. That is my honest reaction.",sadness
"I have to admit, My mood is romantic after the person I care about. That is my honest reaction.",love
"After thinking about it, My mood is surprised after the unexpected announcement. The feeling is difficult to ignore.",surprise
"At this moment, The way I feel can only be described as joyful. It has stayed on my mind.",joy
"After thinking about it, I feel extremely adored about a thoughtful message. It has stayed on my mind.",love
"To be honest, Honestly, the unnecessary delay makes me feel cross. The feeling is difficult to ignore.",anger
"I have to admit, I feel deeply sorrowful about the difficult goodbye. It has stayed on my mind.",sadness
"After thinking about it, It is hard to hide how nervous I feel about what might happen tomorrow.",fear
"I have to admit, Honestly, my great result makes me feel excited.",joy
"To be honest, The way I feel can only be described as worried.",fear
"At this moment, Today I feel lonely; it is connected to the disappointing news. That is my honest reaction.",sadness
"After thinking about it, I feel quite grateful about the new opportunity.",joy
"At this moment, Right now I am very happy. I can feel it strongly.",joy
"Honestly, my great result makes me feel happy. It has stayed on my mind.",joy
I am fond because of my closest friend.,love
"At this moment, Honestly, today's good news makes me feel optimistic. The feeling is difficult to ignore.",joy
My mood is happy after today's good news. That is my honest reaction.,joy
"To be honest, I keep feeling worried whenever I remember what might happen tomorrow. That is my honest reaction.",fear
I keep feeling enraged whenever I remember the unfair decision. That is my honest reaction.,anger
"After thinking about it, I keep feeling worried whenever I remember the risky journey. I can feel it strongly.",fear
Today I feel cheerful; it is connected to the wonderful celebration. It has stayed on my mind.,joy
"I have to admit, It is hard to hide how anxious I feel about the uncertain situation. The feeling is difficult to ignore.",fear
Today I feel sorrowful; it is connected to missing my friends. That is my honest reaction.,sadness
"I have to admit, I feel truly happy about meeting my friends.",joy
"To be honest, Honestly, the kindness I received makes me feel warm. It has stayed on my mind.",love
"I have to admit, Thinking about my great result leaves me grateful. The feeling is difficult to ignore.",joy
Today I feel frightened; it is connected to speaking in public. The feeling is difficult to ignore.,fear
"At this moment, Honestly, our time together makes me feel tender. The feeling is difficult to ignore.",love
I keep feeling startled whenever I remember the last-minute change. I can feel it strongly.,surprise
"After thinking about it, Right now I am extremely thrilled. That is my honest reaction.",joy
"At this moment, The way I feel can only be described as tearful. The feeling is difficult to ignore.",sadness
"After thinking about it, I am scared because of the risky journey. That is my honest reaction.",fear
"To be honest, Thinking about the shocking update leaves me shocked. That is my honest reaction.",surprise
"To be honest, It is hard to hide how frightened I feel about the sudden noise.",fear
"After thinking about it, Thinking about missing my friends leaves me gloomy. The feeling is difficult to ignore.",sadness
I keep feeling sorrowful whenever I remember a lonely evening. That is my honest reaction.,sadness
"After thinking about it, Honestly, my great result makes me feel wonderful.",joy
"I have to admit, Honestly, speaking in public makes me feel nervous. It has stayed on my mind.",fear
"After thinking about it, I feel deeply grateful about today's good news. The feeling is difficult to ignore.",joy
"To be honest, The way I feel can only be described as miserable. That is my honest reaction.",sadness
"I have to admit, Honestly, missing my friends makes me feel gloomy. The feeling is difficult to ignore.",sadness
"At this moment, Right now I am quite scared.",fear
I am sorrowful because of the disappointing news. The feeling is difficult to ignore.,sadness
"I have to admit, I keep feeling romantic whenever I remember our time together.",love
I keep feeling affectionate whenever I remember the kindness I received. The feeling is difficult to ignore.,love
"At this moment, Today I feel enraged; it is connected to the unfair decision. It has stayed on my mind.",anger
I keep feeling joyful whenever I remember meeting my friends. That is my honest reaction.,joy
"To be honest, Today I feel sad; it is connected to a lonely evening. That is my honest reaction.",sadness
"At this moment, I feel genuinely taken aback about the sudden gift. That is my honest reaction.",surprise
Thinking about today's good news leaves me optimistic. That is my honest reaction.,joy
I feel very close about our time together. That is my honest reaction.,love
"At this moment, I keep feeling shocked whenever I remember the sudden gift.",surprise
"I have to admit, Today I feel fearful; it is connected to the risky journey. The feeling is difficult to ignore.",fear
"To be honest, It is hard to hide how amazed I feel about the unexpected announcement.",surprise
"I have to admit, Honestly, the difficult goodbye makes me feel gloomy. I can feel it strongly.",sadness
I feel genuinely taken aback about the last-minute change. It has stayed on my mind.,surprise
"After thinking about it, I keep feeling worried whenever I remember the sudden noise. I can feel it strongly.",fear
The way I feel can only be described as heartbroken. That is my honest reaction.,sadness
"At this moment, The way I feel can only be described as close. The feeling is difficult to ignore.",love
"To be honest, Thinking about the unnecessary delay leaves me annoyed. The feeling is difficult to ignore.",anger
"Honestly, the surprise visitor makes me feel speechless.",surprise
"I have to admit, Right now I am genuinely excited. It has stayed on my mind.",joy
"To be honest, Right now I am truly romantic. The feeling is difficult to ignore.",love
"I have to admit, I feel completely terrified about the uncertain situation. It has stayed on my mind.",fear
"After thinking about it, I keep feeling loving whenever I remember my closest friend. The feeling is difficult to ignore.",love
"To be honest, The way I feel can only be described as sad. That is my honest reaction.",sadness
Today I feel tender; it is connected to the person I care about. The feeling is difficult to ignore.,love
I feel very startled about the shocking update. It has stayed on my mind.,surprise
"I have to admit, Honestly, missing my friends makes me feel unhappy. That is my honest reaction.",sadness
"I have to admit, The way I feel can only be described as close. The feeling is difficult to ignore.",love
"To be honest, Today I feel loving; it is connected to the person I care about. I can feel it strongly.",love
"At this moment, I feel incredibly delighted about today's good news. That is my honest reaction.",joy
"To be honest, Honestly, the unfair decision makes me feel outraged. The feeling is difficult to ignore.",anger
"After thinking about it, I am in disbelief because of the last-minute change. I can feel it strongly.",surprise
"After thinking about it, I am miserable because of losing the opportunity. I can feel it strongly.",sadness
Thinking about our time together leaves me close. It has stayed on my mind.,love
"At this moment, The way I feel can only be described as cheerful. The feeling is difficult to ignore.",joy
"After thinking about it, I feel incredibly irritated about the unnecessary delay.",anger
"Honestly, meeting my friends makes me feel grateful.",joy
"At this moment, Right now I am completely terrified. That is my honest reaction.",fear
"After thinking about it, Thinking about the unnecessary delay leaves me outraged.",anger
"After thinking about it, My mood is annoyed after the repeated mistake. I can feel it strongly.",anger
"At this moment, My mood is panicked after the upcoming examination. It has stayed on my mind.",fear
"At this moment, The way I feel can only be described as loving. It has stayed on my mind.",love
"After thinking about it, Thinking about the risky journey leaves me uneasy. It has stayed on my mind.",fear
"After thinking about it, I feel so stunned about the unbelievable result. It has stayed on my mind.",surprise
"To be honest, Thinking about the surprise visitor leaves me surprised. I can feel it strongly.",surprise
"I have to admit, Thinking about my family leaves me loving. I can feel it strongly.",love
"At this moment, I am furious because of the repeated mistake. That is my honest reaction.",anger
"After thinking about it, Thinking about the disappointing news leaves me tearful. That is my honest reaction.",sadness
"I have to admit, I feel very anxious about the sudden noise. That is my honest reaction.",fear
"At this moment, The way I feel can only be described as panicked.",fear
"To be honest, I feel incredibly angry about being ignored. The feeling is difficult to ignore.",anger
"I have to admit, I am down because of a lonely evening. That is my honest reaction.",sadness
"I have to admit, I feel incredibly heartbroken about the difficult goodbye. It has stayed on my mind.",sadness
"To be honest, It is hard to hide how romantic I feel about the kindness I received. It has stayed on my mind.",love
"I have to admit, I feel extremely astonished about the unexpected announcement.",surprise
"To be honest, Right now I am extremely down. The feeling is difficult to ignore.",sadness
"After thinking about it, The way I feel can only be described as terrified. I can feel it strongly.",fear
"I have to admit, Honestly, the unfair decision makes me feel mad. The feeling is difficult to ignore.",anger
"To be honest, It is hard to hide how lonely I feel about the failed plan. That is my honest reaction.",sadness
Right now I am incredibly disappointed. The feeling is difficult to ignore.,sadness
"At this moment, It is hard to hide how joyful I feel about my great result. The feeling is difficult to ignore.",joy
Today I feel wonderful; it is connected to the wonderful celebration. I can feel it strongly.,joy
"After thinking about it, Honestly, the broken promise makes me feel resentful.",anger
"To be honest, I feel completely speechless about the last-minute change. It has stayed on my mind.",surprise
"To be honest, Thinking about our time together leaves me romantic. The feeling is difficult to ignore.",love
"I have to admit, The way I feel can only be described as sorrowful. It has stayed on my mind.",sadness
"After thinking about it, Thinking about my closest friend leaves me tender. That is my honest reaction.",love
My mood is fearful after the upcoming examination. That is my honest reaction.,fear
"After thinking about it, Today I feel thrilled; it is connected to finishing the project.",joy
"I have to admit, It is hard to hide how angry I feel about the repeated mistake. That is my honest reaction.",anger
"After thinking about it, I am gloomy because of a lonely evening. It has stayed on my mind.",sadness
I feel genuinely furious about the unfair decision. The feeling is difficult to ignore.,anger
"At this moment, It is hard to hide how furious I feel about the repeated mistake.",anger
My mood is speechless after the unbelievable result.,surprise
"To be honest, Today I feel uneasy; it is connected to what might happen tomorrow. It has stayed on my mind.",fear
"At this moment, Honestly, the disappointing news makes me feel sorrowful. It has stayed on my mind.",sadness
"To be honest, Thinking about today's good news leaves me happy.",joy
"I have to admit, Today I feel miserable; it is connected to losing the opportunity. I can feel it strongly.",sadness
My mood is frustrated after the rude response. I can feel it strongly.,anger
"To be honest, I am thrilled because of the new opportunity.",joy
"After thinking about it, I am pleased because of the new opportunity. The feeling is difficult to ignore.",joy
"After thinking about it, I keep feeling optimistic whenever I remember my great result. It has stayed on my mind.",joy
"To be honest, Today I feel wonderful; it is connected to meeting my friends.",joy
"To be honest, Thinking about the risky journey leaves me scared.",fear
"I have to admit, Right now I am very gloomy. That is my honest reaction.",sadness
"At this moment, It is hard to hide how unexpectedly amazed I feel about the unbelievable result. It has stayed on my mind.",surprise
"At this moment, I am amazed because of the sudden gift. The feeling is difficult to ignore.",surprise
"I have to admit, Right now I am completely sad. I can feel it strongly.",sadness
"After thinking about it, Thinking about the unnecessary delay leaves me annoyed. That is my honest reaction.",anger
I keep feeling excited whenever I remember finishing the project. That is my honest reaction.,joy
"After thinking about it, I feel quite fond about our time together. The feeling is difficult to ignore.",love
My mood is terrified after the sudden noise. The feeling is difficult to ignore.,fear
"After thinking about it, I keep feeling annoyed whenever I remember the unnecessary delay. I can feel it strongly.",anger
I am anxious because of the upcoming examination. I can feel it strongly.,fear
"At this moment, It is hard to hide how unexpectedly amazed I feel about the shocking update. That is my honest reaction.",surprise
"To be honest, Right now I am quite annoyed. I can feel it strongly.",anger
"I have to admit, It is hard to hide how gloomy I feel about the disappointing news. The feeling is difficult to ignore.",sadness
"After thinking about it, Honestly, the unnecessary delay makes me feel mad. I can feel it strongly.",anger
"At this moment, Thinking about the disappointing news leaves me gloomy.",sadness
"At this moment, I am down because of a lonely evening. It has stayed on my mind.",sadness
"After thinking about it, Today I feel delighted; it is connected to my great result. The feeling is difficult to ignore.",joy
"After thinking about it, Today I feel thrilled; it is connected to the wonderful celebration.",joy
"After thinking about it, Right now I am completely amazed. That is my honest reaction.",surprise
It is hard to hide how fearful I feel about the sudden noise.,fear
"At this moment, Honestly, the new opportunity makes me feel optimistic. It has stayed on my mind.",joy
"To be honest, Thinking about the kindness I received leaves me close. I can feel it strongly.",love
I feel very fond about our time together. I can feel it strongly.,love
"I have to admit, Today I feel mad; it is connected to being ignored. It has stayed on my mind.",anger
"At this moment, It is hard to hide how wonderful I feel about meeting my friends. The feeling is difficult to ignore.",joy
Right now I am genuinely surprised. That is my honest reaction.,surprise
"I have to admit, Right now I am truly irritated.",anger
"I have to admit, Thinking about the risky journey leaves me worried. The feeling is difficult to ignore.",fear
Thinking about the rude response leaves me outraged.,anger
"At this moment, Right now I am deeply outraged. I can feel it strongly.",anger
"After thinking about it, Right now I am extremely miserable.",sadness
"To be honest, My mood is delighted after the new opportunity. The feeling is difficult to ignore.",joy
"Honestly, today's good news makes me feel pleased.",joy
"At this moment, It is hard to hide how delighted I feel about meeting my friends.",joy
"I have to admit, I am romantic because of the person I care about. It has stayed on my mind.",love
"After thinking about it, My mood is sorrowful after the difficult goodbye. It has stayed on my mind.",sadness
"After thinking about it, My mood is fond after my family. That is my honest reaction.",love
Right now I am truly worried. That is my honest reaction.,fear
"After thinking about it, Right now I am so disappointed. It has stayed on my mind.",sadness
"At this moment, I keep feeling in disbelief whenever I remember the shocking update. I can feel it strongly.",surprise
"After thinking about it, Honestly, a thoughtful message makes me feel caring. The feeling is difficult to ignore.",love
I am astonished because of the sudden gift. The feeling is difficult to ignore.,surprise
Right now I am so afraid. It has stayed on my mind.,fear
"I have to admit, My mood is speechless after the last-minute change.",surprise
"I have to admit, Thinking about today's good news leaves me thrilled. That is my honest reaction.",joy
"To be honest, Honestly, the shocking update makes me feel astonished. That is my honest reaction.",surprise
"After thinking about it, Thinking about the kindness I received leaves me romantic. I can feel it strongly.",love
"After thinking about it, My mood is tearful after missing my friends. That is my honest reaction.",sadness
"To be honest, Today I feel shocked; it is connected to the unbelievable result. I can feel it strongly.",surprise
"To be honest, It is hard to hide how unexpectedly amazed I feel about the unexpected announcement. It has stayed on my mind.",surprise
"I have to admit, My mood is scared after speaking in public. It has stayed on my mind.",fear
"At this moment, It is hard to hide how miserable I feel about the disappointing news. The feeling is difficult to ignore.",sadness
"At this moment, I am miserable because of a lonely evening. I can feel it strongly.",sadness
The way I feel can only be described as worried. That is my honest reaction.,fear
"At this moment, The way I feel can only be described as astonished. I can feel it strongly.",surprise
"I have to admit, I keep feeling in disbelief whenever I remember the last-minute change. The feeling is difficult to ignore.",surprise
"After thinking about it, The way I feel can only be described as stunned. The feeling is difficult to ignore.",surprise
"Honestly, the unfair decision makes me feel mad. That is my honest reaction.",anger
"At this moment, Honestly, a thoughtful message makes me feel loving. It has stayed on my mind.",love
"At this moment, Thinking about losing the opportunity leaves me unhappy. That is my honest reaction.",sadness
"After thinking about it, I am miserable because of a lonely evening. The feeling is difficult to ignore.",sadness
"After thinking about it, Today I feel wonderful; it is connected to the wonderful celebration. I can feel it strongly.",joy
"I have to admit, Right now I am completely in disbelief. It has stayed on my mind.",surprise
"To be honest, Right now I am extremely astonished. That is my honest reaction.",surprise
I feel very delighted about my great result. That is my honest reaction.,joy
"To be honest, Today I feel stunned; it is connected to the sudden gift. It has stayed on my mind.",surprise
"At this moment, Today I feel cheerful; it is connected to the new opportunity. I can feel it strongly.",joy
"To be honest, Right now I am so tender.",love
"After thinking about it, I keep feeling nervous whenever I remember the uncertain situation. The feeling is difficult to ignore.",fear
"At this moment, The way I feel can only be described as optimistic. That is my honest reaction.",joy
My mood is scared after what might happen tomorrow. That is my honest reaction.,fear
"To be honest, I feel completely loving about a thoughtful message. That is my honest reaction.",love
"I have to admit, Right now I am so caring. It has stayed on my mind.",love
"After thinking about it, Honestly, the difficult goodbye makes me feel tearful. I can feel it strongly.",sadness
"To be honest, I feel really worried about speaking in public. That is my honest reaction.",fear
It is hard to hide how frightened I feel about the uncertain situation. That is my honest reaction.,fear
"At this moment, The way I feel can only be described as unexpectedly amazed.",surprise
"I have to admit, I keep feeling close whenever I remember a thoughtful message. The feeling is difficult to ignore.",love
"Honestly, the upcoming examination makes me feel afraid. It has stayed on my mind.",fear
"At this moment, My mood is anxious after the sudden noise.",fear
"After thinking about it, The way I feel can only be described as disappointed. It has stayed on my mind.",sadness
"To be honest, Honestly, my family makes me feel affectionate. It has stayed on my mind.",love
"To be honest, The way I feel can only be described as angry. It has stayed on my mind.",anger
I feel genuinely taken aback about the unexpected announcement. That is my honest reaction.,surprise
"I have to admit, I keep feeling warm whenever I remember the kindness I received.",love
"To be honest, It is hard to hide how affectionate I feel about my family.",love
Today I feel gloomy; it is connected to the failed plan. I can feel it strongly.,sadness
"To be honest, Honestly, the sudden noise makes me feel uneasy.",fear
"After thinking about it, Right now I am genuinely grateful. It has stayed on my mind.",joy
"To be honest, Today I feel miserable; it is connected to losing the opportunity. The feeling is difficult to ignore.",sadness
"At this moment, I keep feeling shocked whenever I remember the last-minute change. I can feel it strongly.",surprise
"At this moment, Honestly, my closest friend makes me feel tender. The feeling is difficult to ignore.",love
"After thinking about it, Today I feel disappointed; it is connected to the failed plan. It has stayed on my mind.",sadness
"To be honest, Today I feel fearful; it is connected to the risky journey. I can feel it strongly.",fear
"To be honest, My mood is disappointed after losing the opportunity. I can feel it strongly.",sadness
"To be honest, I am excited because of finishing the project. The feeling is difficult to ignore.",joy
"To be honest, I feel so mad about the repeated mistake. It has stayed on my mind.",anger
"Honestly, the sudden gift makes me feel unexpectedly amazed. I can feel it strongly.",surprise
"I have to admit, Honestly, my great result makes me feel pleased. The feeling is difficult to ignore.",joy
"To be honest, Right now I am deeply grateful.",joy
"To be honest, I am tearful because of missing my friends. That is my honest reaction.",sadness
"At this moment, It is hard to hide how lonely I feel about the failed plan. I can feel it strongly.",sadness
"I have to admit, Honestly, meeting my friends makes me feel pleased. It has stayed on my mind.",joy
My mood is scared after what might happen tomorrow. The feeling is difficult to ignore.,fear
"After thinking about it, The way I feel can only be described as thrilled. That is my honest reaction.",joy
"I have to admit, I keep feeling annoyed whenever I remember the repeated mistake. It has stayed on my mind.",anger
"To be honest, I keep feeling affectionate whenever I remember my closest friend. It has stayed on my mind.",love
"To be honest, I feel genuinely disappointed about the difficult goodbye. I can feel it strongly.",sadness
"At this moment, Honestly, the unbelievable result makes me feel taken aback.",surprise
"After thinking about it, It is hard to hide how warm I feel about the kindness I received.",love
"I have to admit, Honestly, the last-minute change makes me feel astonished. That is my honest reaction.",surprise
Today I feel loving; it is connected to the person I care about. That is my honest reaction.,love
"After thinking about it, Right now I am very caring. I can feel it strongly.",love
"After thinking about it, I keep feeling pleased whenever I remember today's good news. That is my honest reaction.",joy
"I have to admit, Right now I am truly delighted. That is my honest reaction.",joy
"To be honest, I feel completely fearful about the sudden noise.",fear
It is hard to hide how devoted I feel about my closest friend. That is my honest reaction.,love
"I have to admit, Honestly, today's good news makes me feel happy. The feeling is difficult to ignore.",joy
"To be honest, Honestly, the difficult goodbye makes me feel disappointed. That is my honest reaction.",sadness
"After thinking about it, My mood is uneasy after the risky journey. The feeling is difficult to ignore.",fear
"I have to admit, I keep feeling irritated whenever I remember the unnecessary delay.",anger
"I have to admit, Today I feel sorrowful; it is connected to the failed plan. The feeling is difficult to ignore.",sadness
"To be honest, Today I feel annoyed; it is connected to the rude response. I can feel it strongly.",anger
It is hard to hide how astonished I feel about the unexpected announcement. I can feel it strongly.,surprise
"After thinking about it, Right now I am completely adored. That is my honest reaction.",love
"After thinking about it, Honestly, the upcoming examination makes me feel afraid. I can feel it strongly.",fear
"To be honest, Today I feel down; it is connected to a lonely evening. That is my honest reaction.",sadness
"To be honest, I keep feeling amazed whenever I remember the last-minute change. The feeling is difficult to ignore.",surprise
Thinking about the unfair decision leaves me furious. I can feel it strongly.,anger
"At this moment, Honestly, missing my friends makes me feel heartbroken. That is my honest reaction.",sadness
"To be honest, Thinking about our time together leaves me warm.",love
"After thinking about it, Honestly, the disappointing news makes me feel lonely. The feeling is difficult to ignore.",sadness
"To be honest, The way I feel can only be described as caring. It has stayed on my mind.",love
"To be honest, Honestly, the rude response makes me feel frustrated. That is my honest reaction.",anger
"To be honest, Thinking about the wonderful celebration leaves me excited. It has stayed on my mind.",joy
"To be honest, I feel genuinely annoyed about the unnecessary delay. The feeling is difficult to ignore.",anger
"At this moment, Today I feel devoted; it is connected to the person I care about. The feeling is difficult to ignore.",love
"I have to admit, Thinking about the shocking update leaves me in disbelief.",surprise
"After thinking about it, Right now I am so angry. It has stayed on my mind.",anger
"After thinking about it, I keep feeling joyful whenever I remember the wonderful celebration. That is my honest reaction.",joy
"After thinking about it, Right now I am completely miserable. The feeling is difficult to ignore.",sadness
"To be honest, I feel incredibly frustrated about being ignored.",anger
"To be honest, Right now I am incredibly disappointed. The feeling is difficult to ignore.",sadness
Today I feel mad; it is connected to the unnecessary delay. It has stayed on my mind.,anger
"I have to admit, It is hard to hide how warm I feel about the person I care about. It has stayed on my mind.",love
"At this moment, Thinking about finishing the project leaves me delighted. I can feel it strongly.",joy
"To be honest, It is hard to hide how sorrowful I feel about missing my friends. It has stayed on my mind.",sadness
"I have to admit, I keep feeling surprised whenever I remember the sudden gift. It has stayed on my mind.",surprise
"I have to admit, Today I feel unhappy; it is connected to missing my friends. It has stayed on my mind.",sadness
"At this moment, Today I feel sorrowful; it is connected to the disappointing news. The feeling is difficult to ignore.",sadness
"Honestly, my closest friend makes me feel fond. That is my honest reaction.",love
"To be honest, Right now I am very angry. That is my honest reaction.",anger
"To be honest, I am shocked because of the last-minute change. I can feel it strongly.",surprise
"I have to admit, Right now I am extremely amazed. I can feel it strongly.",surprise
"After thinking about it, Honestly, losing the opportunity makes me feel miserable.",sadness
"At this moment, Today I feel gloomy; it is connected to a lonely evening. It has stayed on my mind.",sadness
"After thinking about it, My mood is mad after the unnecessary delay.",anger
"To be honest, I feel truly enraged about the repeated mistake. It has stayed on my mind.",anger
"I have to admit, Thinking about the uncertain situation leaves me scared. It has stayed on my mind.",fear
"After thinking about it, It is hard to hide how in disbelief I feel about the sudden gift. I can feel it strongly.",surprise
"After thinking about it, It is hard to hide how irritated I feel about the unfair decision. I can feel it strongly.",anger
"At this moment, Today I feel startled; it is connected to the sudden gift. That is my honest reaction.",surprise
"At this moment, The way I feel can only be described as nervous.",fear
"To be honest, I feel so down about the disappointing news. The feeling is difficult to ignore.",sadness
Today I feel surprised; it is connected to the unexpected announcement. It has stayed on my mind.,surprise
"I have to admit, I keep feeling wonderful whenever I remember the wonderful celebration. That is my honest reaction.",joy
"At this moment, Today I feel pleased; it is connected to the new opportunity. It has stayed on my mind.",joy
I am speechless because of the surprise visitor. It has stayed on my mind.,surprise
"After thinking about it, Today I feel excited; it is connected to meeting my friends. It has stayed on my mind.",joy
"After thinking about it, Today I feel excited; it is connected to finishing the project. That is my honest reaction.",joy
"After thinking about it, Today I feel in disbelief; it is connected to the surprise visitor. I can feel it strongly.",surprise
"At this moment, My mood is optimistic after meeting my friends.",joy
I am furious because of the unnecessary delay. That is my honest reaction.,anger
"At this moment, My mood is lonely after the difficult goodbye. I can feel it strongly.",sadness
"I have to admit, My mood is thrilled after my great result.",joy
I feel incredibly warm about my family. The feeling is difficult to ignore.,love
"After thinking about it, I am taken aback because of the unexpected announcement. The feeling is difficult to ignore.",surprise
"To be honest, Honestly, being ignored makes me feel mad. It has stayed on my mind.",anger
"After thinking about it, I am loving because of the kindness I received. The feeling is difficult to ignore.",love
Today I feel caring; it is connected to the person I care about. I can feel it strongly.,love
"After thinking about it, I keep feeling excited whenever I remember the new opportunity. I can feel it strongly.",joy
"To be honest, The way I feel can only be described as sad. It has stayed on my mind.",sadness
"At this moment, The way I feel can only be described as shocked. I can feel it strongly.",surprise
"I have to admit, I am enraged because of the repeated mistake. I can feel it strongly.",anger
"At this moment, Right now I am deeply annoyed. I can feel it strongly.",anger
My mood is anxious after the risky journey. That is my honest reaction.,fear
It is hard to hide how adored I feel about my closest friend. That is my honest reaction.,love
"After thinking about it, It is hard to hide how startled I feel about the sudden gift. That is my honest reaction.",surprise
It is hard to hide how optimistic I feel about the new opportunity. I can feel it strongly.,joy
I feel incredibly excited about today's good news. I can feel it strongly.,joy
"I have to admit, I keep feeling excited whenever I remember the wonderful celebration. It has stayed on my mind.",joy
"To be honest, Honestly, the disappointing news makes me feel heartbroken. That is my honest reaction.",sadness
"After thinking about it, It is hard to hide how tender I feel about a thoughtful message. I can feel it strongly.",love
My mood is joyful after my great result. That is my honest reaction.,joy
"After thinking about it, Honestly, the sudden noise makes me feel afraid. It has stayed on my mind.",fear
"At this moment, My mood is uneasy after the upcoming examination. The feeling is difficult to ignore.",fear
"To be honest, My mood is startled after the surprise visitor.",surprise
I feel completely irritated about the unfair decision.,anger
My mood is in disbelief after the surprise visitor. That is my honest reaction.,surprise
"At this moment, I feel incredibly in disbelief about the last-minute change.",surprise
"After thinking about it, I am devoted because of the person I care about. That is my honest reaction.",love
"At this moment, Today I feel angry; it is connected to the rude response. That is my honest reaction.",anger
"To be honest, Today I feel warm; it is connected to a thoughtful message. I can feel it strongly.",love
"I have to admit, My mood is miserable after missing my friends. It has stayed on my mind.",sadness
Thinking about the person I care about leaves me caring. I can feel it strongly.,love
"I have to admit, I feel incredibly cheerful about meeting my friends. The feeling is difficult to ignore.",joy
"At this moment, The way I feel can only be described as tearful.",sadness
"After thinking about it, The way I feel can only be described as down. It has stayed on my mind.",sadness
Right now I am quite adored. That is my honest reaction.,love
"I have to admit, I keep feeling resentful whenever I remember being ignored. It has stayed on my mind.",anger
"After thinking about it, The way I feel can only be described as amazed. It has stayed on my mind.",surprise
I keep feeling cross whenever I remember the broken promise. The feeling is difficult to ignore.,anger
"To be honest, I feel quite heartbroken about the disappointing news. It has stayed on my mind.",sadness
"I have to admit, The way I feel can only be described as angry. That is my honest reaction.",anger
"At this moment, Right now I am completely frustrated. I can feel it strongly.",anger
"I have to admit, My mood is devoted after my family. I can feel it strongly.",love
"To be honest, The way I feel can only be described as startled. I can feel it strongly.",surprise
"To be honest, I keep feeling unexpectedly amazed whenever I remember the unexpected announcement. I can feel it strongly.",surprise
"After thinking about it, Right now I am quite afraid. That is my honest reaction.",fear
"At this moment, Today I feel frightened; it is connected to the risky journey. The feeling is difficult to ignore.",fear
I am excited because of meeting my friends. I can feel it strongly.,joy
"At this moment, I am stunned because of the unexpected announcement. The feeling is difficult to ignore.",surprise
"At this moment, I am sorrowful because of a lonely evening. The feeling is difficult to ignore.",sadness
"After thinking about it, I keep feeling close whenever I remember the kindness I received. The feeling is difficult to ignore.",love
"To be honest, I keep feeling unhappy whenever I remember the difficult goodbye. I can feel it strongly.",sadness
"After thinking about it, I feel really terrified about the uncertain situation. The feeling is difficult to ignore.",fear
"I have to admit, The way I feel can only be described as warm. The feeling is difficult to ignore.",love
"After thinking about it, I am joyful because of my great result. That is my honest reaction.",joy
"At this moment, It is hard to hide how amazed I feel about the shocking update.",surprise
"After thinking about it, Today I feel anxious; it is connected to the upcoming examination.",fear
"I have to admit, I feel quite speechless about the shocking update. It has stayed on my mind.",surprise
"After thinking about it, My mood is nervous after the sudden noise. The feeling is difficult to ignore.",fear
It is hard to hide how gloomy I feel about a lonely evening.,sadness
"After thinking about it, It is hard to hide how anxious I feel about speaking in public. It has stayed on my mind.",fear
"At this moment, Right now I am deeply grateful. The feeling is difficult to ignore.",joy
Thinking about the sudden noise leaves me uneasy. The feeling is difficult to ignore.,fear
"To be honest, Today I feel frustrated; it is connected to the broken promise. It has stayed on my mind.",anger
Today I feel terrified; it is connected to the risky journey. It has stayed on my mind.,fear
"To be honest, It is hard to hide how mad I feel about the unnecessary delay. That is my honest reaction.",anger
"To be honest, Today I feel fond; it is connected to the person I care about.",love
"After thinking about it, Thinking about today's good news leaves me happy. That is my honest reaction.",joy
"I have to admit, The way I feel can only be described as shocked. It has stayed on my mind.",surprise
"After thinking about it, Right now I am genuinely furious. It has stayed on my mind.",anger
"I have to admit, Honestly, losing the opportunity makes me feel tearful. The feeling is difficult to ignore.",sadness
"To be honest, It is hard to hide how nervous I feel about speaking in public. That is my honest reaction.",fear
"To be honest, Honestly, my great result makes me feel cheerful. I can feel it strongly.",joy
"I have to admit, Honestly, the broken promise makes me feel furious. It has stayed on my mind.",anger
"I have to admit, The way I feel can only be described as lonely. That is my honest reaction.",sadness
I am afraid because of speaking in public. It has stayed on my mind.,fear
"After thinking about it, Honestly, the unexpected announcement makes me feel startled. I can feel it strongly.",surprise
"To be honest, Honestly, the sudden noise makes me feel nervous. The feeling is difficult to ignore.",fear
"After thinking about it, Today I feel caring; it is connected to my family.",love
"To be honest, My mood is pleased after the wonderful celebration. That is my honest reaction.",joy
"After thinking about it, My mood is warm after a thoughtful message. I can feel it strongly.",love
"After thinking about it, I feel incredibly grateful about the wonderful celebration. The feeling is difficult to ignore.",joy
It is hard to hide how down I feel about losing the opportunity. The feeling is difficult to ignore.,sadness
"I have to admit, My mood is devoted after the kindness I received. That is my honest reaction.",love
"To be honest, My mood is uneasy after the uncertain situation. I can feel it strongly.",fear
"I have to admit, I feel quite resentful about the rude response. The feeling is difficult to ignore.",anger
"I have to admit, My mood is close after the kindness I received. It has stayed on my mind.",love
"At this moment, I keep feeling amazed whenever I remember the unbelievable result. It has stayed on my mind.",surprise
"At this moment, I keep feeling sad whenever I remember the disappointing news.",sadness
"After thinking about it, Thinking about my closest friend leaves me devoted.",love
"To be honest, Today I feel adored; it is connected to my family.",love
"At this moment, I feel truly tender about my family. I can feel it strongly.",love
"To be honest, It is hard to hide how thrilled I feel about finishing the project. The feeling is difficult to ignore.",joy
"At this moment, I keep feeling delighted whenever I remember the new opportunity. It has stayed on my mind.",joy
"To be honest, Right now I am so frightened. It has stayed on my mind.",fear
"To be honest, My mood is gloomy after losing the opportunity. The feeling is difficult to ignore.",sadness
"After thinking about it, Thinking about our time together leaves me devoted.",love
"I have to admit, It is hard to hide how fearful I feel about the uncertain situation. I can feel it strongly.",fear
"After thinking about it, The way I feel can only be described as caring. It has stayed on my mind.",love
I am mad because of the rude response. I can feel it strongly.,anger
"I have to admit, It is hard to hide how warm I feel about the kindness I received. The feeling is difficult to ignore.",love
"I have to admit, I keep feeling sorrowful whenever I remember the disappointing news.",sadness
"I have to admit, Today I feel sorrowful; it is connected to missing my friends. The feeling is difficult to ignore.",sadness
"To be honest, I feel so irritated about the repeated mistake. The feeling is difficult to ignore.",anger
"At this moment, My mood is close after the person I care about.",love
"I have to admit, Today I feel down; it is connected to missing my friends. That is my honest reaction.",sadness
"To be honest, I am tender because of our time together. I can feel it strongly.",love
"After thinking about it, I keep feeling afraid whenever I remember the uncertain situation. The feeling is difficult to ignore.",fear
Today I feel caring; it is connected to the person I care about. It has stayed on my mind.,love
"After thinking about it, Honestly, the person I care about makes me feel affectionate. It has stayed on my mind.",love
"I have to admit, I feel incredibly miserable about losing the opportunity.",sadness
"To be honest, Thinking about our time together leaves me adored.",love
"To be honest, I keep feeling afraid whenever I remember the uncertain situation. That is my honest reaction.",fear
"I have to admit, Today I feel romantic; it is connected to my closest friend. It has stayed on my mind.",love
"After thinking about it, I keep feeling pleased whenever I remember the wonderful celebration. The feeling is difficult to ignore.",joy
"At this moment, My mood is wonderful after the wonderful celebration.",joy
"To be honest, The way I feel can only be described as panicked. It has stayed on my mind.",fear
"I have to admit, My mood is shocked after the unexpected announcement. I can feel it strongly.",surprise
"To be honest, Today I feel startled; it is connected to the unexpected announcement. It has stayed on my mind.",surprise
I feel really furious about being ignored. I can feel it strongly.,anger
"After thinking about it, I feel incredibly furious about being ignored. I can feel it strongly.",anger
"To be honest, Honestly, missing my friends makes me feel sorrowful. That is my honest reaction.",sadness
"After thinking about it, The way I feel can only be described as heartbroken. The feeling is difficult to ignore.",sadness
My mood is miserable after the failed plan. I can feel it strongly.,sadness
"At this moment, The way I feel can only be described as optimistic.",joy
"To be honest, I feel quite affectionate about my closest friend.",love
"At this moment, I keep feeling gloomy whenever I remember losing the opportunity. The feeling is difficult to ignore.",sadness
"At this moment, Today I feel caring; it is connected to a thoughtful message.",love
I am happy because of the wonderful celebration. I can feel it strongly.,joy
"At this moment, Thinking about the kindness I received leaves me close. The feeling is difficult to ignore.",love
"After thinking about it, The way I feel can only be described as tearful. The feeling is difficult to ignore.",sadness
"At this moment, My mood is tearful after the disappointing news. I can feel it strongly.",sadness
My mood is nervous after the risky journey. I can feel it strongly.,fear
"I have to admit, It is hard to hide how caring I feel about a thoughtful message.",love
"I have to admit, Thinking about the new opportunity leaves me happy. That is my honest reaction.",joy
"Honestly, what might happen tomorrow makes me feel afraid. That is my honest reaction.",fear
"At this moment, Today I feel romantic; it is connected to my family. It has stayed on my mind.",love
"To be honest, Today I feel surprised; it is connected to the last-minute change. I can feel it strongly.",surprise
"To be honest, Honestly, my family makes me feel romantic. I can feel it strongly.",love
"After thinking about it, Right now I am truly frightened. It has stayed on my mind.",fear
"After thinking about it, Right now I am genuinely speechless. It has stayed on my mind.",surprise
I am enraged because of the repeated mistake. The feeling is difficult to ignore.,anger
"To be honest, I keep feeling outraged whenever I remember the unnecessary delay. That is my honest reaction.",anger
"To be honest, Honestly, the last-minute change makes me feel startled.",surprise
"I have to admit, I am affectionate because of our time together.",love
"After thinking about it, I feel really joyful about the wonderful celebration. The feeling is difficult to ignore.",joy
"I have to admit, My mood is pleased after the wonderful celebration.",joy
"At this moment, Thinking about the risky journey leaves me fearful. It has stayed on my mind.",fear
I am resentful because of the unfair decision.,anger
"I have to admit, Thinking about today's good news leaves me cheerful.",joy
"After thinking about it, I am tender because of my family. I can feel it strongly.",love
"At this moment, I keep feeling frightened whenever I remember what might happen tomorrow. I can feel it strongly.",fear
"I have to admit, The way I feel can only be described as joyful.",joy
Today I feel in disbelief; it is connected to the unbelievable result. That is my honest reaction.,surprise
"To be honest, The way I feel can only be described as angry. The feeling is difficult to ignore.",anger
"After thinking about it, My mood is optimistic after today's good news.",joy
It is hard to hide how lonely I feel about the failed plan. I can feel it strongly.,sadness
"I have to admit, Right now I am quite gloomy. The feeling is difficult to ignore.",sadness
"To be honest, I am amazed because of the last-minute change.",surprise
"At this moment, Thinking about the unbelievable result leaves me shocked. I can feel it strongly.",surprise
"To be honest, It is hard to hide how fond I feel about a thoughtful message. It has stayed on my mind.",love
It is hard to hide how startled I feel about the surprise visitor. That is my honest reaction.,surprise
"At this moment, Today I feel miserable; it is connected to the difficult goodbye.",sadness
"After thinking about it, It is hard to hide how irritated I feel about the rude response.",anger
"I have to admit, I keep feeling close whenever I remember the kindness I received.",love
"To be honest, Right now I am truly pleased. The feeling is difficult to ignore.",joy
"To be honest, It is hard to hide how scared I feel about the uncertain situation. It has stayed on my mind.",fear
"At this moment, Thinking about the unfair decision leaves me cross. It has stayed on my mind.",anger
"At this moment, My mood is fearful after the sudden noise.",fear
"Honestly, the unnecessary delay makes me feel enraged. The feeling is difficult to ignore.",anger
"I have to admit, Thinking about my closest friend leaves me warm. It has stayed on my mind.",love
"I have to admit, It is hard to hide how devoted I feel about a thoughtful message.",love
Right now I am deeply uneasy.,fear
"At this moment, I keep feeling cheerful whenever I remember the wonderful celebration.",joy
I feel so romantic about my closest friend. That is my honest reaction.,love
"I have to admit, Right now I am extremely happy. I can feel it strongly.",joy
"To be honest, Honestly, missing my friends makes me feel sorrowful. The feeling is difficult to ignore.",sadness
"After thinking about it, The way I feel can only be described as cheerful. It has stayed on my mind.",joy
"After thinking about it, The way I feel can only be described as panicked. The feeling is difficult to ignore.",fear
"At this moment, Right now I am quite startled. That is my honest reaction.",surprise
"At this moment, I feel extremely resentful about the rude response. It has stayed on my mind.",anger
"After thinking about it, My mood is optimistic after meeting my friends. I can feel it strongly.",joy
"After thinking about it, My mood is joyful after today's good news. That is my honest reaction.",joy
My mood is grateful after today's good news. That is my honest reaction.,joy
"I have to admit, I am afraid because of what might happen tomorrow. I can feel it strongly.",fear
"I have to admit, Today I feel devoted; it is connected to my family. It has stayed on my mind.",love
"After thinking about it, Thinking about the wonderful celebration leaves me happy.",joy
My mood is uneasy after the uncertain situation.,fear
"To be honest, I am shocked because of the shocking update.",surprise
"To be honest, Honestly, today's good news makes me feel thrilled. I can feel it strongly.",joy
"After thinking about it, I am fearful because of the sudden noise.",fear
"I have to admit, My mood is irritated after the unfair decision. That is my honest reaction.",anger
"At this moment, I feel completely disappointed about the difficult goodbye.",sadness
"I have to admit, Thinking about the last-minute change leaves me speechless.",surprise
"After thinking about it, I keep feeling happy whenever I remember today's good news. It has stayed on my mind.",joy
"To be honest, I am down because of losing the opportunity. That is my honest reaction.",sadness
"At this moment, It is hard to hide how sad I feel about the difficult goodbye. That is my honest reaction.",sadness
"At this moment, Thinking about the kindness I received leaves me affectionate. That is my honest reaction.",love
"After thinking about it, Thinking about the unnecessary delay leaves me outraged. The feeling is difficult to ignore.",anger
I keep feeling joyful whenever I remember today's good news. It has stayed on my mind.,joy
"I have to admit, The way I feel can only be described as heartbroken.",sadness
"After thinking about it, I keep feeling warm whenever I remember a thoughtful message. The feeling is difficult to ignore.",love
"At this moment, Thinking about a thoughtful message leaves me affectionate. I can feel it strongly.",love
"After thinking about it, I feel really wonderful about my great result.",joy
"To be honest, The way I feel can only be described as gloomy. I can feel it strongly.",sadness
"After thinking about it, I keep feeling tender whenever I remember my family.",love
"After thinking about it, My mood is devoted after a thoughtful message. The feeling is difficult to ignore.",love
"At this moment, Right now I am deeply taken aback. That is my honest reaction.",surprise
"I have to admit, Honestly, my closest friend makes me feel romantic. That is my honest reaction.",love
My mood is resentful after the unnecessary delay.,anger
"To be honest, Today I feel frustrated; it is connected to the unfair decision. That is my honest reaction.",anger
"I have to admit, Thinking about the risky journey leaves me nervous. I can feel it strongly.",fear
It is hard to hide how taken aback I feel about the surprise visitor. The feeling is difficult to ignore.,surprise
"After thinking about it, It is hard to hide how afraid I feel about the uncertain situation. It has stayed on my mind.",fear
Right now I am very grateful. It has stayed on my mind.,joy
"After thinking about it, My mood is gloomy after the failed plan. That is my honest reaction.",sadness
"After thinking about it, Thinking about a lonely evening leaves me sad. That is my honest reaction.",sadness
"To be honest, I am unexpectedly amazed because of the shocking update. That is my honest reaction.",surprise
"At this moment, Right now I am incredibly taken aback. The feeling is difficult to ignore.",surprise
"At this moment, Right now I am extremely sad. That is my honest reaction.",sadness
"I have to admit, It is hard to hide how excited I feel about meeting my friends. It has stayed on my mind.",joy
"I have to admit, It is hard to hide how amazed I feel about the unexpected announcement. The feeling is difficult to ignore.",surprise
Thinking about meeting my friends leaves me joyful. The feeling is difficult to ignore.,joy
"To be honest, I feel very thrilled about today's good news. I can feel it strongly.",joy
"After thinking about it, I am wonderful because of today's good news. The feeling is difficult to ignore.",joy
My mood is pleased after the new opportunity.,joy
"I have to admit, Thinking about meeting my friends leaves me happy.",joy
"To be honest, I feel completely gloomy about the failed plan. That is my honest reaction.",sadness
"I have to admit, It is hard to hide how caring I feel about the kindness I received. The feeling is difficult to ignore.",love
My mood is terrified after speaking in public. It has stayed on my mind.,fear
I am miserable because of the difficult goodbye. It has stayed on my mind.,sadness
I keep feeling affectionate whenever I remember the person I care about. The feeling is difficult to ignore.,love
"After thinking about it, Right now I am very nervous. It has stayed on my mind.",fear
"After thinking about it, Thinking about losing the opportunity leaves me heartbroken. I can feel it strongly.",sadness
"To be honest, Right now I am truly cheerful.",joy
"To be honest, My mood is astonished after the unbelievable result. That is my honest reaction.",surprise
"To be honest, Today I feel lonely; it is connected to a lonely evening. The feeling is difficult to ignore.",sadness
"After thinking about it, Today I feel unexpectedly amazed; it is connected to the last-minute change.",surprise
My mood is unexpectedly amazed after the unbelievable result. The feeling is difficult to ignore.,surprise
"I have to admit, Honestly, the unfair decision makes me feel mad. It has stayed on my mind.",anger
"I have to admit, I feel extremely happy about finishing the project.",joy
"After thinking about it, Honestly, the failed plan makes me feel disappointed. The feeling is difficult to ignore.",sadness
"At this moment, Thinking about a lonely evening leaves me heartbroken. The feeling is difficult to ignore.",sadness
"At this moment, It is hard to hide how affectionate I feel about a thoughtful message. I can feel it strongly.",love
"I have to admit, Today I feel startled; it is connected to the last-minute change. That is my honest reaction.",surprise
The way I feel can only be described as worried. The feeling is difficult to ignore.,fear
"After thinking about it, Thinking about the kindness I received leaves me adored. I can feel it strongly.",love
"I have to admit, I am afraid because of the upcoming examination. The feeling is difficult to ignore.",fear
"At this moment, I keep feeling taken aback whenever I remember the unbelievable result.",surprise
"After thinking about it, I feel quite scared about what might happen tomorrow. The feeling is difficult to ignore.",fear
"I have to admit, I feel genuinely shocked about the surprise visitor. That is my honest reaction.",surprise
"I have to admit, It is hard to hide how resentful I feel about the broken promise.",anger
"I have to admit, Today I feel excited; it is connected to the wonderful celebration.",joy
"I have to admit, Thinking about the disappointing news leaves me sad.",sadness
"At this moment, I am outraged because of the rude response. That is my honest reaction.",anger
"I have to admit, Honestly, losing the opportunity makes me feel sorrowful. That is my honest reaction.",sadness
"After thinking about it, It is hard to hide how miserable I feel about a lonely evening. It has stayed on my mind.",sadness
"I have to admit, Right now I am very joyful.",joy
The way I feel can only be described as close. I can feel it strongly.,love
"At this moment, The way I feel can only be described as warm.",love
"To be honest, Right now I am incredibly frightened. I can feel it strongly.",fear
My mood is cheerful after today's good news. That is my honest reaction.,joy
"To be honest, Thinking about the sudden gift leaves me shocked. The feeling is difficult to ignore.",surprise
"I have to admit, Today I feel terrified; it is connected to what might happen tomorrow. The feeling is difficult to ignore.",fear
"To be honest, I keep feeling wonderful whenever I remember finishing the project. It has stayed on my mind.",joy
"After thinking about it, It is hard to hide how loving I feel about the person I care about. That is my honest reaction.",love
"After thinking about it, I feel so amazed about the unexpected announcement. That is my honest reaction.",surprise
"After thinking about it, Today I feel fond; it is connected to our time together. It has stayed on my mind.",love
Thinking about the unbelievable result leaves me unexpectedly amazed. The feeling is difficult to ignore.,surprise
It is hard to hide how surprised I feel about the shocking update. The feeling is difficult to ignore.,surprise
"After thinking about it, It is hard to hide how frustrated I feel about the unfair decision. That is my honest reaction.",anger
"At this moment, The way I feel can only be described as enraged. It has stayed on my mind.",anger
"I have to admit, I am fond because of my closest friend. The feeling is difficult to ignore.",love
"To be honest, Today I feel startled; it is connected to the unbelievable result. I can feel it strongly.",surprise
"At this moment, It is hard to hide how surprised I feel about the sudden gift. The feeling is difficult to ignore.",surprise
"At this moment, The way I feel can only be described as pleased. The feeling is difficult to ignore.",joy
"I have to admit, The way I feel can only be described as anxious. I can feel it strongly.",fear
"I have to admit, Thinking about what might happen tomorrow leaves me terrified. I can feel it strongly.",fear
"At this moment, Thinking about a thoughtful message leaves me tender. The feeling is difficult to ignore.",love
"To be honest, I am delighted because of meeting my friends. I can feel it strongly.",joy
"After thinking about it, Right now I am incredibly amazed. It has stayed on my mind.",surprise
"After thinking about it, Today I feel unhappy; it is connected to the difficult goodbye. That is my honest reaction.",sadness
"To be honest, I am joyful because of my great result. It has stayed on my mind.",joy
"To be honest, Right now I am quite fond. I can feel it strongly.",love
"At this moment, It is hard to hide how uneasy I feel about the risky journey.",fear
I feel deeply annoyed about the repeated mistake. It has stayed on my mind.,anger
"After thinking about it, Right now I am incredibly anxious. The feeling is difficult to ignore.",fear
Today I feel panicked; it is connected to the risky journey. The feeling is difficult to ignore.,fear
"At this moment, The way I feel can only be described as close. I can feel it strongly.",love
"After thinking about it, It is hard to hide how terrified I feel about the risky journey.",fear
"To be honest, Honestly, the sudden noise makes me feel uneasy. It has stayed on my mind.",fear
"To be honest, Right now I am truly shocked. That is my honest reaction.",surprise
"At this moment, It is hard to hide how tender I feel about a thoughtful message. It has stayed on my mind.",love
"To be honest, I feel extremely surprised about the surprise visitor. It has stayed on my mind.",surprise
"To be honest, Right now I am really wonderful. I can feel it strongly.",joy
"Honestly, the rude response makes me feel annoyed. That is my honest reaction.",anger
"At this moment, The way I feel can only be described as startled. I can feel it strongly.",surprise
"After thinking about it, My mood is in disbelief after the last-minute change.",surprise
"At this moment, Honestly, the failed plan makes me feel miserable. The feeling is difficult to ignore.",sadness
"At this moment, It is hard to hide how scared I feel about the risky journey. That is my honest reaction.",fear
I am warm because of the kindness I received.,love
I am frightened because of speaking in public. That is my honest reaction.,fear
"I have to admit, I feel so tender about a thoughtful message. The feeling is difficult to ignore.",love
"To be honest, Thinking about the difficult goodbye leaves me miserable. That is my honest reaction.",sadness
"At this moment, Honestly, the failed plan makes me feel disappointed. It has stayed on my mind.",sadness
"Honestly, the shocking update makes me feel surprised.",surprise
"At this moment, My mood is mad after the broken promise. The feeling is difficult to ignore.",anger
Today I feel surprised; it is connected to the shocking update. That is my honest reaction.,surprise
The way I feel can only be described as in disbelief. The feeling is difficult to ignore.,surprise
"After thinking about it, Thinking about the new opportunity leaves me pleased. The feeling is difficult to ignore.",joy
"I have to admit, The way I feel can only be described as happy. I can feel it strongly.",joy
"To be honest, Thinking about the uncertain situation leaves me nervous. It has stayed on my mind.",fear
It is hard to hide how wonderful I feel about meeting my friends.,joy
"I have to admit, My mood is resentful after the repeated mistake. It has stayed on my mind.",anger
"To be honest, I am adored because of the person I care about. That is my honest reaction.",love
"After thinking about it, It is hard to hide how happy I feel about meeting my friends. That is my honest reaction.",joy
The way I feel can only be described as down. That is my honest reaction.,sadness
"At this moment, Honestly, the unbelievable result makes me feel stunned. The feeling is difficult to ignore.",surprise
"To be honest, Today I feel devoted; it is connected to a thoughtful message. I can feel it strongly.",love
"To be honest, It is hard to hide how speechless I feel about the last-minute change. That is my honest reaction.",surprise
"To be honest, My mood is affectionate after the person I care about. I can feel it strongly.",love
"After thinking about it, Today I feel panicked; it is connected to speaking in public.",fear
I keep feeling resentful whenever I remember the broken promise. I can feel it strongly.,anger
"I have to admit, Today I feel tender; it is connected to my family. I can feel it strongly.",love
"At this moment, The way I feel can only be described as lonely. The feeling is difficult to ignore.",sadness
"After thinking about it, It is hard to hide how thrilled I feel about meeting my friends. The feeling is difficult to ignore.",joy
"I have to admit, I keep feeling unhappy whenever I remember losing the opportunity. It has stayed on my mind.",sadness
"To be honest, The way I feel can only be described as annoyed. That is my honest reaction.",anger
"After thinking about it, Today I feel down; it is connected to the failed plan. I can feel it strongly.",sadness
"At this moment, It is hard to hide how adored I feel about my closest friend.",love
"After thinking about it, The way I feel can only be described as heartbroken. It has stayed on my mind.",sadness
"I have to admit, My mood is shocked after the unexpected announcement. That is my honest reaction.",surprise
"I have to admit, I keep feeling tearful whenever I remember the failed plan. It has stayed on my mind.",sadness
"I have to admit, I feel extremely caring about the person I care about.",love
"I have to admit, The way I feel can only be described as annoyed.",anger
"After thinking about it, I feel incredibly enraged about the rude response. That is my honest reaction.",anger
"After thinking about it, I keep feeling frustrated whenever I remember the unnecessary delay. The feeling is difficult to ignore.",anger
I keep feeling wonderful whenever I remember today's good news. It has stayed on my mind.,joy
"I have to admit, Thinking about the person I care about leaves me close. The feeling is difficult to ignore.",love
"At this moment, Right now I am incredibly afraid. It has stayed on my mind.",fear
Thinking about the new opportunity leaves me joyful. I can feel it strongly.,joy
"After thinking about it, I keep feeling resentful whenever I remember the repeated mistake.",anger
"I have to admit, My mood is annoyed after being ignored. The feeling is difficult to ignore.",anger
"To be honest, I feel completely outraged about being ignored. It has stayed on my mind.",anger
"After thinking about it, Thinking about my great result leaves me pleased. The feeling is difficult to ignore.",joy
"To be honest, It is hard to hide how angry I feel about being ignored.",anger
"After thinking about it, Right now I am extremely frightened.",fear
Right now I am very cross. It has stayed on my mind.,anger
"I have to admit, I keep feeling terrified whenever I remember what might happen tomorrow. It has stayed on my mind.",fear
"I have to admit, I am joyful because of my great result.",joy
"To be honest, Right now I am very tender. The feeling is difficult to ignore.",love
"I have to admit, Honestly, meeting my friends makes me feel excited.",joy
"I have to admit, The way I feel can only be described as startled. It has stayed on my mind.",surprise
"I have to admit, Honestly, finishing the project makes me feel excited. That is my honest reaction.",joy
"To be honest, Thinking about losing the opportunity leaves me lonely. I can feel it strongly.",sadness
"After thinking about it, I keep feeling irritated whenever I remember being ignored. I can feel it strongly.",anger
"I have to admit, I am unhappy because of losing the opportunity. The feeling is difficult to ignore.",sadness
"To be honest, The way I feel can only be described as loving. The feeling is difficult to ignore.",love
"To be honest, I am nervous because of what might happen tomorrow. The feeling is difficult to ignore.",fear
"At this moment, It is hard to hide how delighted I feel about the new opportunity. I can feel it strongly.",joy
"After thinking about it, I keep feeling angry whenever I remember the unfair decision. It has stayed on my mind.",anger
"To be honest, Today I feel frustrated; it is connected to the broken promise. The feeling is difficult to ignore.",anger
"After thinking about it, The way I feel can only be described as scared. The feeling is difficult to ignore.",fear
"To be honest, Today I feel warm; it is connected to my closest friend. I can feel it strongly.",love
It is hard to hide how loving I feel about our time together. That is my honest reaction.,love
"At this moment, My mood is optimistic after finishing the project. It has stayed on my mind.",joy
"To be honest, My mood is furious after the broken promise.",anger
"To be honest, Thinking about the kindness I received leaves me tender. I can feel it strongly.",love
"I have to admit, Honestly, the shocking update makes me feel taken aback. The feeling is difficult to ignore.",surprise
"After thinking about it, The way I feel can only be described as affectionate. I can feel it strongly.",love
"At this moment, The way I feel can only be described as afraid. I can feel it strongly.",fear
"After thinking about it, I feel truly grateful about meeting my friends. I can feel it strongly.",joy
I keep feeling in disbelief whenever I remember the last-minute change. That is my honest reaction.,surprise
I keep feeling close whenever I remember my family. The feeling is difficult to ignore.,love
"I have to admit, My mood is caring after my closest friend. That is my honest reaction.",love
"After thinking about it, I feel really afraid about the uncertain situation.",fear
"After thinking about it, I am annoyed because of the rude response. That is my honest reaction.",anger
"I have to admit, My mood is taken aback after the shocking update. It has stayed on my mind.",surprise
"After thinking about it, Thinking about my great result leaves me cheerful.",joy
"After thinking about it, My mood is delighted after the wonderful celebration. The feeling is difficult to ignore.",joy
"After thinking about it, Today I feel irritated; it is connected to the repeated mistake. The feeling is difficult to ignore.",anger
Right now I am really close. I can feel it strongly.,love
"After thinking about it, I am furious because of the broken promise. That is my honest reaction.",anger
"To be honest, I feel deeply uneasy about what might happen tomorrow. I can feel it strongly.",fear
"After thinking about it, I feel truly caring about our time together. The feeling is difficult to ignore.",love
"At this moment, It is hard to hide how cheerful I feel about today's good news. It has stayed on my mind.",joy
"I have to admit, The way I feel can only be described as taken aback. It has stayed on my mind.",surprise
"To be honest, The way I feel can only be described as scared. The feeling is difficult to ignore.",fear
"At this moment, Today I feel cheerful; it is connected to finishing the project. It has stayed on my mind.",joy
"Honestly, the uncertain situation makes me feel afraid. It has stayed on my mind.",fear
"After thinking about it, Today I feel unexpectedly amazed; it is connected to the sudden gift. The feeling is difficult to ignore.",surprise
"I have to admit, I am nervous because of speaking in public. The feeling is difficult to ignore.",fear
I keep feeling panicked whenever I remember the sudden noise.,fear
"After thinking about it, I keep feeling furious whenever I remember being ignored. I can feel it strongly.",anger
"I have to admit, Right now I am deeply heartbroken. That is my honest reaction.",sadness
"After thinking about it, The way I feel can only be described as angry. That is my honest reaction.",anger
"To be honest, Thinking about today's good news leaves me joyful. I can feel it strongly.",joy
"I have to admit, My mood is shocked after the unexpected announcement.",surprise
"I have to admit, The way I feel can only be described as excited. That is my honest reaction.",joy
"I have to admit, Honestly, the difficult goodbye makes me feel disappointed.",sadness
"I have to admit, Today I feel mad; it is connected to being ignored.",anger
"I have to admit, Honestly, what might happen tomorrow makes me feel terrified. That is my honest reaction.",fear
"To be honest, Right now I am completely grateful. I can feel it strongly.",joy
"At this moment, My mood is frightened after the uncertain situation. It has stayed on my mind.",fear
My mood is enraged after the unnecessary delay.,anger
"After thinking about it, I keep feeling fearful whenever I remember speaking in public.",fear
"After thinking about it, Today I feel uneasy; it is connected to the uncertain situation. I can feel it strongly.",fear
"I have to admit, Today I feel resentful; it is connected to the unfair decision. The feeling is difficult to ignore.",anger
Today I feel amazed; it is connected to the surprise visitor. That is my honest reaction.,surprise
"To be honest, My mood is nervous after the upcoming examination.",fear
"To be honest, I am romantic because of my family. The feeling is difficult to ignore.",love
"I have to admit, Today I feel fond; it is connected to the person I care about.",love
"After thinking about it, Honestly, a thoughtful message makes me feel romantic.",love
"To be honest, I feel so stunned about the last-minute change. The feeling is difficult to ignore.",surprise
"After thinking about it, It is hard to hide how grateful I feel about finishing the project. The feeling is difficult to ignore.",joy
"After thinking about it, I keep feeling frustrated whenever I remember the unnecessary delay.",anger
"I have to admit, Today I feel afraid; it is connected to the sudden noise. It has stayed on my mind.",fear
"Honestly, a lonely evening makes me feel unhappy. The feeling is difficult to ignore.",sadness
"I have to admit, My mood is amazed after the shocking update. I can feel it strongly.",surprise
"After thinking about it, Honestly, the surprise visitor makes me feel astonished.",surprise
"At this moment, Right now I am very stunned. It has stayed on my mind.",surprise
"To be honest, I am fearful because of speaking in public. That is my honest reaction.",fear
"After thinking about it, Right now I am really unexpectedly amazed. It has stayed on my mind.",surprise
I feel genuinely irritated about the repeated mistake. It has stayed on my mind.,anger
"I have to admit, The way I feel can only be described as close. It has stayed on my mind.",love
My mood is romantic after the kindness I received.,love
"I have to admit, I am nervous because of the upcoming examination. That is my honest reaction.",fear
"At this moment, My mood is disappointed after the failed plan. I can feel it strongly.",sadness
I keep feeling romantic whenever I remember my family. The feeling is difficult to ignore.,love
"At this moment, My mood is terrified after the sudden noise. That is my honest reaction.",fear
"To be honest, My mood is worried after the uncertain situation. That is my honest reaction.",fear
"After thinking about it, Honestly, the sudden gift makes me feel unexpectedly amazed.",surprise
"To be honest, Honestly, the shocking update makes me feel in disbelief.",surprise
I feel incredibly cheerful about the wonderful celebration.,joy
"To be honest, I feel quite taken aback about the sudden gift. That is my honest reaction.",surprise
"Honestly, the surprise visitor makes me feel unexpectedly amazed. It has stayed on my mind.",surprise
"To be honest, It is hard to hide how sorrowful I feel about the disappointing news.",sadness
"To be honest, I keep feeling scared whenever I remember the sudden noise. It has stayed on my mind.",fear
"At this moment, I keep feeling fond whenever I remember my closest friend. It has stayed on my mind.",love
"After thinking about it, My mood is wonderful after the new opportunity. I can feel it strongly.",joy
"After thinking about it, Right now I am so happy.",joy
"I have to admit, It is hard to hide how heartbroken I feel about missing my friends. That is my honest reaction.",sadness
"To be honest, Right now I am very resentful. The feeling is difficult to ignore.",anger
"At this moment, Right now I am extremely taken aback. I can feel it strongly.",surprise
"I have to admit, I feel so anxious about the upcoming examination. The feeling is difficult to ignore.",fear
"To be honest, Right now I am so irritated. I can feel it strongly.",anger
"At this moment, I feel so tender about my family. The feeling is difficult to ignore.",love
"I have to admit, Today I feel stunned; it is connected to the shocking update.",surprise
"I have to admit, My mood is speechless after the unexpected announcement. The feeling is difficult to ignore.",surprise
"At this moment, Thinking about the wonderful celebration leaves me delighted. It has stayed on my mind.",joy
"I have to admit, Honestly, the unnecessary delay makes me feel mad. The feeling is difficult to ignore.",anger
"At this moment, I am tearful because of the failed plan. I can feel it strongly.",sadness
"After thinking about it, My mood is stunned after the unbelievable result. The feeling is difficult to ignore.",surprise
"To be honest, It is hard to hide how down I feel about the failed plan. That is my honest reaction.",sadness
"To be honest, I keep feeling tearful whenever I remember missing my friends. That is my honest reaction.",sadness
Thinking about the risky journey leaves me terrified. It has stayed on my mind.,fear
"After thinking about it, Today I feel sad; it is connected to the failed plan. The feeling is difficult to ignore.",sadness
"I have to admit, I keep feeling loving whenever I remember the kindness I received.",love
"At this moment, Right now I am really tearful. It has stayed on my mind.",sadness
"After thinking about it, Honestly, the last-minute change makes me feel startled.",surprise
"To be honest, Right now I am deeply happy.",joy
"At this moment, My mood is romantic after a thoughtful message. That is my honest reaction.",love
"After thinking about it, I am nervous because of the risky journey. That is my honest reaction.",fear
"I have to admit, Thinking about our time together leaves me close. The feeling is difficult to ignore.",love
"To be honest, I keep feeling gloomy whenever I remember the disappointing news. The feeling is difficult to ignore.",sadness
"After thinking about it, Today I feel nervous; it is connected to the upcoming examination. It has stayed on my mind.",fear
"After thinking about it, My mood is excited after finishing the project. The feeling is difficult to ignore.",joy
Today I feel warm; it is connected to my family.,love
"To be honest, My mood is down after a lonely evening. That is my honest reaction.",sadness
"After thinking about it, Right now I am very heartbroken. It has stayed on my mind.",sadness
"At this moment, Today I feel cheerful; it is connected to today's good news. It has stayed on my mind.",joy
"At this moment, My mood is irritated after the unfair decision. It has stayed on my mind.",anger
"To be honest, Thinking about the upcoming examination leaves me anxious.",fear
"After thinking about it, Honestly, the rude response makes me feel mad. It has stayed on my mind.",anger
"I have to admit, I keep feeling happy whenever I remember the wonderful celebration. That is my honest reaction.",joy
"After thinking about it, I am gloomy because of a lonely evening. That is my honest reaction.",sadness
"To be honest, Honestly, the uncertain situation makes me feel worried. That is my honest reaction.",fear
"After thinking about it, I am joyful because of the wonderful celebration. That is my honest reaction.",joy
"I have to admit, Honestly, my closest friend makes me feel tender. The feeling is difficult to ignore.",love
"To be honest, It is hard to hide how unexpectedly amazed I feel about the surprise visitor. I can feel it strongly.",surprise
"At this moment, Honestly, a thoughtful message makes me feel fond. It has stayed on my mind.",love
Thinking about my great result leaves me grateful. I can feel it strongly.,joy
"At this moment, Right now I am so panicked. It has stayed on my mind.",fear
The way I feel can only be described as tearful.,sadness
I keep feeling close whenever I remember our time together. I can feel it strongly.,love
"I have to admit, Thinking about the wonderful celebration leaves me cheerful. I can feel it strongly.",joy
"To be honest, I feel genuinely heartbroken about missing my friends. I can feel it strongly.",sadness
"I have to admit, Honestly, the broken promise makes me feel resentful. It has stayed on my mind.",anger
"Honestly, the kindness I received makes me feel warm. It has stayed on my mind.",love
"To be honest, Today I feel fond; it is connected to a thoughtful message. The feeling is difficult to ignore.",love
"After thinking about it, I am down because of a lonely evening. It has stayed on my mind.",sadness
"After thinking about it, I keep feeling taken aback whenever I remember the surprise visitor.",surprise
"At this moment, The way I feel can only be described as grateful. That is my honest reaction.",joy
"At this moment, Today I feel taken aback; it is connected to the shocking update. That is my honest reaction.",surprise
The way I feel can only be described as worried. It has stayed on my mind.,fear
"I have to admit, The way I feel can only be described as romantic. That is my honest reaction.",love
"At this moment, It is hard to hide how unhappy I feel about the disappointing news.",sadness
"At this moment, It is hard to hide how anxious I feel about the risky journey. That is my honest reaction.",fear
"To be honest, Right now I am completely astonished. The feeling is difficult to ignore.",surprise
"To be honest, I feel quite astonished about the unbelievable result. That is my honest reaction.",surprise
Today I feel cross; it is connected to the rude response. That is my honest reaction.,anger
"To be honest, The way I feel can only be described as loving. It has stayed on my mind.",love
"To be honest, It is hard to hide how cheerful I feel about the new opportunity. It has stayed on my mind.",joy
"At this moment, Right now I am quite anxious. That is my honest reaction.",fear
"To be honest, The way I feel can only be described as fearful. The feeling is difficult to ignore.",fear
"At this moment, Thinking about the upcoming examination leaves me panicked. It has stayed on my mind.",fear
"I have to admit, My mood is tearful after missing my friends. That is my honest reaction.",sadness
"To be honest, I feel very gloomy about losing the opportunity. That is my honest reaction.",sadness
"After thinking about it, Thinking about the uncertain situation leaves me afraid.",fear
"After thinking about it, Right now I am incredibly outraged. I can feel it strongly.",anger
"To be honest, Right now I am really shocked. The feeling is difficult to ignore.",surprise
"Honestly, today's good news makes me feel thrilled. The feeling is difficult to ignore.",joy
"After thinking about it, Right now I am quite sad.",sadness
"I have to admit, I feel very joyful about meeting my friends. I can feel it strongly.",joy
"I have to admit, Right now I am truly delighted. It has stayed on my mind.",joy
"After thinking about it, I am cross because of the rude response.",anger
"To be honest, The way I feel can only be described as sorrowful. It has stayed on my mind.",sadness
"After thinking about it, I keep feeling romantic whenever I remember our time together.",love
"To be honest, It is hard to hide how anxious I feel about the risky journey.",fear
"To be honest, I keep feeling startled whenever I remember the surprise visitor. That is my honest reaction.",surprise
"At this moment, I feel deeply unhappy about losing the opportunity. That is my honest reaction.",sadness
"At this moment, Honestly, the sudden gift makes me feel stunned. The feeling is difficult to ignore.",surprise
"To be honest, Thinking about the surprise visitor leaves me taken aback. I can feel it strongly.",surprise
It is hard to hide how irritated I feel about being ignored. That is my honest reaction.,anger
"At this moment, Right now I am so gloomy.",sadness
I am wonderful because of meeting my friends.,joy
My mood is pleased after the wonderful celebration. It has stayed on my mind.,joy
"At this moment, Today I feel anxious; it is connected to the risky journey. The feeling is difficult to ignore.",fear
"I have to admit, I feel extremely scared about the risky journey.",fear
"I have to admit, The way I feel can only be described as caring. That is my honest reaction.",love
"To be honest, I feel quite frightened about the sudden noise. It has stayed on my mind.",fear
I am anxious because of speaking in public.,fear
"To be honest, It is hard to hide how cross I feel about being ignored. It has stayed on my mind.",anger
"Honestly, the surprise visitor makes me feel shocked. The feeling is difficult to ignore.",surprise
"At this moment, I am sad because of the difficult goodbye. That is my honest reaction.",sadness
"At this moment, I keep feeling joyful whenever I remember today's good news. It has stayed on my mind.",joy
"To be honest, The way I feel can only be described as unexpectedly amazed. It has stayed on my mind.",surprise
"At this moment, I am surprised because of the sudden gift. I can feel it strongly.",surprise
"To be honest, The way I feel can only be described as shocked. The feeling is difficult to ignore.",surprise
I keep feeling annoyed whenever I remember the unnecessary delay. That is my honest reaction.,anger
"After thinking about it, Today I feel terrified; it is connected to the upcoming examination. I can feel it strongly.",fear
"I have to admit, My mood is sad after the failed plan. I can feel it strongly.",sadness
"At this moment, I keep feeling annoyed whenever I remember the repeated mistake. I can feel it strongly.",anger
I feel very fearful about the risky journey. I can feel it strongly.,fear
"I have to admit, I keep feeling unhappy whenever I remember a lonely evening. It has stayed on my mind.",sadness
"After thinking about it, I keep feeling unhappy whenever I remember the failed plan. It has stayed on my mind.",sadness
"I have to admit, I am miserable because of the disappointing news. I can feel it strongly.",sadness
"To be honest, I keep feeling terrified whenever I remember speaking in public.",fear
"At this moment, I am loving because of the person I care about. The feeling is difficult to ignore.",love
It is hard to hide how angry I feel about the unfair decision. It has stayed on my mind.,anger
I keep feeling excited whenever I remember the wonderful celebration.,joy
"After thinking about it, I keep feeling outraged whenever I remember the broken promise. The feeling is difficult to ignore.",anger
"I have to admit, I keep feeling furious whenever I remember the rude response. It has stayed on my mind.",anger
"To be honest, I am miserable because of a lonely evening. I can feel it strongly.",sadness
"I have to admit, I am amazed because of the unbelievable result.",surprise
"I have to admit, Right now I am quite resentful. I can feel it strongly.",anger
"I have to admit, I feel truly heartbroken about the difficult goodbye. That is my honest reaction.",sadness
"I have to admit, I am joyful because of the wonderful celebration. It has stayed on my mind.",joy
"I have to admit, Today I feel shocked; it is connected to the last-minute change. That is my honest reaction.",surprise
"At this moment, Honestly, today's good news makes me feel optimistic. That is my honest reaction.",joy
I keep feeling lonely whenever I remember missing my friends. The feeling is difficult to ignore.,sadness
"At this moment, I keep feeling excited whenever I remember meeting my friends. I can feel it strongly.",joy
"I have to admit, Honestly, my closest friend makes me feel close.",love
"To be honest, Today I feel terrified; it is connected to the upcoming examination.",fear
"After thinking about it, Honestly, the kindness I received makes me feel fond. It has stayed on my mind.",love
"To be honest, I am astonished because of the sudden gift. The feeling is difficult to ignore.",surprise
"I have to admit, My mood is sorrowful after missing my friends.",sadness
"After thinking about it, I feel very terrified about the sudden noise. That is my honest reaction.",fear
"After thinking about it, I am terrified because of the risky journey. I can feel it strongly.",fear
"To be honest, Today I feel surprised; it is connected to the sudden gift.",surprise
"After thinking about it, My mood is sorrowful after the disappointing news.",sadness
"To be honest, My mood is amazed after the unexpected announcement. That is my honest reaction.",surprise
"At this moment, Honestly, the repeated mistake makes me feel frustrated. I can feel it strongly.",anger
"To be honest, Today I feel disappointed; it is connected to a lonely evening.",sadness
"After thinking about it, Honestly, the sudden gift makes me feel startled. The feeling is difficult to ignore.",surprise
"At this moment, Right now I am very caring. It has stayed on my mind.",love
My mood is romantic after the kindness I received. That is my honest reaction.,love
"After thinking about it, It is hard to hide how cheerful I feel about my great result. I can feel it strongly.",joy
"To be honest, I feel so caring about the kindness I received. That is my honest reaction.",love
"To be honest, Thinking about speaking in public leaves me worried. That is my honest reaction.",fear
I keep feeling mad whenever I remember the unnecessary delay. I can feel it strongly.,anger
Today I feel worried; it is connected to speaking in public.,fear
"To be honest, It is hard to hide how irritated I feel about the unnecessary delay. The feeling is difficult to ignore.",anger
"I have to admit, It is hard to hide how unhappy I feel about losing the opportunity.",sadness
"After thinking about it, I am down because of losing the opportunity.",sadness
The way I feel can only be described as taken aback. That is my honest reaction.,surprise
"At this moment, My mood is resentful after the unnecessary delay.",anger
"After thinking about it, My mood is down after the difficult goodbye. That is my honest reaction.",sadness
It is hard to hide how worried I feel about the upcoming examination. The feeling is difficult to ignore.,fear
"I have to admit, I am wonderful because of meeting my friends. The feeling is difficult to ignore.",joy
I keep feeling thrilled whenever I remember finishing the project. The feeling is difficult to ignore.,joy
"To be honest, My mood is panicked after speaking in public. It has stayed on my mind.",fear
I feel really frightened about the uncertain situation.,fear
The way I feel can only be described as joyful. It has stayed on my mind.,joy
"After thinking about it, Today I feel sorrowful; it is connected to the disappointing news.",sadness
My mood is furious after being ignored. That is my honest reaction.,anger
"After thinking about it, I keep feeling astonished whenever I remember the surprise visitor. It has stayed on my mind.",surprise
"I have to admit, I keep feeling amazed whenever I remember the unexpected announcement. It has stayed on my mind.",surprise
"I have to admit, It is hard to hide how scared I feel about what might happen tomorrow. That is my honest reaction.",fear
"At this moment, Honestly, the unnecessary delay makes me feel angry. I can feel it strongly.",anger
"After thinking about it, Right now I am extremely unhappy. That is my honest reaction.",sadness
"After thinking about it, Honestly, the person I care about makes me feel romantic.",love
"To be honest, It is hard to hide how wonderful I feel about the new opportunity. It has stayed on my mind.",joy
"I have to admit, I feel deeply angry about the unfair decision. The feeling is difficult to ignore.",anger
"At this moment, It is hard to hide how unexpectedly amazed I feel about the last-minute change.",surprise
"To be honest, Thinking about my family leaves me fond. It has stayed on my mind.",love
My mood is lonely after missing my friends. That is my honest reaction.,sadness
"After thinking about it, My mood is optimistic after my great result.",joy
"At this moment, Honestly, the last-minute change makes me feel taken aback.",surprise
"I have to admit, I feel extremely loving about a thoughtful message.",love
"At this moment, The way I feel can only be described as pleased. I can feel it strongly.",joy
"To be honest, Honestly, the rude response makes me feel resentful.",anger
"I have to admit, I am enraged because of the rude response. I can feel it strongly.",anger
"To be honest, Right now I am very scared. It has stayed on my mind.",fear
"At this moment, Right now I am genuinely warm. The feeling is difficult to ignore.",love
"I have to admit, I am scared because of the sudden noise.",fear
"At this moment, Thinking about the upcoming examination leaves me scared. That is my honest reaction.",fear
I keep feeling wonderful whenever I remember today's good news. That is my honest reaction.,joy
"I have to admit, It is hard to hide how startled I feel about the unbelievable result. I can feel it strongly.",surprise
"Honestly, a thoughtful message makes me feel tender. I can feel it strongly.",love
"To be honest, Today I feel grateful; it is connected to my great result. That is my honest reaction.",joy
"I have to admit, The way I feel can only be described as angry. I can feel it strongly.",anger
"At this moment, Today I feel optimistic; it is connected to meeting my friends. The feeling is difficult to ignore.",joy
It is hard to hide how disappointed I feel about losing the opportunity. I can feel it strongly.,sadness
"I have to admit, I feel so caring about the person I care about. The feeling is difficult to ignore.",love
"After thinking about it, Right now I am extremely furious. It has stayed on my mind.",anger
"After thinking about it, I am terrified because of the upcoming examination. I can feel it strongly.",fear
"After thinking about it, It is hard to hide how wonderful I feel about finishing the project. That is my honest reaction.",joy
"After thinking about it, Honestly, missing my friends makes me feel heartbroken. I can feel it strongly.",sadness
It is hard to hide how frustrated I feel about the unnecessary delay. I can feel it strongly.,anger
"Honestly, a thoughtful message makes me feel tender.",love
"I have to admit, I keep feeling tender whenever I remember my family. That is my honest reaction.",love
"To be honest, My mood is thrilled after the new opportunity. It has stayed on my mind.",joy
My mood is uneasy after the uncertain situation. It has stayed on my mind.,fear
"At this moment, The way I feel can only be described as uneasy. I can feel it strongly.",fear
"To be honest, I am amazed because of the surprise visitor. That is my honest reaction.",surprise
"I have to admit, I keep feeling heartbroken whenever I remember a lonely evening. That is my honest reaction.",sadness
"At this moment, I am fearful because of speaking in public. It has stayed on my mind.",fear
I feel quite fearful about the risky journey. The feeling is difficult to ignore.,fear
"At this moment, My mood is joyful after my great result.",joy
"After thinking about it, Today I feel heartbroken; it is connected to losing the opportunity. That is my honest reaction.",sadness
"To be honest, It is hard to hide how irritated I feel about the rude response.",anger
"At this moment, My mood is frustrated after the broken promise. I can feel it strongly.",anger
The way I feel can only be described as caring.,love
"To be honest, Right now I am incredibly angry. It has stayed on my mind.",anger
"I have to admit, Today I feel cross; it is connected to the unnecessary delay.",anger
"I have to admit, My mood is enraged after the broken promise.",anger
My mood is angry after being ignored.,anger
I keep feeling devoted whenever I remember the kindness I received.,love
"To be honest, My mood is wonderful after meeting my friends.",joy
"After thinking about it, I am panicked because of what might happen tomorrow.",fear
"After thinking about it, It is hard to hide how outraged I feel about the unnecessary delay. The feeling is difficult to ignore.",anger
"To be honest, I am affectionate because of my family. I can feel it strongly.",love
"To be honest, Today I feel uneasy; it is connected to the upcoming examination. That is my honest reaction.",fear
Today I feel worried; it is connected to speaking in public. It has stayed on my mind.,fear
"At this moment, Today I feel grateful; it is connected to the wonderful celebration. That is my honest reaction.",joy
"To be honest, I am mad because of the unfair decision. I can feel it strongly.",anger
"I have to admit, The way I feel can only be described as unhappy.",sadness
I keep feeling annoyed whenever I remember the unnecessary delay.,anger
"After thinking about it, Right now I am very furious. That is my honest reaction.",anger
"At this moment, I am down because of the disappointing news. I can feel it strongly.",sadness
"Honestly, the failed plan makes me feel unhappy. That is my honest reaction.",sadness
"To be honest, I am grateful because of my great result. I can feel it strongly.",joy
"After thinking about it, It is hard to hide how loving I feel about our time together. It has stayed on my mind.",love
"I have to admit, My mood is pleased after meeting my friends. That is my honest reaction.",joy
It is hard to hide how angry I feel about the unnecessary delay. It has stayed on my mind.,anger
"I have to admit, It is hard to hide how astonished I feel about the surprise visitor. The feeling is difficult to ignore.",surprise
"To be honest, Today I feel disappointed; it is connected to the failed plan. That is my honest reaction.",sadness
"I have to admit, Right now I am so unexpectedly amazed. It has stayed on my mind.",surprise
"At this moment, I feel incredibly terrified about speaking in public. The feeling is difficult to ignore.",fear
"To be honest, It is hard to hide how anxious I feel about speaking in public.",fear
"After thinking about it, My mood is anxious after the uncertain situation. The feeling is difficult to ignore.",fear
"At this moment, I keep feeling miserable whenever I remember losing the opportunity. It has stayed on my mind.",sadness
"To be honest, I keep feeling excited whenever I remember finishing the project. I can feel it strongly.",joy
"To be honest, I feel genuinely fearful about the risky journey. I can feel it strongly.",fear
"I have to admit, The way I feel can only be described as caring.",love
"To be honest, I am in disbelief because of the unexpected announcement. That is my honest reaction.",surprise
"To be honest, I keep feeling lonely whenever I remember the disappointing news. The feeling is difficult to ignore.",sadness
"To be honest, Thinking about the failed plan leaves me gloomy. I can feel it strongly.",sadness
"At this moment, Today I feel worried; it is connected to the upcoming examination. It has stayed on my mind.",fear
Today I feel cheerful; it is connected to the new opportunity. It has stayed on my mind.,joy
"I have to admit, Right now I am incredibly annoyed.",anger
Thinking about the repeated mistake leaves me frustrated. The feeling is difficult to ignore.,anger
Thinking about the failed plan leaves me tearful. I can feel it strongly.,sadness
"After thinking about it, I am close because of my family. The feeling is difficult to ignore.",love
"To be honest, I am joyful because of the wonderful celebration. The feeling is difficult to ignore.",joy
"To be honest, The way I feel can only be described as joyful.",joy
"I have to admit, I keep feeling mad whenever I remember the repeated mistake. The feeling is difficult to ignore.",anger
"After thinking about it, It is hard to hide how nervous I feel about the risky journey. The feeling is difficult to ignore.",fear
"I have to admit, I feel deeply tender about our time together. The feeling is difficult to ignore.",love
"I have to admit, Honestly, the risky journey makes me feel scared. It has stayed on my mind.",fear
"At this moment, I am mad because of the rude response.",anger
"To be honest, It is hard to hide how close I feel about our time together.",love
Today I feel pleased; it is connected to finishing the project. I can feel it strongly.,joy
"To be honest, Today I feel thrilled; it is connected to finishing the project. The feeling is difficult to ignore.",joy
"To be honest, Right now I am incredibly unexpectedly amazed. It has stayed on my mind.",surprise
"At this moment, Today I feel surprised; it is connected to the sudden gift. It has stayed on my mind.",surprise
"After thinking about it, I am cheerful because of the wonderful celebration.",joy
"At this moment, Thinking about the repeated mistake leaves me frustrated. The feeling is difficult to ignore.",anger
"To be honest, Today I feel irritated; it is connected to the repeated mistake. The feeling is difficult to ignore.",anger
"To be honest, Right now I am extremely scared. The feeling is difficult to ignore.",fear
"After thinking about it, Thinking about the unfair decision leaves me angry. That is my honest reaction.",anger
"I have to admit, It is hard to hide how unhappy I feel about the failed plan. I can feel it strongly.",sadness
"At this moment, Thinking about the risky journey leaves me afraid. I can feel it strongly.",fear
"At this moment, I feel quite mad about the broken promise. It has stayed on my mind.",anger
"After thinking about it, I am unhappy because of losing the opportunity. That is my honest reaction.",sadness
"At this moment, It is hard to hide how frustrated I feel about the broken promise. That is my honest reaction.",anger
"To be honest, I am surprised because of the sudden gift. It has stayed on my mind.",surprise
"Honestly, the unexpected announcement makes me feel startled. It has stayed on my mind.",surprise
"I have to admit, Right now I am truly frightened. It has stayed on my mind.",fear
"Honestly, the broken promise makes me feel angry. I can feel it strongly.",anger
"At this moment, I keep feeling sorrowful whenever I remember losing the opportunity. That is my honest reaction.",sadness
"At this moment, My mood is terrified after the upcoming examination. The feeling is difficult to ignore.",fear
"After thinking about it, Honestly, a lonely evening makes me feel down.",sadness
"I have to admit, Honestly, the unexpected announcement makes me feel startled. It has stayed on my mind.",surprise
"To be honest, Today I feel cross; it is connected to the rude response. I can feel it strongly.",anger
"At this moment, I keep feeling in disbelief whenever I remember the shocking update. It has stayed on my mind.",surprise
"At this moment, Today I feel astonished; it is connected to the surprise visitor. I can feel it strongly.",surprise
"At this moment, I am loving because of a thoughtful message. It has stayed on my mind.",love
"I have to admit, I keep feeling outraged whenever I remember the broken promise. That is my honest reaction.",anger
"After thinking about it, Thinking about the unbelievable result leaves me unexpectedly amazed. It has stayed on my mind.",surprise
I am caring because of the person I care about.,love
"To be honest, I feel really happy about the new opportunity. I can feel it strongly.",joy
"After thinking about it, My mood is caring after my closest friend. I can feel it strongly.",love
"To be honest, It is hard to hide how down I feel about missing my friends. I can feel it strongly.",sadness
"To be honest, I am happy because of meeting my friends. The feeling is difficult to ignore.",joy
"I have to admit, I keep feeling scared whenever I remember the uncertain situation. That is my honest reaction.",fear
"Honestly, the broken promise makes me feel cross. The feeling is difficult to ignore.",anger
"At this moment, My mood is surprised after the shocking update. It has stayed on my mind.",surprise
"After thinking about it, It is hard to hide how frustrated I feel about the repeated mistake. The feeling is difficult to ignore.",anger
"At this moment, It is hard to hide how taken aback I feel about the shocking update. It has stayed on my mind.",surprise
"I have to admit, Honestly, a thoughtful message makes me feel tender. It has stayed on my mind.",love
It is hard to hide how loving I feel about a thoughtful message. The feeling is difficult to ignore.,love
"To be honest, Today I feel close; it is connected to a thoughtful message. It has stayed on my mind.",love
The way I feel can only be described as amazed. The feeling is difficult to ignore.,surprise
"After thinking about it, My mood is frightened after the sudden noise. I can feel it strongly.",fear
"At this moment, Honestly, our time together makes me feel tender. That is my honest reaction.",love
"After thinking about it, I am in disbelief because of the shocking update. That is my honest reaction.",surprise
"I have to admit, I am annoyed because of being ignored. The feeling is difficult to ignore.",anger
"To be honest, Thinking about my family leaves me warm. It has stayed on my mind.",love
"To be honest, It is hard to hide how disappointed I feel about the difficult goodbye.",sadness
"To be honest, Thinking about the new opportunity leaves me cheerful.",joy
"To be honest, Thinking about my family leaves me caring. The feeling is difficult to ignore.",love
"At this moment, Today I feel surprised; it is connected to the unbelievable result.",surprise
Right now I am really tearful. I can feel it strongly.,sadness
"At this moment, Honestly, the failed plan makes me feel miserable.",sadness
"To be honest, I feel really scared about the upcoming examination. The feeling is difficult to ignore.",fear
"After thinking about it, I feel completely sad about missing my friends. It has stayed on my mind.",sadness
"I have to admit, My mood is cross after being ignored.",anger
"At this moment, Today I feel furious; it is connected to the broken promise.",anger
"At this moment, Thinking about my great result leaves me pleased. The feeling is difficult to ignore.",joy
"At this moment, Right now I am extremely scared. It has stayed on my mind.",fear
"To be honest, Thinking about the difficult goodbye leaves me unhappy. It has stayed on my mind.",sadness
"At this moment, I feel extremely fearful about the risky journey. The feeling is difficult to ignore.",fear
Today I feel astonished; it is connected to the shocking update. It has stayed on my mind.,surprise
"I have to admit, My mood is mad after the broken promise. I can feel it strongly.",anger
"At this moment, It is hard to hide how devoted I feel about the kindness I received.",love
"At this moment, It is hard to hide how uneasy I feel about the upcoming examination. The feeling is difficult to ignore.",fear
"I have to admit, Honestly, meeting my friends makes me feel thrilled. I can feel it strongly.",joy
"To be honest, It is hard to hide how panicked I feel about what might happen tomorrow. That is my honest reaction.",fear
My mood is uneasy after the uncertain situation. That is my honest reaction.,fear
"To be honest, Right now I am incredibly romantic. The feeling is difficult to ignore.",love
"To be honest, Right now I am truly wonderful. That is my honest reaction.",joy
"I have to admit, I feel so warm about my closest friend. The feeling is difficult to ignore.",love
"To be honest, My mood is excited after my great result. It has stayed on my mind.",joy
I keep feeling unexpectedly amazed whenever I remember the unbelievable result. The feeling is difficult to ignore.,surprise
"Honestly, the disappointing news makes me feel tearful.",sadness
"I have to admit, I am nervous because of the risky journey. The feeling is difficult to ignore.",fear
"At this moment, It is hard to hide how terrified I feel about what might happen tomorrow. It has stayed on my mind.",fear
"At this moment, The way I feel can only be described as sorrowful. It has stayed on my mind.",sadness
"To be honest, I am unhappy because of the failed plan. The feeling is difficult to ignore.",sadness
"After thinking about it, I feel deeply panicked about what might happen tomorrow.",fear
"After thinking about it, Today I feel grateful; it is connected to today's good news. It has stayed on my mind.",joy
"After thinking about it, I am sad because of a lonely evening. That is my honest reaction.",sadness
"I have to admit, I feel quite adored about our time together. That is my honest reaction.",love
"After thinking about it, My mood is adored after our time together. That is my honest reaction.",love
Thinking about speaking in public leaves me nervous. The feeling is difficult to ignore.,fear
"I have to admit, I keep feeling anxious whenever I remember what might happen tomorrow. That is my honest reaction.",fear
"After thinking about it, I feel really surprised about the last-minute change. I can feel it strongly.",surprise
"I have to admit, The way I feel can only be described as frightened. It has stayed on my mind.",fear
It is hard to hide how enraged I feel about being ignored. I can feel it strongly.,anger
"I have to admit, My mood is cross after the rude response. It has stayed on my mind.",anger
Right now I am genuinely heartbroken. I can feel it strongly.,sadness
"After thinking about it, My mood is afraid after the risky journey. I can feel it strongly.",fear
"At this moment, Honestly, speaking in public makes me feel afraid. The feeling is difficult to ignore.",fear
"I have to admit, I am devoted because of my closest friend. It has stayed on my mind.",love
The way I feel can only be described as excited.,joy
"To be honest, Right now I am truly panicked. It has stayed on my mind.",fear
"I have to admit, The way I feel can only be described as miserable. It has stayed on my mind.",sadness
Today I feel miserable; it is connected to the disappointing news. That is my honest reaction.,sadness
"I have to admit, The way I feel can only be described as optimistic. I can feel it strongly.",joy
My mood is wonderful after the wonderful celebration. That is my honest reaction.,joy
"I have to admit, Today I feel fearful; it is connected to speaking in public. The feeling is difficult to ignore.",fear
"After thinking about it, I feel extremely worried about what might happen tomorrow. That is my honest reaction.",fear
"I have to admit, I feel so delighted about the new opportunity.",joy
"At this moment, I feel completely frightened about the sudden noise. It has stayed on my mind.",fear
"After thinking about it, Thinking about today's good news leaves me happy. It has stayed on my mind.",joy
"At this moment, Honestly, a lonely evening makes me feel sorrowful. That is my honest reaction.",sadness
"After thinking about it, I am sad because of the disappointing news. I can feel it strongly.",sadness
"After thinking about it, Today I feel stunned; it is connected to the unbelievable result. I can feel it strongly.",surprise
I am fearful because of the upcoming examination. It has stayed on my mind.,fear
"After thinking about it, Today I feel unhappy; it is connected to the difficult goodbye. It has stayed on my mind.",sadness
Today I feel delighted; it is connected to finishing the project. I can feel it strongly.,joy
"To be honest, It is hard to hide how fearful I feel about what might happen tomorrow. I can feel it strongly.",fear
I am nervous because of the uncertain situation. That is my honest reaction.,fear
"After thinking about it, Thinking about the wonderful celebration leaves me pleased. The feeling is difficult to ignore.",joy
"To be honest, I keep feeling adored whenever I remember a thoughtful message. That is my honest reaction.",love
"At this moment, I am pleased because of my great result. That is my honest reaction.",joy
"After thinking about it, The way I feel can only be described as afraid. It has stayed on my mind.",fear
"To be honest, I keep feeling optimistic whenever I remember the wonderful celebration. The feeling is difficult to ignore.",joy
"I have to admit, I am surprised because of the shocking update. That is my honest reaction.",surprise
"After thinking about it, Honestly, the kindness I received makes me feel affectionate. That is my honest reaction.",love
"I have to admit, It is hard to hide how gloomy I feel about the difficult goodbye.",sadness
"To be honest, My mood is enraged after the rude response. I can feel it strongly.",anger
"To be honest, I keep feeling terrified whenever I remember speaking in public. It has stayed on my mind.",fear
"At this moment, Thinking about the broken promise leaves me annoyed. I can feel it strongly.",anger
"To be honest, My mood is startled after the shocking update. That is my honest reaction.",surprise
"At this moment, I am furious because of the broken promise. The feeling is difficult to ignore.",anger
"To be honest, My mood is cheerful after my great result. I can feel it strongly.",joy
"After thinking about it, Today I feel outraged; it is connected to the repeated mistake. I can feel it strongly.",anger
"At this moment, The way I feel can only be described as frightened. That is my honest reaction.",fear
"To be honest, Thinking about the upcoming examination leaves me frightened.",fear
"To be honest, I am taken aback because of the surprise visitor.",surprise
"At this moment, I am startled because of the unbelievable result. It has stayed on my mind.",surprise
"At this moment, It is hard to hide how close I feel about the kindness I received. It has stayed on my mind.",love
Right now I am so cross. It has stayed on my mind.,anger
"At this moment, Today I feel nervous; it is connected to the upcoming examination. It has stayed on my mind.",fear
"After thinking about it, Thinking about what might happen tomorrow leaves me afraid. That is my honest reaction.",fear
"At this moment, My mood is mad after the broken promise. I can feel it strongly.",anger
"I have to admit, Today I feel startled; it is connected to the unbelievable result. That is my honest reaction.",surprise
"After thinking about it, Honestly, the person I care about makes me feel caring. It has stayed on my mind.",love
"Honestly, our time together makes me feel close. It has stayed on my mind.",love
Today I feel surprised; it is connected to the surprise visitor.,surprise
"I have to admit, Thinking about the unexpected announcement leaves me taken aback. The feeling is difficult to ignore.",surprise
"After thinking about it, It is hard to hide how amazed I feel about the unexpected announcement. I can feel it strongly.",surprise
"To be honest, Today I feel devoted; it is connected to the kindness I received. The feeling is difficult to ignore.",love
"I have to admit, I feel extremely sad about a lonely evening. It has stayed on my mind.",sadness
I am cheerful because of finishing the project. It has stayed on my mind.,joy
My mood is mad after the unnecessary delay. I can feel it strongly.,anger
The way I feel can only be described as cheerful.,joy
"I have to admit, It is hard to hide how disappointed I feel about the disappointing news. It has stayed on my mind.",sadness
"I have to admit, Today I feel tearful; it is connected to the disappointing news. It has stayed on my mind.",sadness
"To be honest, I keep feeling surprised whenever I remember the surprise visitor. It has stayed on my mind.",surprise
"After thinking about it, I am stunned because of the sudden gift. I can feel it strongly.",surprise
Right now I am very nervous. That is my honest reaction.,fear
"I have to admit, I am devoted because of the kindness I received. It has stayed on my mind.",love
"To be honest, I am scared because of the uncertain situation. I can feel it strongly.",fear
"At this moment, Today I feel sad; it is connected to the failed plan. It has stayed on my mind.",sadness
"After thinking about it, The way I feel can only be described as uneasy. The feeling is difficult to ignore.",fear
"After thinking about it, Right now I am genuinely warm. I can feel it strongly.",love
"I have to admit, The way I feel can only be described as down. That is my honest reaction.",sadness
I am pleased because of finishing the project. It has stayed on my mind.,joy
I am down because of missing my friends.,sadness
"After thinking about it, I am terrified because of the risky journey. It has stayed on my mind.",fear
"To be honest, Right now I am completely outraged. I can feel it strongly.",anger
"To be honest, My mood is unhappy after missing my friends.",sadness
"To be honest, Honestly, the risky journey makes me feel frightened. The feeling is difficult to ignore.",fear
"At this moment, I keep feeling annoyed whenever I remember being ignored. The feeling is difficult to ignore.",anger
"To be honest, I keep feeling romantic whenever I remember my family. It has stayed on my mind.",love
"After thinking about it, My mood is scared after the upcoming examination. It has stayed on my mind.",fear
"After thinking about it, I keep feeling down whenever I remember the difficult goodbye. It has stayed on my mind.",sadness
Thinking about the failed plan leaves me tearful.,sadness
"After thinking about it, The way I feel can only be described as sorrowful. That is my honest reaction.",sadness
"I have to admit, I am lonely because of the disappointing news. The feeling is difficult to ignore.",sadness
"After thinking about it, Today I feel startled; it is connected to the unbelievable result. The feeling is difficult to ignore.",surprise
"I have to admit, I keep feeling in disbelief whenever I remember the unexpected announcement.",surprise
Thinking about the broken promise leaves me outraged. I can feel it strongly.,anger
"At this moment, Honestly, the kindness I received makes me feel close. I can feel it strongly.",love
"At this moment, Today I feel mad; it is connected to the repeated mistake. It has stayed on my mind.",anger
"Honestly, today's good news makes me feel wonderful. That is my honest reaction.",joy
"After thinking about it, It is hard to hide how pleased I feel about meeting my friends. The feeling is difficult to ignore.",joy
"At this moment, Today I feel amazed; it is connected to the unexpected announcement.",surprise
"At this moment, Thinking about the unexpected announcement leaves me startled.",surprise
"After thinking about it, I am anxious because of the sudden noise. The feeling is difficult to ignore.",fear
Today I feel angry; it is connected to being ignored. It has stayed on my mind.,anger
It is hard to hide how heartbroken I feel about the failed plan. It has stayed on my mind.,sadness
"I have to admit, Right now I am deeply panicked. That is my honest reaction.",fear
"To be honest, I feel truly outraged about the unfair decision. It has stayed on my mind.",anger
"At this moment, It is hard to hide how wonderful I feel about today's good news. I can feel it strongly.",joy
"After thinking about it, Thinking about finishing the project leaves me pleased. That is my honest reaction.",joy
Right now I am truly outraged. I can feel it strongly.,anger
"I have to admit, Right now I am really devoted.",love
"To be honest, Honestly, the unfair decision makes me feel annoyed. I can feel it strongly.",anger
"I have to admit, My mood is scared after the upcoming examination. It has stayed on my mind.",fear
"After thinking about it, Today I feel speechless; it is connected to the last-minute change. That is my honest reaction.",surprise
"After thinking about it, Thinking about the new opportunity leaves me delighted. It has stayed on my mind.",joy
Thinking about the last-minute change leaves me surprised. That is my honest reaction.,surprise
"To be honest, The way I feel can only be described as pleased. That is my honest reaction.",joy
"After thinking about it, Honestly, a thoughtful message makes me feel affectionate. That is my honest reaction.",love
I am startled because of the surprise visitor. It has stayed on my mind.,surprise
"I have to admit, It is hard to hide how furious I feel about the rude response. That is my honest reaction.",anger
Today I feel devoted; it is connected to my closest friend. The feeling is difficult to ignore.,love
"After thinking about it, Honestly, the sudden noise makes me feel nervous. The feeling is difficult to ignore.",fear
"At this moment, I keep feeling cheerful whenever I remember my great result.",joy
"After thinking about it, I feel completely furious about the broken promise. The feeling is difficult to ignore.",anger
"At this moment, I keep feeling scared whenever I remember the uncertain situation. It has stayed on my mind.",fear
"I have to admit, The way I feel can only be described as miserable. The feeling is difficult to ignore.",sadness
"To be honest, My mood is resentful after the unfair decision. I can feel it strongly.",anger
"At this moment, The way I feel can only be described as tearful. I can feel it strongly.",sadness
"Honestly, a thoughtful message makes me feel devoted. It has stayed on my mind.",love
I am adored because of my closest friend.,love
"After thinking about it, Honestly, the failed plan makes me feel lonely. The feeling is difficult to ignore.",sadness
Thinking about the unfair decision leaves me frustrated. The feeling is difficult to ignore.,anger
"After thinking about it, It is hard to hide how warm I feel about a thoughtful message. That is my honest reaction.",love
"At this moment, The way I feel can only be described as romantic. It has stayed on my mind.",love
"I have to admit, Today I feel angry; it is connected to the unfair decision. I can feel it strongly.",anger
"To be honest, I keep feeling surprised whenever I remember the unbelievable result.",surprise
"To be honest, The way I feel can only be described as outraged. The feeling is difficult to ignore.",anger
"To be honest, It is hard to hide how thrilled I feel about meeting my friends. The feeling is difficult to ignore.",joy
"I have to admit, I feel deeply sorrowful about a lonely evening.",sadness
"To be honest, I am joyful because of today's good news. That is my honest reaction.",joy
"At this moment, I am grateful because of today's good news.",joy
"I have to admit, Thinking about the sudden noise leaves me afraid. I can feel it strongly.",fear
"At this moment, My mood is miserable after the difficult goodbye. That is my honest reaction.",sadness
It is hard to hide how sorrowful I feel about missing my friends. I can feel it strongly.,sadness
"I have to admit, I keep feeling caring whenever I remember a thoughtful message. I can feel it strongly.",love
"After thinking about it, The way I feel can only be described as tender. I can feel it strongly.",love
I am pleased because of today's good news.,joy
"At this moment, Honestly, a lonely evening makes me feel sad. The feeling is difficult to ignore.",sadness
"After thinking about it, Honestly, the wonderful celebration makes me feel excited.",joy
Thinking about the last-minute change leaves me unexpectedly amazed. That is my honest reaction.,surprise
"I have to admit, Right now I am truly sorrowful. That is my honest reaction.",sadness
"To be honest, I feel truly sorrowful about the difficult goodbye.",sadness
"At this moment, I feel quite sorrowful about losing the opportunity. It has stayed on my mind.",sadness
"To be honest, Today I feel heartbroken; it is connected to the difficult goodbye. It has stayed on my mind.",sadness
"To be honest, Right now I am quite tender.",love
"To be honest, Right now I am really caring. That is my honest reaction.",love
"After thinking about it, The way I feel can only be described as frightened. It has stayed on my mind.",fear
"At this moment, I keep feeling tender whenever I remember the person I care about. That is my honest reaction.",love
"I have to admit, I feel extremely tender about my closest friend.",love
Thinking about the rude response leaves me outraged. The feeling is difficult to ignore.,anger
"After thinking about it, Right now I am so annoyed. It has stayed on my mind.",anger
The way I feel can only be described as pleased. The feeling is difficult to ignore.,joy
I feel really resentful about the unnecessary delay. It has stayed on my mind.,anger
"I have to admit, It is hard to hide how heartbroken I feel about missing my friends. The feeling is difficult to ignore.",sadness
I feel incredibly caring about the kindness I received. The feeling is difficult to ignore.,love
"At this moment, Today I feel outraged; it is connected to being ignored. The feeling is difficult to ignore.",anger
"At this moment, Right now I am very sorrowful. The feeling is difficult to ignore.",sadness
"At this moment, I am disappointed because of the disappointing news.",sadness
"To be honest, I feel really caring about the person I care about. It has stayed on my mind.",love
Right now I am very afraid. I can feel it strongly.,fear
It is hard to hide how annoyed I feel about the rude response. The feeling is difficult to ignore.,anger
My mood is disappointed after losing the opportunity. The feeling is difficult to ignore.,sadness
"After thinking about it, I keep feeling adored whenever I remember the kindness I received. It has stayed on my mind.",love
"To be honest, Today I feel affectionate; it is connected to the kindness I received. I can feel it strongly.",love
"At this moment, I feel truly fearful about the sudden noise. That is my honest reaction.",fear
"I have to admit, Honestly, losing the opportunity makes me feel lonely. It has stayed on my mind.",sadness
Thinking about the difficult goodbye leaves me miserable. It has stayed on my mind.,sadness
"At this moment, I keep feeling taken aback whenever I remember the shocking update.",surprise
"I have to admit, It is hard to hide how annoyed I feel about the repeated mistake. I can feel it strongly.",anger
"I have to admit, Thinking about the wonderful celebration leaves me delighted. It has stayed on my mind.",joy
"To be honest, Today I feel frightened; it is connected to the uncertain situation. The feeling is difficult to ignore.",fear
"After thinking about it, Thinking about the repeated mistake leaves me angry. That is my honest reaction.",anger
"To be honest, I am grateful because of today's good news. I can feel it strongly.",joy
"At this moment, It is hard to hide how disappointed I feel about missing my friends. It has stayed on my mind.",sadness
"I have to admit, Thinking about the unexpected announcement leaves me startled.",surprise
"To be honest, I keep feeling angry whenever I remember the repeated mistake. The feeling is difficult to ignore.",anger
"After thinking about it, Honestly, the unexpected announcement makes me feel astonished.",surprise
The way I feel can only be described as outraged.,anger
"At this moment, I keep feeling startled whenever I remember the unbelievable result. The feeling is difficult to ignore.",surprise
"At this moment, Thinking about the sudden noise leaves me nervous.",fear
"At this moment, Today I feel frightened; it is connected to what might happen tomorrow. The feeling is difficult to ignore.",fear
"To be honest, Thinking about the shocking update leaves me shocked.",surprise
"After thinking about it, I am close because of our time together. That is my honest reaction.",love
"At this moment, Today I feel delighted; it is connected to meeting my friends. The feeling is difficult to ignore.",joy
"I have to admit, Right now I am extremely stunned.",surprise
"At this moment, It is hard to hide how pleased I feel about finishing the project.",joy
"At this moment, It is hard to hide how unexpectedly amazed I feel about the shocking update. The feeling is difficult to ignore.",surprise
"After thinking about it, I am unexpectedly amazed because of the unexpected announcement. That is my honest reaction.",surprise
"To be honest, It is hard to hide how shocked I feel about the last-minute change. The feeling is difficult to ignore.",surprise
"I have to admit, I keep feeling happy whenever I remember my great result. The feeling is difficult to ignore.",joy
"I have to admit, I am grateful because of meeting my friends. The feeling is difficult to ignore.",joy
"To be honest, Thinking about my great result leaves me pleased. It has stayed on my mind.",joy
"After thinking about it, The way I feel can only be described as mad. That is my honest reaction.",anger
"At this moment, Today I feel amazed; it is connected to the unbelievable result. It has stayed on my mind.",surprise
"After thinking about it, The way I feel can only be described as surprised. I can feel it strongly.",surprise
"At this moment, Today I feel fond; it is connected to my closest friend. I can feel it strongly.",love
"To be honest, Thinking about the disappointing news leaves me unhappy. It has stayed on my mind.",sadness
I keep feeling delighted whenever I remember the new opportunity.,joy
"To be honest, Honestly, the repeated mistake makes me feel enraged. It has stayed on my mind.",anger
"After thinking about it, The way I feel can only be described as romantic.",love
I am gloomy because of the difficult goodbye. The feeling is difficult to ignore.,sadness
"At this moment, I keep feeling happy whenever I remember my great result. It has stayed on my mind.",joy
"To be honest, The way I feel can only be described as angry.",anger
"To be honest, I keep feeling afraid whenever I remember the upcoming examination.",fear
"After thinking about it, I am scared because of the uncertain situation. That is my honest reaction.",fear
"After thinking about it, I feel very excited about the new opportunity. The feeling is difficult to ignore.",joy
"At this moment, Today I feel stunned; it is connected to the sudden gift. It has stayed on my mind.",surprise
"I have to admit, I feel quite shocked about the shocking update. It has stayed on my mind.",surprise
Right now I am quite shocked. It has stayed on my mind.,surprise
"After thinking about it, Today I feel fearful; it is connected to speaking in public.",fear
"At this moment, I keep feeling affectionate whenever I remember our time together. It has stayed on my mind.",love
"I have to admit, The way I feel can only be described as stunned. The feeling is difficult to ignore.",surprise
"After thinking about it, It is hard to hide how pleased I feel about meeting my friends.",joy
"I have to admit, Today I feel unexpectedly amazed; it is connected to the unexpected announcement. It has stayed on my mind.",surprise
"I have to admit, My mood is furious after the broken promise.",anger
"After thinking about it, My mood is shocked after the unexpected announcement. It has stayed on my mind.",surprise
"To be honest, I keep feeling uneasy whenever I remember the sudden noise. That is my honest reaction.",fear
"At this moment, Honestly, a lonely evening makes me feel miserable.",sadness
"To be honest, I am wonderful because of the wonderful celebration. I can feel it strongly.",joy
"At this moment, Thinking about the last-minute change leaves me in disbelief. It has stayed on my mind.",surprise
"At this moment, My mood is fond after the person I care about. It has stayed on my mind.",love
"At this moment, I am wonderful because of the new opportunity.",joy
"I have to admit, I keep feeling down whenever I remember the failed plan.",sadness
My mood is speechless after the surprise visitor. That is my honest reaction.,surprise
"To be honest, I feel extremely sorrowful about a lonely evening.",sadness
"After thinking about it, Honestly, the unbelievable result makes me feel taken aback. I can feel it strongly.",surprise
I am enraged because of the unnecessary delay. I can feel it strongly.,anger
"After thinking about it, The way I feel can only be described as speechless.",surprise
"At this moment, Thinking about a thoughtful message leaves me fond. I can feel it strongly.",love
"At this moment, I keep feeling in disbelief whenever I remember the unexpected announcement. I can feel it strongly.",surprise
"At this moment, Right now I am incredibly fond. It has stayed on my mind.",love
"To be honest, The way I feel can only be described as astonished. That is my honest reaction.",surprise
"At this moment, Thinking about the unfair decision leaves me furious. It has stayed on my mind.",anger
I am lonely because of the disappointing news.,sadness
"To be honest, Right now I am deeply speechless. I can feel it strongly.",surprise
"After thinking about it, I feel truly grateful about the new opportunity.",joy
"After thinking about it, I am devoted because of the kindness I received.",love
Right now I am incredibly tearful. It has stayed on my mind.,sadness
"I have to admit, I feel very pleased about the new opportunity.",joy
Right now I am so furious. That is my honest reaction.,anger
"At this moment, Honestly, the upcoming examination makes me feel worried. The feeling is difficult to ignore.",fear
"After thinking about it, My mood is unhappy after missing my friends. The feeling is difficult to ignore.",sadness
"After thinking about it, I keep feeling stunned whenever I remember the shocking update. I can feel it strongly.",surprise
"To be honest, The way I feel can only be described as enraged. The feeling is difficult to ignore.",anger
Thinking about the surprise visitor leaves me speechless.,surprise
"I have to admit, Honestly, the unfair decision makes me feel resentful.",anger
"To be honest, My mood is irritated after the repeated mistake. It has stayed on my mind.",anger
"At this moment, Honestly, the wonderful celebration makes me feel grateful. It has stayed on my mind.",joy
"After thinking about it, Today I feel unhappy; it is connected to losing the opportunity.",sadness
"To be honest, Today I feel tender; it is connected to the person I care about.",love
"Honestly, the broken promise makes me feel furious. I can feel it strongly.",anger
"At this moment, The way I feel can only be described as unexpectedly amazed. The feeling is difficult to ignore.",surprise
"At this moment, Today I feel surprised; it is connected to the shocking update. I can feel it strongly.",surprise
"I have to admit, I am speechless because of the last-minute change. I can feel it strongly.",surprise
"At this moment, Thinking about being ignored leaves me angry.",anger
I feel really romantic about my family. It has stayed on my mind.,love
"I have to admit, Honestly, what might happen tomorrow makes me feel panicked. It has stayed on my mind.",fear
"To be honest, The way I feel can only be described as affectionate. The feeling is difficult to ignore.",love
I feel completely down about the failed plan. I can feel it strongly.,sadness
"Honestly, the broken promise makes me feel irritated. I can feel it strongly.",anger
"I have to admit, Honestly, the difficult goodbye makes me feel sorrowful. It has stayed on my mind.",sadness
Thinking about the unfair decision leaves me cross. It has stayed on my mind.,anger
"To be honest, I feel really shocked about the unbelievable result.",surprise
"To be honest, Thinking about the wonderful celebration leaves me optimistic. It has stayed on my mind.",joy
"After thinking about it, My mood is thrilled after finishing the project. The feeling is difficult to ignore.",joy
"I have to admit, My mood is fond after our time together. The feeling is difficult to ignore.",love
"I have to admit, I feel quite devoted about my family.",love
Today I feel amazed; it is connected to the last-minute change. That is my honest reaction.,surprise
"I have to admit, My mood is frustrated after the unnecessary delay. That is my honest reaction.",anger
Thinking about the sudden noise leaves me fearful. That is my honest reaction.,fear
My mood is heartbroken after the difficult goodbye.,sadness
"To be honest, My mood is loving after the person I care about.",love
"After thinking about it, Today I feel afraid; it is connected to the upcoming examination. I can feel it strongly.",fear
"I have to admit, I feel truly outraged about the repeated mistake.",anger
"At this moment, Honestly, the new opportunity makes me feel thrilled. I can feel it strongly.",joy
"At this moment, Thinking about the wonderful celebration leaves me happy. I can feel it strongly.",joy
"To be honest, I am scared because of the risky journey. It has stayed on my mind.",fear
The way I feel can only be described as heartbroken. It has stayed on my mind.,sadness
"After thinking about it, My mood is frustrated after the repeated mistake. That is my honest reaction.",anger
"I have to admit, I feel deeply shocked about the unbelievable result. That is my honest reaction.",surprise
"To be honest, Honestly, the last-minute change makes me feel shocked. The feeling is difficult to ignore.",surprise
"I have to admit, Right now I am genuinely disappointed. That is my honest reaction.",sadness
"I have to admit, I am close because of the kindness I received. I can feel it strongly.",love
"At this moment, Today I feel adored; it is connected to a thoughtful message. I can feel it strongly.",love
"After thinking about it, I am cross because of the unnecessary delay.",anger
"To be honest, Right now I am genuinely joyful.",joy
"After thinking about it, It is hard to hide how lonely I feel about the failed plan. I can feel it strongly.",sadness
"To be honest, My mood is tender after the kindness I received. It has stayed on my mind.",love
"After thinking about it, My mood is pleased after the wonderful celebration. I can feel it strongly.",joy
"After thinking about it, My mood is excited after the new opportunity. It has stayed on my mind.",joy
"To be honest, Thinking about the unbelievable result leaves me stunned.",surprise
I keep feeling surprised whenever I remember the surprise visitor.,surprise
"I have to admit, I keep feeling shocked whenever I remember the last-minute change.",surprise
"At this moment, I feel deeply adored about my closest friend. That is my honest reaction.",love
"After thinking about it, The way I feel can only be described as resentful. The feeling is difficult to ignore.",anger
"After thinking about it, The way I feel can only be described as down. The feeling is difficult to ignore.",sadness
"After thinking about it, It is hard to hide how anxious I feel about the sudden noise. I can feel it strongly.",fear
"I have to admit, My mood is anxious after the risky journey. That is my honest reaction.",fear
"I have to admit, Thinking about the shocking update leaves me surprised. The feeling is difficult to ignore.",surprise
"At this moment, I keep feeling loving whenever I remember the person I care about. It has stayed on my mind.",love
"At this moment, Right now I am truly amazed. I can feel it strongly.",surprise
The way I feel can only be described as outraged. I can feel it strongly.,anger
"After thinking about it, It is hard to hide how sorrowful I feel about the failed plan. That is my honest reaction.",sadness
I keep feeling frightened whenever I remember the sudden noise. It has stayed on my mind.,fear
Thinking about our time together leaves me fond. That is my honest reaction.,love
"I have to admit, I feel very angry about the rude response.",anger
"To be honest, Today I feel pleased; it is connected to the wonderful celebration.",joy
The way I feel can only be described as startled. That is my honest reaction.,surprise
"After thinking about it, Honestly, the difficult goodbye makes me feel sad. That is my honest reaction.",sadness
"I have to admit, Today I feel tender; it is connected to my family. The feeling is difficult to ignore.",love
"At this moment, The way I feel can only be described as angry. It has stayed on my mind.",anger
"To be honest, I feel so happy about meeting my friends. It has stayed on my mind.",joy
"After thinking about it, Right now I am truly amazed. It has stayed on my mind.",surprise
"To be honest, It is hard to hide how fearful I feel about what might happen tomorrow. That is my honest reaction.",fear
"To be honest, Honestly, the failed plan makes me feel gloomy. The feeling is difficult to ignore.",sadness
"After thinking about it, My mood is optimistic after the wonderful celebration. It has stayed on my mind.",joy
"To be honest, Thinking about the person I care about leaves me romantic. That is my honest reaction.",love
"After thinking about it, I am taken aback because of the surprise visitor.",surprise
"I have to admit, It is hard to hide how astonished I feel about the unbelievable result. The feeling is difficult to ignore.",surprise
"At this moment, My mood is loving after the person I care about.",love
"At this moment, I keep feeling panicked whenever I remember the risky journey. The feeling is difficult to ignore.",fear
"To be honest, Thinking about the uncertain situation leaves me afraid.",fear
"To be honest, I feel so fearful about speaking in public. It has stayed on my mind.",fear
"I have to admit, Thinking about the broken promise leaves me frustrated.",anger
My mood is panicked after the sudden noise. I can feel it strongly.,fear
"To be honest, It is hard to hide how excited I feel about the new opportunity. The feeling is difficult to ignore.",joy
"I have to admit, My mood is fond after a thoughtful message. That is my honest reaction.",love
"After thinking about it, I keep feeling outraged whenever I remember being ignored. The feeling is difficult to ignore.",anger
The way I feel can only be described as afraid. I can feel it strongly.,fear
"After thinking about it, My mood is adored after the kindness I received. It has stayed on my mind.",love
"After thinking about it, Thinking about the unbelievable result leaves me startled. I can feel it strongly.",surprise
Today I feel unhappy; it is connected to missing my friends. I can feel it strongly.,sadness
"Honestly, being ignored makes me feel enraged. That is my honest reaction.",anger
"After thinking about it, It is hard to hide how mad I feel about the broken promise. That is my honest reaction.",anger
"To be honest, I keep feeling frustrated whenever I remember the broken promise. That is my honest reaction.",anger
"After thinking about it, Thinking about the kindness I received leaves me affectionate. I can feel it strongly.",love
"I have to admit, Honestly, the uncertain situation makes me feel worried. The feeling is difficult to ignore.",fear
"After thinking about it, I keep feeling annoyed whenever I remember being ignored. The feeling is difficult to ignore.",anger
"At this moment, My mood is terrified after speaking in public.",fear
"After thinking about it, Right now I am very thrilled. I can feel it strongly.",joy
"To be honest, I am sad because of the difficult goodbye. That is my honest reaction.",sadness
Today I feel stunned; it is connected to the unbelievable result. I can feel it strongly.,surprise
"To be honest, My mood is surprised after the last-minute change. It has stayed on my mind.",surprise
"After thinking about it, I feel quite grateful about my great result.",joy
"I have to admit, Right now I am genuinely nervous. That is my honest reaction.",fear
"To be honest, Thinking about speaking in public leaves me frightened. That is my honest reaction.",fear
Today I feel excited; it is connected to my great result.,joy
My mood is terrified after the uncertain situation. I can feel it strongly.,fear
My mood is pleased after finishing the project. That is my honest reaction.,joy
The way I feel can only be described as down. The feeling is difficult to ignore.,sadness
"I have to admit, My mood is outraged after being ignored.",anger
"Honestly, a lonely evening makes me feel miserable. That is my honest reaction.",sadness
"To be honest, I am thrilled because of the new opportunity. It has stayed on my mind.",joy
"After thinking about it, Today I feel optimistic; it is connected to meeting my friends. That is my honest reaction.",joy
"After thinking about it, Honestly, today's good news makes me feel delighted. The feeling is difficult to ignore.",joy
"At this moment, I feel truly nervous about speaking in public. The feeling is difficult to ignore.",fear
"At this moment, My mood is disappointed after the disappointing news. The feeling is difficult to ignore.",sadness
"I have to admit, I am happy because of meeting my friends. It has stayed on my mind.",joy
"After thinking about it, Today I feel unexpectedly amazed; it is connected to the unbelievable result. It has stayed on my mind.",surprise
"At this moment, I feel completely fond about our time together. That is my honest reaction.",love
It is hard to hide how worried I feel about the uncertain situation. The feeling is difficult to ignore.,fear
"After thinking about it, Honestly, the upcoming examination makes me feel panicked. It has stayed on my mind.",fear
"To be honest, My mood is sad after the disappointing news. It has stayed on my mind.",sadness
I feel incredibly optimistic about the wonderful celebration. That is my honest reaction.,joy
"To be honest, Right now I am really tearful. It has stayed on my mind.",sadness
"To be honest, Right now I am really happy. I can feel it strongly.",joy
"After thinking about it, Thinking about the unnecessary delay leaves me annoyed.",anger
"At this moment, Honestly, my family makes me feel caring. It has stayed on my mind.",love
"At this moment, I am tearful because of losing the opportunity. The feeling is difficult to ignore.",sadness
"After thinking about it, I am irritated because of being ignored. It has stayed on my mind.",anger
"At this moment, I am gloomy because of losing the opportunity. It has stayed on my mind.",sadness
"I have to admit, I keep feeling cheerful whenever I remember the wonderful celebration. It has stayed on my mind.",joy
"After thinking about it, I keep feeling terrified whenever I remember speaking in public. I can feel it strongly.",fear
"To be honest, Today I feel optimistic; it is connected to the wonderful celebration. The feeling is difficult to ignore.",joy
"To be honest, I keep feeling in disbelief whenever I remember the unexpected announcement.",surprise
I feel completely annoyed about the rude response. It has stayed on my mind.,anger
"I have to admit, I feel truly affectionate about my family. That is my honest reaction.",love
"After thinking about it, Thinking about today's good news leaves me joyful. That is my honest reaction.",joy
"At this moment, Right now I am completely afraid. That is my honest reaction.",fear
"At this moment, Today I feel gloomy; it is connected to the difficult goodbye. I can feel it strongly.",sadness
"To be honest, Honestly, the unexpected announcement makes me feel speechless. I can feel it strongly.",surprise
I keep feeling tearful whenever I remember the difficult goodbye. I can feel it strongly.,sadness
Right now I am very surprised. The feeling is difficult to ignore.,surprise
"After thinking about it, Thinking about the wonderful celebration leaves me happy. I can feel it strongly.",joy
It is hard to hide how unhappy I feel about losing the opportunity. The feeling is difficult to ignore.,sadness
"To be honest, Thinking about the new opportunity leaves me excited. It has stayed on my mind.",joy
I keep feeling outraged whenever I remember the unnecessary delay. The feeling is difficult to ignore.,anger
"After thinking about it, I feel really stunned about the unbelievable result. I can feel it strongly.",surprise
Right now I am completely disappointed. It has stayed on my mind.,sadness
"I have to admit, Right now I am extremely sorrowful. I can feel it strongly.",sadness
"I have to admit, I am taken aback because of the last-minute change. The feeling is difficult to ignore.",surprise
It is hard to hide how caring I feel about my closest friend. I can feel it strongly.,love
The way I feel can only be described as stunned. The feeling is difficult to ignore.,surprise
The way I feel can only be described as pleased. It has stayed on my mind.,joy
"I have to admit, Thinking about my family leaves me adored.",love
"After thinking about it, It is hard to hide how angry I feel about being ignored. It has stayed on my mind.",anger
"Honestly, the repeated mistake makes me feel frustrated.",anger
"I have to admit, Honestly, the broken promise makes me feel angry. That is my honest reaction.",anger
"At this moment, Right now I am incredibly terrified. It has stayed on my mind.",fear
"After thinking about it, Thinking about losing the opportunity leaves me gloomy.",sadness
"After thinking about it, I feel incredibly annoyed about the unfair decision.",anger
I am fearful because of the sudden noise. It has stayed on my mind.,fear
"To be honest, The way I feel can only be described as fearful. I can feel it strongly.",fear
"After thinking about it, The way I feel can only be described as angry. I can feel it strongly.",anger
"At this moment, I keep feeling delighted whenever I remember today's good news.",joy
"To be honest, It is hard to hide how shocked I feel about the surprise visitor. The feeling is difficult to ignore.",surprise
"I have to admit, It is hard to hide how afraid I feel about what might happen tomorrow. It has stayed on my mind.",fear
"After thinking about it, Thinking about today's good news leaves me joyful. It has stayed on my mind.",joy
"To be honest, Honestly, our time together makes me feel romantic. It has stayed on my mind.",love
My mood is lonely after the failed plan. That is my honest reaction.,sadness
"To be honest, I feel quite terrified about speaking in public. It has stayed on my mind.",fear
"To be honest, It is hard to hide how thrilled I feel about the wonderful celebration. It has stayed on my mind.",joy
"Honestly, my family makes me feel fond. The feeling is difficult to ignore.",love
"After thinking about it, Honestly, my family makes me feel warm.",love
"I have to admit, Honestly, the unbelievable result makes me feel shocked.",surprise
"I have to admit, My mood is worried after the sudden noise. The feeling is difficult to ignore.",fear
"I have to admit, It is hard to hide how cheerful I feel about meeting my friends. It has stayed on my mind.",joy
"At this moment, Right now I am completely frightened. I can feel it strongly.",fear
"At this moment, I feel quite tender about a thoughtful message. The feeling is difficult to ignore.",love
"After thinking about it, Right now I am incredibly romantic.",love
"To be honest, Honestly, the sudden noise makes me feel panicked. The feeling is difficult to ignore.",fear
"At this moment, Right now I am really romantic.",love
"I have to admit, Today I feel terrified; it is connected to the sudden noise. I can feel it strongly.",fear
"I have to admit, Thinking about the failed plan leaves me sorrowful. It has stayed on my mind.",sadness
"To be honest, My mood is loving after my family. I can feel it strongly.",love
"After thinking about it, My mood is heartbroken after a lonely evening. I can feel it strongly.",sadness
"After thinking about it, I keep feeling stunned whenever I remember the surprise visitor. That is my honest reaction.",surprise
"I have to admit, Right now I am extremely astonished. It has stayed on my mind.",surprise
I keep feeling enraged whenever I remember the unnecessary delay. The feeling is difficult to ignore.,anger
"At this moment, I keep feeling unexpectedly amazed whenever I remember the shocking update.",surprise
"To be honest, Right now I am very excited. I can feel it strongly.",joy
"After thinking about it, I keep feeling delighted whenever I remember the wonderful celebration. That is my honest reaction.",joy
"To be honest, I keep feeling sad whenever I remember losing the opportunity.",sadness
"I have to admit, Thinking about the last-minute change leaves me startled. The feeling is difficult to ignore.",surprise
"To be honest, I feel extremely down about the difficult goodbye. That is my honest reaction.",sadness
"To be honest, Honestly, the kindness I received makes me feel devoted. That is my honest reaction.",love
"After thinking about it, I am surprised because of the unbelievable result.",surprise
"To be honest, I feel deeply shocked about the shocking update. The feeling is difficult to ignore.",surprise
I keep feeling frustrated whenever I remember the repeated mistake. It has stayed on my mind.,anger
"I have to admit, Right now I am really unexpectedly amazed.",surprise
"After thinking about it, I feel deeply heartbroken about the disappointing news. It has stayed on my mind.",sadness
"To be honest, Honestly, the sudden noise makes me feel terrified.",fear
"At this moment, The way I feel can only be described as miserable. It has stayed on my mind.",sadness
"I have to admit, I am enraged because of the broken promise. The feeling is difficult to ignore.",anger
"I have to admit, I keep feeling speechless whenever I remember the unbelievable result.",surprise
"After thinking about it, Today I feel warm; it is connected to our time together. That is my honest reaction.",love
"To be honest, Right now I am extremely startled. It has stayed on my mind.",surprise
"After thinking about it, I feel deeply thrilled about meeting my friends. That is my honest reaction.",joy
"At this moment, My mood is gloomy after losing the opportunity. It has stayed on my mind.",sadness
"To be honest, Thinking about the repeated mistake leaves me frustrated.",anger
"To be honest, It is hard to hide how pleased I feel about the wonderful celebration. The feeling is difficult to ignore.",joy
"I have to admit, Right now I am really warm. It has stayed on my mind.",love
"To be honest, I am stunned because of the shocking update. I can feel it strongly.",surprise
"Honestly, the surprise visitor makes me feel shocked. That is my honest reaction.",surprise
"After thinking about it, I keep feeling warm whenever I remember the person I care about. It has stayed on my mind.",love
"To be honest, Honestly, my closest friend makes me feel tender. It has stayed on my mind.",love
"To be honest, Honestly, the sudden gift makes me feel surprised. The feeling is difficult to ignore.",surprise
I am uneasy because of the risky journey.,fear
"I have to admit, It is hard to hide how pleased I feel about the wonderful celebration. I can feel it strongly.",joy
"At this moment, Right now I am very uneasy. It has stayed on my mind.",fear
"I have to admit, Thinking about the new opportunity leaves me grateful. I can feel it strongly.",joy
"I have to admit, Thinking about speaking in public leaves me terrified. That is my honest reaction.",fear
"After thinking about it, My mood is sorrowful after the difficult goodbye.",sadness
"To be honest, Honestly, my closest friend makes me feel adored. I can feel it strongly.",love
"At this moment, My mood is fond after the kindness I received. The feeling is difficult to ignore.",love
"Honestly, the person I care about makes me feel affectionate. That is my honest reaction.",love
"At this moment, Honestly, today's good news makes me feel pleased. I can feel it strongly.",joy
"At this moment, I feel truly resentful about the unnecessary delay.",anger
I feel completely sorrowful about a lonely evening. The feeling is difficult to ignore.,sadness
"I have to admit, Today I feel devoted; it is connected to my closest friend. The feeling is difficult to ignore.",love
"I have to admit, It is hard to hide how panicked I feel about the sudden noise. I can feel it strongly.",fear
"At this moment, I feel truly down about a lonely evening. That is my honest reaction.",sadness
I feel so romantic about my family. It has stayed on my mind.,love
My mood is resentful after the unfair decision. It has stayed on my mind.,anger
"Honestly, the risky journey makes me feel scared. The feeling is difficult to ignore.",fear
"To be honest, I keep feeling panicked whenever I remember speaking in public. It has stayed on my mind.",fear
"To be honest, The way I feel can only be described as frustrated.",anger
I am delighted because of the wonderful celebration. I can feel it strongly.,joy
"At this moment, Honestly, my family makes me feel tender.",love
"At this moment, I keep feeling angry whenever I remember being ignored. That is my honest reaction.",anger
It is hard to hide how fond I feel about the person I care about. That is my honest reaction.,love
"I have to admit, It is hard to hide how frightened I feel about the upcoming examination. I can feel it strongly.",fear
"At this moment, Today I feel tearful; it is connected to missing my friends.",sadness
"At this moment, I am angry because of the unfair decision. I can feel it strongly.",anger
"At this moment, I feel quite fond about our time together. I can feel it strongly.",love
"At this moment, Right now I am very surprised.",surprise
"After thinking about it, The way I feel can only be described as enraged. The feeling is difficult to ignore.",anger
"I have to admit, Today I feel mad; it is connected to the unfair decision. It has stayed on my mind.",anger
"At this moment, It is hard to hide how amazed I feel about the unbelievable result. I can feel it strongly.",surprise
"To be honest, I feel genuinely in disbelief about the unexpected announcement. The feeling is difficult to ignore.",surprise
"At this moment, The way I feel can only be described as uneasy. The feeling is difficult to ignore.",fear
Right now I am extremely lonely.,sadness
"To be honest, My mood is caring after a thoughtful message. The feeling is difficult to ignore.",love
"I have to admit, Thinking about my closest friend leaves me adored. I can feel it strongly.",love
Right now I am genuinely resentful.,anger
"I have to admit, It is hard to hide how affectionate I feel about our time together.",love
"I have to admit, I am lonely because of missing my friends. The feeling is difficult to ignore.",sadness
I am pleased because of finishing the project. I can feel it strongly.,joy
"To be honest, My mood is shocked after the sudden gift.",surprise
The way I feel can only be described as taken aback. It has stayed on my mind.,surprise
"At this moment, Honestly, the sudden gift makes me feel speechless. That is my honest reaction.",surprise
"I have to admit, I am fearful because of what might happen tomorrow. That is my honest reaction.",fear
It is hard to hide how frustrated I feel about the repeated mistake. The feeling is difficult to ignore.,anger
"After thinking about it, The way I feel can only be described as close. I can feel it strongly.",love
"I have to admit, Honestly, the person I care about makes me feel close.",love
"After thinking about it, Honestly, the sudden noise makes me feel fearful. That is my honest reaction.",fear
"At this moment, I keep feeling uneasy whenever I remember the uncertain situation. That is my honest reaction.",fear
I keep feeling gloomy whenever I remember losing the opportunity. I can feel it strongly.,sadness
"After thinking about it, I keep feeling tender whenever I remember the kindness I received. The feeling is difficult to ignore.",love
"To be honest, Thinking about missing my friends leaves me tearful. It has stayed on my mind.",sadness
"After thinking about it, I keep feeling happy whenever I remember the wonderful celebration. It has stayed on my mind.",joy
"After thinking about it, Thinking about the disappointing news leaves me sad. That is my honest reaction.",sadness
"After thinking about it, I feel completely grateful about the new opportunity. I can feel it strongly.",joy
"I have to admit, My mood is resentful after the rude response. The feeling is difficult to ignore.",anger
"I have to admit, Honestly, meeting my friends makes me feel optimistic. It has stayed on my mind.",joy
"At this moment, I am caring because of our time together. The feeling is difficult to ignore.",love
"At this moment, Thinking about the last-minute change leaves me astonished. That is my honest reaction.",surprise
"I have to admit, Thinking about missing my friends leaves me tearful.",sadness
"At this moment, Honestly, the disappointing news makes me feel miserable.",sadness
Thinking about the wonderful celebration leaves me optimistic. That is my honest reaction.,joy
"At this moment, It is hard to hide how grateful I feel about the new opportunity. The feeling is difficult to ignore.",joy
"After thinking about it, I feel incredibly anxious about what might happen tomorrow. It has stayed on my mind.",fear
"To be honest, The way I feel can only be described as worried. It has stayed on my mind.",fear
"At this moment, Right now I am incredibly sad. It has stayed on my mind.",sadness
"After thinking about it, Honestly, the difficult goodbye makes me feel down. That is my honest reaction.",sadness
"To be honest, I keep feeling unhappy whenever I remember losing the opportunity. It has stayed on my mind.",sadness
"After thinking about it, The way I feel can only be described as close. That is my honest reaction.",love
I feel incredibly pleased about the wonderful celebration. The feeling is difficult to ignore.,joy
Right now I am quite angry.,anger
My mood is tender after my family.,love
My mood is frustrated after the broken promise.,anger
"Honestly, the rude response makes me feel cross.",anger
"After thinking about it, Today I feel adored; it is connected to my closest friend. It has stayed on my mind.",love
"I have to admit, I am romantic because of my family.",love
"To be honest, It is hard to hide how frightened I feel about speaking in public. I can feel it strongly.",fear
"At this moment, My mood is joyful after the new opportunity. The feeling is difficult to ignore.",joy
It is hard to hide how mad I feel about the repeated mistake. The feeling is difficult to ignore.,anger
"After thinking about it, I keep feeling unhappy whenever I remember the failed plan. The feeling is difficult to ignore.",sadness
"Honestly, the upcoming examination makes me feel uneasy. That is my honest reaction.",fear
"At this moment, It is hard to hide how frustrated I feel about the broken promise. It has stayed on my mind.",anger
"To be honest, It is hard to hide how fearful I feel about the upcoming examination. That is my honest reaction.",fear
"I have to admit, I keep feeling amazed whenever I remember the shocking update. That is my honest reaction.",surprise
"To be honest, Today I feel unexpectedly amazed; it is connected to the sudden gift.",surprise
"At this moment, Honestly, the kindness I received makes me feel warm. I can feel it strongly.",love
Thinking about the failed plan leaves me heartbroken.,sadness
"I have to admit, Honestly, my closest friend makes me feel loving. That is my honest reaction.",love
"Honestly, the unbelievable result makes me feel startled. That is my honest reaction.",surprise
"At this moment, Thinking about the new opportunity leaves me optimistic. It has stayed on my mind.",joy
"Honestly, the shocking update makes me feel stunned. I can feel it strongly.",surprise
My mood is annoyed after being ignored.,anger
"After thinking about it, My mood is afraid after speaking in public.",fear
"I have to admit, It is hard to hide how anxious I feel about the sudden noise. That is my honest reaction.",fear
"I have to admit, I am heartbroken because of the difficult goodbye. I can feel it strongly.",sadness
"To be honest, It is hard to hide how loving I feel about the person I care about. I can feel it strongly.",love
"To be honest, I keep feeling worried whenever I remember the uncertain situation. It has stayed on my mind.",fear
"I have to admit, I am in disbelief because of the unexpected announcement.",surprise
"After thinking about it, Honestly, being ignored makes me feel annoyed. The feeling is difficult to ignore.",anger
"At this moment, Honestly, the new opportunity makes me feel excited. The feeling is difficult to ignore.",joy
"After thinking about it, I keep feeling close whenever I remember the kindness I received.",love
"At this moment, I keep feeling uneasy whenever I remember the upcoming examination. It has stayed on my mind.",fear
"After thinking about it, Right now I am truly sorrowful.",sadness
Thinking about the surprise visitor leaves me stunned. I can feel it strongly.,surprise
"To be honest, Right now I am incredibly wonderful. I can feel it strongly.",joy
Right now I am truly speechless. I can feel it strongly.,surprise
"I have to admit, Right now I am deeply fond. I can feel it strongly.",love
"I have to admit, Honestly, the failed plan makes me feel miserable.",sadness
"At this moment, It is hard to hide how fearful I feel about the upcoming examination. That is my honest reaction.",fear
"After thinking about it, I am cheerful because of the new opportunity. The feeling is difficult to ignore.",joy
Today I feel enraged; it is connected to the broken promise. I can feel it strongly.,anger
Right now I am extremely romantic. I can feel it strongly.,love
I am sad because of the failed plan. The feeling is difficult to ignore.,sadness
"I have to admit, Thinking about being ignored leaves me outraged. I can feel it strongly.",anger
"At this moment, Honestly, the kindness I received makes me feel loving. The feeling is difficult to ignore.",love
"At this moment, I feel quite cross about the unfair decision. It has stayed on my mind.",anger
"I have to admit, Right now I am truly fond. I can feel it strongly.",love
"At this moment, Today I feel warm; it is connected to a thoughtful message. That is my honest reaction.",love
"To be honest, My mood is mad after being ignored. That is my honest reaction.",anger
"After thinking about it, I am furious because of being ignored. That is my honest reaction.",anger
"At this moment, I am sad because of the failed plan. The feeling is difficult to ignore.",sadness
"To be honest, Today I feel uneasy; it is connected to what might happen tomorrow. That is my honest reaction.",fear
"After thinking about it, I am furious because of the unfair decision. The feeling is difficult to ignore.",anger
Right now I am incredibly gloomy.,sadness
"I have to admit, It is hard to hide how heartbroken I feel about the difficult goodbye. That is my honest reaction.",sadness
"At this moment, Honestly, the broken promise makes me feel mad.",anger
"At this moment, It is hard to hide how fond I feel about our time together. That is my honest reaction.",love
"I have to admit, Right now I am very unexpectedly amazed. That is my honest reaction.",surprise
"At this moment, Today I feel anxious; it is connected to the upcoming examination. That is my honest reaction.",fear
"After thinking about it, Thinking about losing the opportunity leaves me sorrowful. I can feel it strongly.",sadness
It is hard to hide how startled I feel about the unbelievable result. It has stayed on my mind.,surprise
"To be honest, Right now I am incredibly devoted.",love
"To be honest, I feel genuinely anxious about the uncertain situation.",fear
"At this moment, I keep feeling anxious whenever I remember the upcoming examination. It has stayed on my mind.",fear
"At this moment, The way I feel can only be described as delighted. The feeling is difficult to ignore.",joy
"To be honest, It is hard to hide how cheerful I feel about today's good news. That is my honest reaction.",joy
"At this moment, I feel truly frustrated about the rude response. That is my honest reaction.",anger
"At this moment, The way I feel can only be described as resentful. The feeling is difficult to ignore.",anger
"To be honest, My mood is startled after the unbelievable result. That is my honest reaction.",surprise
"I have to admit, I keep feeling down whenever I remember the failed plan. I can feel it strongly.",sadness
"To be honest, Today I feel warm; it is connected to my family.",love
"To be honest, I feel genuinely wonderful about the wonderful celebration. It has stayed on my mind.",joy
"I have to admit, My mood is fond after the person I care about. The feeling is difficult to ignore.",love
"After thinking about it, Thinking about the upcoming examination leaves me anxious. The feeling is difficult to ignore.",fear
It is hard to hide how warm I feel about our time together. It has stayed on my mind.,love
"To be honest, Honestly, the failed plan makes me feel sad. I can feel it strongly.",sadness
"After thinking about it, The way I feel can only be described as worried. It has stayed on my mind.",fear
"At this moment, My mood is furious after the unnecessary delay. It has stayed on my mind.",anger
"To be honest, Today I feel frustrated; it is connected to the unfair decision. The feeling is difficult to ignore.",anger
Thinking about being ignored leaves me angry. I can feel it strongly.,anger
"At this moment, The way I feel can only be described as annoyed.",anger
I keep feeling close whenever I remember the person I care about.,love
It is hard to hide how adored I feel about the kindness I received. The feeling is difficult to ignore.,love
"I have to admit, Today I feel mad; it is connected to being ignored. I can feel it strongly.",anger
"I have to admit, I keep feeling cheerful whenever I remember meeting my friends. It has stayed on my mind.",joy
Right now I am very enraged.,anger
"After thinking about it, Thinking about the last-minute change leaves me startled. That is my honest reaction.",surprise
"I have to admit, Right now I am very startled.",surprise
"To be honest, I am down because of the failed plan.",sadness
I am excited because of my great result. The feeling is difficult to ignore.,joy
I am adored because of my family. The feeling is difficult to ignore.,love
"At this moment, Today I feel speechless; it is connected to the surprise visitor. That is my honest reaction.",surprise
"At this moment, Honestly, the rude response makes me feel resentful. The feeling is difficult to ignore.",anger
"At this moment, The way I feel can only be described as speechless. That is my honest reaction.",surprise
"After thinking about it, I am frightened because of the risky journey. That is my honest reaction.",fear
"Honestly, meeting my friends makes me feel cheerful. That is my honest reaction.",joy
"At this moment, Honestly, missing my friends makes me feel lonely. It has stayed on my mind.",sadness
"I have to admit, Thinking about being ignored leaves me furious. That is my honest reaction.",anger
"After thinking about it, It is hard to hide how down I feel about the failed plan. The feeling is difficult to ignore.",sadness
"After thinking about it, It is hard to hide how joyful I feel about the wonderful celebration. That is my honest reaction.",joy
"At this moment, I keep feeling miserable whenever I remember a lonely evening. The feeling is difficult to ignore.",sadness
"At this moment, The way I feel can only be described as close. It has stayed on my mind.",love
"To be honest, I feel extremely mad about the unnecessary delay. The feeling is difficult to ignore.",anger
"I have to admit, I am worried because of the uncertain situation. It has stayed on my mind.",fear
"After thinking about it, Honestly, speaking in public makes me feel panicked.",fear
"After thinking about it, I feel deeply close about my family. I can feel it strongly.",love
"I have to admit, Thinking about the disappointing news leaves me disappointed. The feeling is difficult to ignore.",sadness
"To be honest, Thinking about what might happen tomorrow leaves me panicked. That is my honest reaction.",fear
"At this moment, Honestly, losing the opportunity makes me feel unhappy. It has stayed on my mind.",sadness
"I have to admit, Honestly, my great result makes me feel delighted. That is my honest reaction.",joy
"After thinking about it, Today I feel panicked; it is connected to the sudden noise. It has stayed on my mind.",fear
"I have to admit, I keep feeling annoyed whenever I remember the repeated mistake. That is my honest reaction.",anger
"At this moment, I keep feeling gloomy whenever I remember missing my friends. The feeling is difficult to ignore.",sadness
I feel really stunned about the unexpected announcement. It has stayed on my mind.,surprise
"To be honest, The way I feel can only be described as heartbroken. I can feel it strongly.",sadness
"At this moment, My mood is speechless after the sudden gift. The feeling is difficult to ignore.",surprise
"To be honest, Today I feel furious; it is connected to the unfair decision. The feeling is difficult to ignore.",anger
"To be honest, Today I feel stunned; it is connected to the unexpected announcement. I can feel it strongly.",surprise
"At this moment, I keep feeling fond whenever I remember the person I care about. I can feel it strongly.",love
"I have to admit, Today I feel afraid; it is connected to the upcoming examination. I can feel it strongly.",fear
"At this moment, Right now I am so tearful. That is my honest reaction.",sadness
"At this moment, Honestly, the wonderful celebration makes me feel grateful.",joy
The way I feel can only be described as irritated. The feeling is difficult to ignore.,anger
"I have to admit, I feel incredibly excited about the wonderful celebration. The feeling is difficult to ignore.",joy
"I have to admit, Honestly, the difficult goodbye makes me feel tearful. That is my honest reaction.",sadness
"I have to admit, Thinking about the unnecessary delay leaves me irritated. I can feel it strongly.",anger
Today I feel startled; it is connected to the unbelievable result.,surprise
"At this moment, Thinking about meeting my friends leaves me cheerful. That is my honest reaction.",joy
"At this moment, Thinking about the repeated mistake leaves me annoyed. That is my honest reaction.",anger
"At this moment, Honestly, the last-minute change makes me feel unexpectedly amazed. The feeling is difficult to ignore.",surprise
"After thinking about it, The way I feel can only be described as miserable. I can feel it strongly.",sadness
I am anxious because of the uncertain situation. I can feel it strongly.,fear
"At this moment, I keep feeling devoted whenever I remember our time together. It has stayed on my mind.",love
"To be honest, I am amazed because of the last-minute change. That is my honest reaction.",surprise
"After thinking about it, I am angry because of the unnecessary delay. The feeling is difficult to ignore.",anger
"To be honest, The way I feel can only be described as tearful. That is my honest reaction.",sadness
"To be honest, Honestly, what might happen tomorrow makes me feel afraid. That is my honest reaction.",fear
"At this moment, My mood is shocked after the surprise visitor.",surprise
"At this moment, I am cross because of being ignored. It has stayed on my mind.",anger
"At this moment, Today I feel stunned; it is connected to the shocking update. That is my honest reaction.",surprise
"I have to admit, Today I feel affectionate; it is connected to a thoughtful message.",love
"After thinking about it, It is hard to hide how optimistic I feel about finishing the project. It has stayed on my mind.",joy
"After thinking about it, Honestly, finishing the project makes me feel excited. I can feel it strongly.",joy
I keep feeling happy whenever I remember my great result. I can feel it strongly.,joy
"I have to admit, It is hard to hide how worried I feel about the risky journey. It has stayed on my mind.",fear
"To be honest, Honestly, the kindness I received makes me feel close. That is my honest reaction.",love
"After thinking about it, Thinking about the upcoming examination leaves me afraid. It has stayed on my mind.",fear
"I have to admit, It is hard to hide how furious I feel about the unnecessary delay. I can feel it strongly.",anger
"To be honest, Right now I am very enraged. I can feel it strongly.",anger
"To be honest, Today I feel pleased; it is connected to my great result. I can feel it strongly.",joy
Right now I am very warm. The feeling is difficult to ignore.,love
"At this moment, I am joyful because of the new opportunity. The feeling is difficult to ignore.",joy
"At this moment, Today I feel happy; it is connected to meeting my friends. It has stayed on my mind.",joy
"I have to admit, I keep feeling angry whenever I remember the unnecessary delay. It has stayed on my mind.",anger
I feel quite heartbroken about a lonely evening. The feeling is difficult to ignore.,sadness
"To be honest, Thinking about the unnecessary delay leaves me cross. The feeling is difficult to ignore.",anger
"After thinking about it, Thinking about the rude response leaves me enraged. The feeling is difficult to ignore.",anger
The way I feel can only be described as fearful.,fear
"After thinking about it, Today I feel disappointed; it is connected to the difficult goodbye. I can feel it strongly.",sadness
"At this moment, I keep feeling frustrated whenever I remember being ignored. I can feel it strongly.",anger
"I have to admit, I am mad because of the unfair decision. The feeling is difficult to ignore.",anger
"I have to admit, The way I feel can only be described as taken aback. I can feel it strongly.",surprise
"To be honest, Thinking about my family leaves me warm. That is my honest reaction.",love
"To be honest, Honestly, the rude response makes me feel resentful. It has stayed on my mind.",anger
"To be honest, My mood is shocked after the unexpected announcement. It has stayed on my mind.",surprise
My mood is loving after the kindness I received.,love
The way I feel can only be described as stunned. That is my honest reaction.,surprise
My mood is taken aback after the shocking update. The feeling is difficult to ignore.,surprise
"I have to admit, I feel genuinely resentful about the unnecessary delay.",anger
"At this moment, It is hard to hide how gloomy I feel about a lonely evening. It has stayed on my mind.",sadness
"I have to admit, Today I feel furious; it is connected to the unnecessary delay. The feeling is difficult to ignore.",anger
"I have to admit, Right now I am so amazed.",surprise
"After thinking about it, My mood is furious after the unnecessary delay. I can feel it strongly.",anger
I feel genuinely frightened about the uncertain situation. The feeling is difficult to ignore.,fear
"At this moment, Today I feel gloomy; it is connected to the difficult goodbye. The feeling is difficult to ignore.",sadness
"I have to admit, I am excited because of my great result. It has stayed on my mind.",joy
"After thinking about it, The way I feel can only be described as wonderful. I can feel it strongly.",joy
Thinking about being ignored leaves me cross. It has stayed on my mind.,anger
"I have to admit, Thinking about being ignored leaves me mad. That is my honest reaction.",anger
"At this moment, Today I feel worried; it is connected to speaking in public. It has stayed on my mind.",fear
"After thinking about it, Thinking about meeting my friends leaves me pleased. The feeling is difficult to ignore.",joy
"I have to admit, It is hard to hide how taken aback I feel about the sudden gift. The feeling is difficult to ignore.",surprise
"To be honest, The way I feel can only be described as tender. The feeling is difficult to ignore.",love
"After thinking about it, Today I feel speechless; it is connected to the surprise visitor. It has stayed on my mind.",surprise
"After thinking about it, Honestly, being ignored makes me feel furious. The feeling is difficult to ignore.",anger
"After thinking about it, Right now I am extremely heartbroken. I can feel it strongly.",sadness
"I have to admit, Today I feel shocked; it is connected to the last-minute change. It has stayed on my mind.",surprise
"To be honest, My mood is down after the disappointing news. The feeling is difficult to ignore.",sadness
"After thinking about it, My mood is warm after the kindness I received.",love
I feel very panicked about the upcoming examination.,fear
It is hard to hide how heartbroken I feel about the failed plan. The feeling is difficult to ignore.,sadness
"At this moment, It is hard to hide how mad I feel about the unfair decision. That is my honest reaction.",anger
"At this moment, I feel quite amazed about the unexpected announcement. The feeling is difficult to ignore.",surprise
"At this moment, I feel incredibly gloomy about the disappointing news. The feeling is difficult to ignore.",sadness
"After thinking about it, I keep feeling close whenever I remember our time together. The feeling is difficult to ignore.",love
The way I feel can only be described as wonderful. I can feel it strongly.,joy
"After thinking about it, Right now I am very sorrowful. I can feel it strongly.",sadness
"To be honest, Today I feel excited; it is connected to my great result. It has stayed on my mind.",joy
"After thinking about it, Honestly, losing the opportunity makes me feel gloomy. That is my honest reaction.",sadness
"At this moment, I feel so tearful about the failed plan. It has stayed on my mind.",sadness
Right now I am very close. It has stayed on my mind.,love
"After thinking about it, Today I feel happy; it is connected to finishing the project. I can feel it strongly.",joy
"At this moment, The way I feel can only be described as anxious. That is my honest reaction.",fear
"To be honest, I feel completely worried about speaking in public. The feeling is difficult to ignore.",fear
"To be honest, I am in disbelief because of the surprise visitor. I can feel it strongly.",surprise
"At this moment, I feel completely fearful about the risky journey. That is my honest reaction.",fear
"To be honest, Honestly, the kindness I received makes me feel affectionate.",love
"At this moment, It is hard to hide how warm I feel about my closest friend.",love
"I have to admit, I keep feeling afraid whenever I remember the sudden noise. It has stayed on my mind.",fear
"After thinking about it, Today I feel wonderful; it is connected to meeting my friends. The feeling is difficult to ignore.",joy
"I have to admit, I keep feeling outraged whenever I remember the rude response.",anger
"Honestly, a thoughtful message makes me feel loving. I can feel it strongly.",love
I feel incredibly irritated about the unnecessary delay. The feeling is difficult to ignore.,anger
"After thinking about it, I feel incredibly outraged about the rude response. That is my honest reaction.",anger
Thinking about the shocking update leaves me in disbelief.,surprise
"At this moment, I am enraged because of the broken promise. I can feel it strongly.",anger
"At this moment, I am astonished because of the shocking update.",surprise
"After thinking about it, My mood is mad after the rude response. The feeling is difficult to ignore.",anger
"To be honest, The way I feel can only be described as cheerful.",joy
"After thinking about it, I feel quite in disbelief about the unbelievable result. That is my honest reaction.",surprise
"After thinking about it, The way I feel can only be described as astonished. It has stayed on my mind.",surprise
"After thinking about it, I keep feeling gloomy whenever I remember a lonely evening.",sadness
"To be honest, Thinking about the new opportunity leaves me optimistic. It has stayed on my mind.",joy
"At this moment, My mood is miserable after the difficult goodbye. I can feel it strongly.",sadness
I feel very thrilled about finishing the project.,joy
"I have to admit, Right now I am very astonished. I can feel it strongly.",surprise
"To be honest, My mood is romantic after my closest friend. It has stayed on my mind.",love
"After thinking about it, My mood is anxious after the risky journey. That is my honest reaction.",fear
"After thinking about it, It is hard to hide how romantic I feel about the person I care about. I can feel it strongly.",love
My mood is shocked after the last-minute change. It has stayed on my mind.,surprise
"At this moment, Thinking about my family leaves me tender. I can feel it strongly.",love
I feel extremely fearful about the uncertain situation. It has stayed on my mind.,fear
"After thinking about it, Thinking about the unfair decision leaves me mad.",anger
"To be honest, I am fearful because of what might happen tomorrow. The feeling is difficult to ignore.",fear
"After thinking about it, Thinking about the person I care about leaves me close. I can feel it strongly.",love
"To be honest, Today I feel devoted; it is connected to our time together. I can feel it strongly.",love
Right now I am completely romantic. That is my honest reaction.,love
"To be honest, Thinking about my great result leaves me excited. That is my honest reaction.",joy
"At this moment, I am loving because of my closest friend.",love
"I have to admit, It is hard to hide how irritated I feel about the repeated mistake. It has stayed on my mind.",anger
"After thinking about it, I keep feeling irritated whenever I remember the rude response.",anger
I am sad because of a lonely evening. The feeling is difficult to ignore.,sadness
My mood is grateful after my great result. That is my honest reaction.,joy
"At this moment, The way I feel can only be described as wonderful. It has stayed on my mind.",joy
"At this moment, I feel deeply worried about the risky journey. I can feel it strongly.",fear
"At this moment, Thinking about the new opportunity leaves me joyful.",joy
"After thinking about it, I keep feeling wonderful whenever I remember today's good news. The feeling is difficult to ignore.",joy
"At this moment, It is hard to hide how tearful I feel about the disappointing news. The feeling is difficult to ignore.",sadness
"I have to admit, I am optimistic because of the new opportunity. The feeling is difficult to ignore.",joy
"I have to admit, It is hard to hide how amazed I feel about the surprise visitor. That is my honest reaction.",surprise
"At this moment, I am annoyed because of the unnecessary delay. I can feel it strongly.",anger
"Honestly, the unfair decision makes me feel frustrated.",anger
My mood is nervous after the uncertain situation. The feeling is difficult to ignore.,fear
"I have to admit, It is hard to hide how delighted I feel about today's good news. It has stayed on my mind.",joy
"To be honest, The way I feel can only be described as anxious. That is my honest reaction.",fear
"At this moment, Today I feel uneasy; it is connected to what might happen tomorrow. I can feel it strongly.",fear
"At this moment, Right now I am truly frustrated. That is my honest reaction.",anger
"To be honest, Right now I am extremely irritated.",anger
"After thinking about it, Today I feel surprised; it is connected to the shocking update. The feeling is difficult to ignore.",surprise
"I have to admit, I feel very cross about the unfair decision. I can feel it strongly.",anger
I feel extremely gloomy about losing the opportunity. That is my honest reaction.,sadness
"To be honest, Right now I am quite outraged.",anger
"After thinking about it, I keep feeling happy whenever I remember the wonderful celebration. I can feel it strongly.",joy
I am heartbroken because of a lonely evening. It has stayed on my mind.,sadness
"I have to admit, Today I feel sorrowful; it is connected to losing the opportunity. The feeling is difficult to ignore.",sadness
"I have to admit, Thinking about the repeated mistake leaves me irritated.",anger
"After thinking about it, Thinking about the kindness I received leaves me caring. I can feel it strongly.",love
"After thinking about it, The way I feel can only be described as anxious. It has stayed on my mind.",fear
"I have to admit, Right now I am deeply excited.",joy
"I have to admit, The way I feel can only be described as in disbelief. It has stayed on my mind.",surprise
My mood is nervous after speaking in public.,fear
"I have to admit, I feel very disappointed about the failed plan.",sadness
"After thinking about it, Honestly, finishing the project makes me feel pleased. I can feel it strongly.",joy
"I have to admit, I feel incredibly amazed about the last-minute change. I can feel it strongly.",surprise
"I have to admit, I feel genuinely furious about the unnecessary delay. I can feel it strongly.",anger
"To be honest, The way I feel can only be described as devoted.",love
"At this moment, My mood is joyful after meeting my friends. That is my honest reaction.",joy
"After thinking about it, I keep feeling speechless whenever I remember the sudden gift. That is my honest reaction.",surprise
"Honestly, being ignored makes me feel angry. It has stayed on my mind.",anger
"To be honest, Honestly, the shocking update makes me feel in disbelief. That is my honest reaction.",surprise
It is hard to hide how tearful I feel about the failed plan. That is my honest reaction.,sadness
Right now I am truly fond. It has stayed on my mind.,love
"At this moment, I keep feeling frightened whenever I remember the sudden noise. The feeling is difficult to ignore.",fear
"To be honest, It is hard to hide how down I feel about the failed plan. It has stayed on my mind.",sadness
"To be honest, The way I feel can only be described as irritated. It has stayed on my mind.",anger
"To be honest, I keep feeling tender whenever I remember a thoughtful message. The feeling is difficult to ignore.",love
"I have to admit, Thinking about the sudden noise leaves me frightened. I can feel it strongly.",fear
"I have to admit, My mood is disappointed after the disappointing news.",sadness
Thinking about the failed plan leaves me sorrowful.,sadness
"To be honest, Honestly, losing the opportunity makes me feel unhappy.",sadness
I feel very joyful about my great result. That is my honest reaction.,joy
"To be honest, My mood is tearful after missing my friends. That is my honest reaction.",sadness
"I have to admit, My mood is excited after the new opportunity. It has stayed on my mind.",joy
"To be honest, Right now I am really enraged. That is my honest reaction.",anger
"At this moment, I keep feeling worried whenever I remember speaking in public. The feeling is difficult to ignore.",fear
"After thinking about it, I am speechless because of the sudden gift. It has stayed on my mind.",surprise
"At this moment, Honestly, finishing the project makes me feel pleased. I can feel it strongly.",joy
"I have to admit, The way I feel can only be described as cross. It has stayed on my mind.",anger
"I have to admit, I am cheerful because of today's good news. That is my honest reaction.",joy
"I have to admit, Today I feel down; it is connected to the difficult goodbye.",sadness
"At this moment, I keep feeling delighted whenever I remember today's good news. The feeling is difficult to ignore.",joy
"At this moment, I keep feeling stunned whenever I remember the surprise visitor. That is my honest reaction.",surprise
"At this moment, Today I feel gloomy; it is connected to a lonely evening.",sadness
"I have to admit, Thinking about finishing the project leaves me cheerful. That is my honest reaction.",joy
"After thinking about it, Today I feel devoted; it is connected to the kindness I received. That is my honest reaction.",love
"After thinking about it, Honestly, losing the opportunity makes me feel heartbroken. That is my honest reaction.",sadness
Today I feel resentful; it is connected to the rude response. That is my honest reaction.,anger
"After thinking about it, It is hard to hide how caring I feel about the person I care about. The feeling is difficult to ignore.",love
Today I feel frustrated; it is connected to the broken promise. That is my honest reaction.,anger
"To be honest, I am adored because of a thoughtful message. It has stayed on my mind.",love
"After thinking about it, Honestly, today's good news makes me feel grateful. That is my honest reaction.",joy
"After thinking about it, It is hard to hide how annoyed I feel about the unfair decision. It has stayed on my mind.",anger
"To be honest, Thinking about what might happen tomorrow leaves me worried. It has stayed on my mind.",fear
"I have to admit, It is hard to hide how caring I feel about my family. It has stayed on my mind.",love
"After thinking about it, It is hard to hide how adored I feel about my family.",love
I feel truly nervous about what might happen tomorrow. It has stayed on my mind.,fear
"To be honest, It is hard to hide how sad I feel about the failed plan. I can feel it strongly.",sadness
"At this moment, I am afraid because of what might happen tomorrow.",fear
"I have to admit, I feel so loving about the kindness I received. I can feel it strongly.",love
"After thinking about it, Honestly, the unexpected announcement makes me feel taken aback.",surprise
"At this moment, I feel very tender about a thoughtful message. The feeling is difficult to ignore.",love
Today I feel mad; it is connected to the repeated mistake. I can feel it strongly.,anger
Thinking about the upcoming examination leaves me frightened. I can feel it strongly.,fear
Thinking about the disappointing news leaves me sorrowful. That is my honest reaction.,sadness
"Honestly, the unbelievable result makes me feel taken aback.",surprise
"To be honest, Thinking about the shocking update leaves me taken aback. I can feel it strongly.",surprise
"At this moment, It is hard to hide how anxious I feel about the uncertain situation. That is my honest reaction.",fear
Today I feel annoyed; it is connected to the rude response. The feeling is difficult to ignore.,anger
"After thinking about it, I keep feeling adored whenever I remember the person I care about. That is my honest reaction.",love
"At this moment, My mood is speechless after the surprise visitor. I can feel it strongly.",surprise
"Honestly, my closest friend makes me feel devoted. I can feel it strongly.",love
"At this moment, Right now I am genuinely wonderful. The feeling is difficult to ignore.",joy
"I have to admit, Right now I am very furious. That is my honest reaction.",anger
"To be honest, Honestly, the failed plan makes me feel miserable. That is my honest reaction.",sadness
"At this moment, I keep feeling uneasy whenever I remember speaking in public. That is my honest reaction.",fear
"At this moment, Today I feel afraid; it is connected to the upcoming examination. It has stayed on my mind.",fear
"After thinking about it, Honestly, my great result makes me feel delighted. It has stayed on my mind.",joy
"Honestly, the new opportunity makes me feel happy.",joy
"To be honest, Honestly, the sudden gift makes me feel shocked. That is my honest reaction.",surprise
"After thinking about it, I am grateful because of today's good news. It has stayed on my mind.",joy
"To be honest, I feel really close about a thoughtful message. It has stayed on my mind.",love
"At this moment, I am tender because of my family. It has stayed on my mind.",love
"After thinking about it, My mood is gloomy after losing the opportunity.",sadness
"To be honest, My mood is unexpectedly amazed after the sudden gift.",surprise
"At this moment, It is hard to hide how fond I feel about my family.",love
"At this moment, Honestly, the difficult goodbye makes me feel gloomy.",sadness
Today I feel joyful; it is connected to my great result. The feeling is difficult to ignore.,joy
"I have to admit, Thinking about losing the opportunity leaves me disappointed. That is my honest reaction.",sadness
"To be honest, I am frightened because of speaking in public. It has stayed on my mind.",fear
"To be honest, Right now I am quite miserable. That is my honest reaction.",sadness
"To be honest, It is hard to hide how miserable I feel about missing my friends. It has stayed on my mind.",sadness
"To be honest, My mood is shocked after the unexpected announcement. I can feel it strongly.",surprise
"After thinking about it, Thinking about what might happen tomorrow leaves me frightened.",fear
"After thinking about it, My mood is grateful after today's good news. It has stayed on my mind.",joy
"I have to admit, The way I feel can only be described as mad. I can feel it strongly.",anger
"At this moment, I feel very frustrated about the rude response.",anger
"I have to admit, Thinking about the rude response leaves me resentful. I can feel it strongly.",anger
"At this moment, Thinking about the shocking update leaves me taken aback. I can feel it strongly.",surprise
"I have to admit, Today I feel pleased; it is connected to my great result. It has stayed on my mind.",joy
"After thinking about it, It is hard to hide how sorrowful I feel about a lonely evening. That is my honest reaction.",sadness
"I have to admit, My mood is irritated after the broken promise. It has stayed on my mind.",anger
"After thinking about it, Honestly, the risky journey makes me feel nervous.",fear
I keep feeling furious whenever I remember the repeated mistake. The feeling is difficult to ignore.,anger
"To be honest, It is hard to hide how surprised I feel about the last-minute change. That is my honest reaction.",surprise
"To be honest, Today I feel speechless; it is connected to the last-minute change. That is my honest reaction.",surprise
I feel very pleased about meeting my friends. That is my honest reaction.,joy
"I have to admit, Right now I am incredibly devoted. The feeling is difficult to ignore.",love
"After thinking about it, Honestly, losing the opportunity makes me feel heartbroken.",sadness
"To be honest, I keep feeling unhappy whenever I remember the disappointing news.",sadness
"At this moment, I am affectionate because of my family. The feeling is difficult to ignore.",love
"At this moment, I am frustrated because of the broken promise. I can feel it strongly.",anger
I feel so fearful about the uncertain situation. That is my honest reaction.,fear
My mood is resentful after being ignored. The feeling is difficult to ignore.,anger
"I have to admit, It is hard to hide how speechless I feel about the surprise visitor. I can feel it strongly.",surprise
"After thinking about it, Today I feel delighted; it is connected to today's good news. It has stayed on my mind.",joy
"To be honest, Thinking about the unnecessary delay leaves me furious. It has stayed on my mind.",anger
"After thinking about it, My mood is fearful after the risky journey. I can feel it strongly.",fear
"To be honest, It is hard to hide how cheerful I feel about meeting my friends. That is my honest reaction.",joy
"After thinking about it, Honestly, the broken promise makes me feel frustrated. It has stayed on my mind.",anger
"After thinking about it, Honestly, the upcoming examination makes me feel scared.",fear
"I have to admit, Thinking about the surprise visitor leaves me unexpectedly amazed.",surprise
"To be honest, I keep feeling pleased whenever I remember the new opportunity.",joy
"At this moment, Today I feel tender; it is connected to my family.",love
"At this moment, I feel quite scared about the sudden noise. I can feel it strongly.",fear
"After thinking about it, My mood is cheerful after my great result. That is my honest reaction.",joy
"At this moment, I am caring because of our time together. It has stayed on my mind.",love
"After thinking about it, Honestly, meeting my friends makes me feel excited. That is my honest reaction.",joy
"At this moment, Right now I am truly optimistic. That is my honest reaction.",joy
The way I feel can only be described as disappointed. The feeling is difficult to ignore.,sadness
"After thinking about it, I keep feeling unhappy whenever I remember losing the opportunity. I can feel it strongly.",sadness
"I have to admit, It is hard to hide how fond I feel about the person I care about. The feeling is difficult to ignore.",love
"At this moment, I feel quite in disbelief about the unbelievable result. I can feel it strongly.",surprise
"To be honest, My mood is sad after missing my friends. It has stayed on my mind.",sadness
"To be honest, Today I feel gloomy; it is connected to losing the opportunity. The feeling is difficult to ignore.",sadness
"After thinking about it, Honestly, the upcoming examination makes me feel fearful. I can feel it strongly.",fear
"After thinking about it, I am gloomy because of the difficult goodbye. The feeling is difficult to ignore.",sadness
"I have to admit, It is hard to hide how grateful I feel about meeting my friends. The feeling is difficult to ignore.",joy
Thinking about the upcoming examination leaves me nervous. I can feel it strongly.,fear
"To be honest, It is hard to hide how affectionate I feel about our time together. I can feel it strongly.",love
It is hard to hide how in disbelief I feel about the last-minute change. That is my honest reaction.,surprise
"I have to admit, I am lonely because of missing my friends. I can feel it strongly.",sadness
"After thinking about it, My mood is nervous after the upcoming examination. The feeling is difficult to ignore.",fear
"At this moment, Thinking about my great result leaves me delighted. I can feel it strongly.",joy
"To be honest, It is hard to hide how astonished I feel about the surprise visitor. That is my honest reaction.",surprise
"At this moment, I feel truly startled about the surprise visitor. The feeling is difficult to ignore.",surprise
I feel incredibly mad about being ignored. I can feel it strongly.,anger
"I have to admit, I keep feeling furious whenever I remember being ignored. It has stayed on my mind.",anger
"I have to admit, The way I feel can only be described as romantic.",love
"I have to admit, The way I feel can only be described as joyful. That is my honest reaction.",joy
I keep feeling down whenever I remember the disappointing news. I can feel it strongly.,sadness
I keep feeling startled whenever I remember the last-minute change. That is my honest reaction.,surprise
"To be honest, Right now I am genuinely heartbroken. I can feel it strongly.",sadness
"After thinking about it, I am cross because of the unnecessary delay. It has stayed on my mind.",anger
"At this moment, Thinking about the disappointing news leaves me gloomy. It has stayed on my mind.",sadness
I keep feeling optimistic whenever I remember finishing the project. I can feel it strongly.,joy
"To be honest, My mood is unhappy after the failed plan.",sadness
"To be honest, Right now I am incredibly unexpectedly amazed. That is my honest reaction.",surprise
"After thinking about it, I feel completely fearful about the sudden noise. It has stayed on my mind.",fear
"To be honest, My mood is surprised after the unbelievable result. That is my honest reaction.",surprise
"To be honest, Honestly, the failed plan makes me feel sorrowful.",sadness
"After thinking about it, Thinking about a lonely evening leaves me sad. It has stayed on my mind.",sadness
"At this moment, It is hard to hide how romantic I feel about my closest friend. That is my honest reaction.",love
"At this moment, Today I feel angry; it is connected to the broken promise. That is my honest reaction.",anger
"To be honest, I keep feeling thrilled whenever I remember my great result. That is my honest reaction.",joy
"At this moment, I feel so speechless about the surprise visitor. That is my honest reaction.",surprise
"At this moment, Right now I am truly furious. I can feel it strongly.",anger
Right now I am quite unhappy. That is my honest reaction.,sadness
Thinking about my family leaves me loving.,love
"After thinking about it, I feel completely frustrated about the rude response. It has stayed on my mind.",anger
"After thinking about it, Right now I am deeply tender. That is my honest reaction.",love
"After thinking about it, It is hard to hide how angry I feel about the unfair decision.",anger
"To be honest, Thinking about the wonderful celebration leaves me cheerful.",joy
"I have to admit, My mood is surprised after the sudden gift. That is my honest reaction.",surprise
"After thinking about it, Today I feel warm; it is connected to our time together. It has stayed on my mind.",love
"At this moment, The way I feel can only be described as grateful.",joy
It is hard to hide how angry I feel about the rude response. I can feel it strongly.,anger
The way I feel can only be described as thrilled. I can feel it strongly.,joy
"At this moment, Today I feel worried; it is connected to what might happen tomorrow. The feeling is difficult to ignore.",fear
"After thinking about it, Today I feel stunned; it is connected to the unbelievable result. The feeling is difficult to ignore.",surprise
"At this moment, Honestly, the difficult goodbye makes me feel gloomy. The feeling is difficult to ignore.",sadness
"I have to admit, Today I feel outraged; it is connected to the rude response. That is my honest reaction.",anger
"I have to admit, Thinking about the unnecessary delay leaves me frustrated. That is my honest reaction.",anger
"I have to admit, I am delighted because of my great result. That is my honest reaction.",joy
"I have to admit, I keep feeling adored whenever I remember my family. That is my honest reaction.",love
Thinking about my closest friend leaves me caring.,love
Today I feel fearful; it is connected to what might happen tomorrow. I can feel it strongly.,fear
"After thinking about it, My mood is fearful after what might happen tomorrow.",fear
I am lonely because of the failed plan. It has stayed on my mind.,sadness
"To be honest, Right now I am quite grateful. That is my honest reaction.",joy
"At this moment, Today I feel excited; it is connected to the wonderful celebration.",joy
I feel very speechless about the unexpected announcement. That is my honest reaction.,surprise
"I have to admit, It is hard to hide how furious I feel about the unfair decision.",anger
Today I feel afraid; it is connected to what might happen tomorrow. The feeling is difficult to ignore.,fear
"To be honest, I am delighted because of the new opportunity. I can feel it strongly.",joy
"To be honest, It is hard to hide how tender I feel about my closest friend. It has stayed on my mind.",love
"After thinking about it, Thinking about losing the opportunity leaves me tearful. It has stayed on my mind.",sadness
"After thinking about it, Thinking about the last-minute change leaves me amazed. The feeling is difficult to ignore.",surprise
Today I feel excited; it is connected to my great result. It has stayed on my mind.,joy
"After thinking about it, I keep feeling tender whenever I remember my closest friend.",love
I feel deeply angry about the rude response. I can feel it strongly.,anger
"To be honest, It is hard to hide how annoyed I feel about the broken promise. It has stayed on my mind.",anger
"I have to admit, I am enraged because of the unnecessary delay. That is my honest reaction.",anger
"At this moment, Right now I am deeply afraid. It has stayed on my mind.",fear
"To be honest, The way I feel can only be described as happy. The feeling is difficult to ignore.",joy
"To be honest, I am pleased because of today's good news. The feeling is difficult to ignore.",joy
"To be honest, I keep feeling thrilled whenever I remember meeting my friends. The feeling is difficult to ignore.",joy
"After thinking about it, Honestly, the unbelievable result makes me feel surprised. It has stayed on my mind.",surprise
"Honestly, missing my friends makes me feel sad. The feeling is difficult to ignore.",sadness
"At this moment, Right now I am deeply excited.",joy
"At this moment, It is hard to hide how in disbelief I feel about the shocking update. I can feel it strongly.",surprise
My mood is cheerful after the new opportunity. It has stayed on my mind.,joy
"After thinking about it, Thinking about the broken promise leaves me furious.",anger
My mood is unexpectedly amazed after the surprise visitor. The feeling is difficult to ignore.,surprise
"To be honest, I feel very joyful about meeting my friends. The feeling is difficult to ignore.",joy
"After thinking about it, Honestly, speaking in public makes me feel afraid. That is my honest reaction.",fear
"I have to admit, I feel really loving about the person I care about.",love
"I have to admit, I feel completely terrified about what might happen tomorrow.",fear
"After thinking about it, I feel deeply afraid about the upcoming examination. The feeling is difficult to ignore.",fear
"To be honest, I am frustrated because of the repeated mistake.",anger
"I have to admit, I feel extremely worried about the upcoming examination. The feeling is difficult to ignore.",fear
"At this moment, Honestly, the failed plan makes me feel unhappy. The feeling is difficult to ignore.",sadness
"After thinking about it, Right now I am really enraged.",anger
"At this moment, Right now I am deeply lonely. The feeling is difficult to ignore.",sadness
Today I feel loving; it is connected to our time together. It has stayed on my mind.,love
"To be honest, I keep feeling unexpectedly amazed whenever I remember the shocking update.",surprise
"After thinking about it, I keep feeling devoted whenever I remember a thoughtful message. It has stayed on my mind.",love
"After thinking about it, I keep feeling worried whenever I remember the risky journey.",fear
"I have to admit, My mood is gloomy after missing my friends. The feeling is difficult to ignore.",sadness
"To be honest, Right now I am extremely sad.",sadness
"After thinking about it, Thinking about the sudden noise leaves me uneasy. The feeling is difficult to ignore.",fear
"I have to admit, Honestly, losing the opportunity makes me feel disappointed. The feeling is difficult to ignore.",sadness
"At this moment, Right now I am really panicked. The feeling is difficult to ignore.",fear
I am worried because of the uncertain situation. I can feel it strongly.,fear
"I have to admit, Right now I am very cheerful. That is my honest reaction.",joy
"At this moment, Right now I am so excited. I can feel it strongly.",joy
"I have to admit, I feel quite miserable about the disappointing news. I can feel it strongly.",sadness
"At this moment, Right now I am extremely angry.",anger
"Honestly, missing my friends makes me feel tearful. It has stayed on my mind.",sadness
"After thinking about it, Today I feel cheerful; it is connected to finishing the project. The feeling is difficult to ignore.",joy
"At this moment, Right now I am genuinely anxious. That is my honest reaction.",fear
"At this moment, Thinking about the sudden gift leaves me amazed. The feeling is difficult to ignore.",surprise
"To be honest, I keep feeling resentful whenever I remember the repeated mistake.",anger
I feel completely speechless about the surprise visitor.,surprise
"To be honest, My mood is happy after my great result. That is my honest reaction.",joy
"I have to admit, My mood is down after the failed plan. It has stayed on my mind.",sadness
"To be honest, I feel deeply happy about the wonderful celebration. I can feel it strongly.",joy
"At this moment, I feel very angry about the unfair decision. It has stayed on my mind.",anger
"To be honest, I am startled because of the unexpected announcement. That is my honest reaction.",surprise
"After thinking about it, Honestly, the last-minute change makes me feel amazed. That is my honest reaction.",surprise
"I have to admit, Honestly, meeting my friends makes me feel cheerful.",joy
"After thinking about it, I keep feeling afraid whenever I remember the upcoming examination. The feeling is difficult to ignore.",fear
"I have to admit, I keep feeling caring whenever I remember the person I care about. The feeling is difficult to ignore.",love
"At this moment, It is hard to hide how tender I feel about my closest friend. It has stayed on my mind.",love
"I have to admit, Honestly, our time together makes me feel loving.",love
"At this moment, Right now I am really enraged.",anger
I keep feeling happy whenever I remember the wonderful celebration. The feeling is difficult to ignore.,joy
"At this moment, It is hard to hide how resentful I feel about the broken promise.",anger
Today I feel enraged; it is connected to the unfair decision. It has stayed on my mind.,anger
"I have to admit, Today I feel frustrated; it is connected to the unnecessary delay. It has stayed on my mind.",anger
"After thinking about it, I keep feeling sad whenever I remember the disappointing news.",sadness
"To be honest, Honestly, the last-minute change makes me feel amazed. It has stayed on my mind.",surprise
"I have to admit, Today I feel enraged; it is connected to the repeated mistake. It has stayed on my mind.",anger
"To be honest, My mood is taken aback after the unexpected announcement. It has stayed on my mind.",surprise
"Honestly, the broken promise makes me feel furious.",anger
"I have to admit, My mood is furious after the unfair decision.",anger
"To be honest, It is hard to hide how romantic I feel about my family. I can feel it strongly.",love
"At this moment, I keep feeling unhappy whenever I remember the disappointing news. That is my honest reaction.",sadness
"To be honest, I keep feeling disappointed whenever I remember the failed plan. That is my honest reaction.",sadness
"To be honest, I keep feeling excited whenever I remember the wonderful celebration. It has stayed on my mind.",joy
"After thinking about it, Honestly, the failed plan makes me feel sad. The feeling is difficult to ignore.",sadness
Today I feel down; it is connected to missing my friends. The feeling is difficult to ignore.,sadness
"To be honest, It is hard to hide how cross I feel about the repeated mistake. That is my honest reaction.",anger
"At this moment, My mood is devoted after our time together. The feeling is difficult to ignore.",love
"At this moment, The way I feel can only be described as down. It has stayed on my mind.",sadness
"To be honest, It is hard to hide how loving I feel about our time together. That is my honest reaction.",love
"I have to admit, I keep feeling enraged whenever I remember the unnecessary delay. I can feel it strongly.",anger
"After thinking about it, I feel truly gloomy about the difficult goodbye.",sadness
Thinking about the kindness I received leaves me loving.,love
"I have to admit, I am unhappy because of a lonely evening. That is my honest reaction.",sadness
"After thinking about it, The way I feel can only be described as outraged. That is my honest reaction.",anger
"To be honest, I keep feeling surprised whenever I remember the unexpected announcement. The feeling is difficult to ignore.",surprise
"At this moment, Thinking about the failed plan leaves me down. The feeling is difficult to ignore.",sadness
"At this moment, I keep feeling sad whenever I remember a lonely evening. That is my honest reaction.",sadness
"I have to admit, I keep feeling cross whenever I remember the unfair decision. I can feel it strongly.",anger
"At this moment, I keep feeling frustrated whenever I remember the unfair decision. The feeling is difficult to ignore.",anger
"At this moment, Honestly, the unnecessary delay makes me feel outraged.",anger
"To be honest, It is hard to hide how cheerful I feel about the wonderful celebration.",joy
"I have to admit, Right now I am genuinely taken aback. I can feel it strongly.",surprise
"After thinking about it, I keep feeling taken aback whenever I remember the last-minute change. The feeling is difficult to ignore.",surprise
"At this moment, The way I feel can only be described as unhappy. I can feel it strongly.",sadness
"I have to admit, Right now I am deeply taken aback. It has stayed on my mind.",surprise
I am nervous because of the sudden noise.,fear
"I have to admit, It is hard to hide how taken aback I feel about the sudden gift.",surprise
"After thinking about it, Right now I am so nervous. That is my honest reaction.",fear
"To be honest, Honestly, my closest friend makes me feel loving.",love
"After thinking about it, My mood is scared after what might happen tomorrow. That is my honest reaction.",fear
"At this moment, It is hard to hide how uneasy I feel about the uncertain situation. The feeling is difficult to ignore.",fear
"At this moment, Right now I am very affectionate.",love
"Honestly, the repeated mistake makes me feel cross. It has stayed on my mind.",anger
"After thinking about it, My mood is terrified after the upcoming examination. It has stayed on my mind.",fear
I keep feeling loving whenever I remember the person I care about. It has stayed on my mind.,love
"After thinking about it, I am nervous because of speaking in public.",fear
"After thinking about it, I am tearful because of losing the opportunity.",sadness
"At this moment, It is hard to hide how furious I feel about being ignored. It has stayed on my mind.",anger
"I have to admit, I feel genuinely mad about the repeated mistake. That is my honest reaction.",anger
"To be honest, It is hard to hide how down I feel about the disappointing news.",sadness
"Honestly, finishing the project makes me feel optimistic. It has stayed on my mind.",joy
"After thinking about it, Right now I am very delighted. The feeling is difficult to ignore.",joy
"Honestly, the upcoming examination makes me feel anxious. I can feel it strongly.",fear
"To be honest, Right now I am incredibly loving. The feeling is difficult to ignore.",love
Thinking about the shocking update leaves me startled. I can feel it strongly.,surprise
"After thinking about it, I keep feeling frightened whenever I remember speaking in public. It has stayed on my mind.",fear
"Honestly, the wonderful celebration makes me feel joyful. The feeling is difficult to ignore.",joy
It is hard to hide how joyful I feel about my great result. The feeling is difficult to ignore.,joy
"To be honest, I feel extremely caring about my closest friend.",love
My mood is sorrowful after the failed plan.,sadness
"After thinking about it, It is hard to hide how anxious I feel about the sudden noise. The feeling is difficult to ignore.",fear
It is hard to hide how annoyed I feel about the repeated mistake. It has stayed on my mind.,anger
"At this moment, I keep feeling stunned whenever I remember the sudden gift. The feeling is difficult to ignore.",surprise
Today I feel uneasy; it is connected to the risky journey. I can feel it strongly.,fear
"I have to admit, Today I feel cheerful; it is connected to the wonderful celebration.",joy
I keep feeling startled whenever I remember the sudden gift. The feeling is difficult to ignore.,surprise
"After thinking about it, My mood is unhappy after losing the opportunity. That is my honest reaction.",sadness
"I have to admit, I keep feeling anxious whenever I remember the risky journey. I can feel it strongly.",fear
"To be honest, I feel completely mad about the broken promise.",anger
"To be honest, Today I feel wonderful; it is connected to finishing the project. I can feel it strongly.",joy
"After thinking about it, I feel very taken aback about the surprise visitor. That is my honest reaction.",surprise
"After thinking about it, Honestly, a lonely evening makes me feel tearful. I can feel it strongly.",sadness
"I have to admit, I feel extremely grateful about finishing the project. I can feel it strongly.",joy
"After thinking about it, I keep feeling caring whenever I remember my family. The feeling is difficult to ignore.",love
"At this moment, The way I feel can only be described as panicked. I can feel it strongly.",fear
"To be honest, It is hard to hide how lonely I feel about losing the opportunity.",sadness
"I have to admit, I feel really worried about speaking in public. I can feel it strongly.",fear
"At this moment, Thinking about the rude response leaves me mad. It has stayed on my mind.",anger
"I have to admit, I am frustrated because of the broken promise. That is my honest reaction.",anger
It is hard to hide how adored I feel about our time together. It has stayed on my mind.,love
"To be honest, Thinking about the disappointing news leaves me lonely. I can feel it strongly.",sadness
I feel extremely pleased about the wonderful celebration. The feeling is difficult to ignore.,joy
"To be honest, Today I feel surprised; it is connected to the sudden gift. That is my honest reaction.",surprise
"To be honest, Right now I am extremely joyful. It has stayed on my mind.",joy
"I have to admit, The way I feel can only be described as excited. The feeling is difficult to ignore.",joy
"I have to admit, I feel genuinely heartbroken about a lonely evening. That is my honest reaction.",sadness
"After thinking about it, My mood is romantic after my family. That is my honest reaction.",love
"Honestly, the surprise visitor makes me feel in disbelief. That is my honest reaction.",surprise
"After thinking about it, Honestly, the unfair decision makes me feel outraged. It has stayed on my mind.",anger
"At this moment, I keep feeling heartbroken whenever I remember the disappointing news. I can feel it strongly.",sadness
"After thinking about it, It is hard to hide how outraged I feel about the rude response. I can feel it strongly.",anger
"I have to admit, Right now I am incredibly stunned. I can feel it strongly.",surprise
"At this moment, The way I feel can only be described as surprised. I can feel it strongly.",surprise
"To be honest, I am grateful because of meeting my friends. The feeling is difficult to ignore.",joy
"I have to admit, I keep feeling sorrowful whenever I remember the failed plan. The feeling is difficult to ignore.",sadness
Right now I am really stunned.,surprise
"I have to admit, The way I feel can only be described as disappointed. It has stayed on my mind.",sadness
"At this moment, Honestly, my great result makes me feel pleased.",joy
"After thinking about it, Today I feel disappointed; it is connected to a lonely evening.",sadness
"I have to admit, My mood is worried after the risky journey. I can feel it strongly.",fear
"To be honest, Right now I am truly stunned. It has stayed on my mind.",surprise
"To be honest, My mood is panicked after the upcoming examination. I can feel it strongly.",fear
"I have to admit, I keep feeling in disbelief whenever I remember the sudden gift. The feeling is difficult to ignore.",surprise
"I have to admit, It is hard to hide how fond I feel about the person I care about. I can feel it strongly.",love
"To be honest, The way I feel can only be described as speechless. That is my honest reaction.",surprise
"I have to admit, My mood is joyful after meeting my friends.",joy
Today I feel adored; it is connected to the kindness I received. That is my honest reaction.,love
"I have to admit, I keep feeling heartbroken whenever I remember losing the opportunity. That is my honest reaction.",sadness
"To be honest, Thinking about the unfair decision leaves me outraged. The feeling is difficult to ignore.",anger
"I have to admit, The way I feel can only be described as anxious. The feeling is difficult to ignore.",fear
"At this moment, It is hard to hide how startled I feel about the sudden gift. That is my honest reaction.",surprise
"I have to admit, Today I feel devoted; it is connected to the person I care about.",love
"To be honest, I keep feeling fearful whenever I remember speaking in public. The feeling is difficult to ignore.",fear
Thinking about the rude response leaves me resentful. I can feel it strongly.,anger
"After thinking about it, It is hard to hide how adored I feel about a thoughtful message. I can feel it strongly.",love
It is hard to hide how outraged I feel about the unnecessary delay. The feeling is difficult to ignore.,anger
Thinking about the unbelievable result leaves me surprised. That is my honest reaction.,surprise
"After thinking about it, My mood is excited after the new opportunity.",joy
"I have to admit, My mood is miserable after a lonely evening.",sadness
"After thinking about it, Thinking about the upcoming examination leaves me terrified. I can feel it strongly.",fear
"To be honest, I am pleased because of the wonderful celebration. That is my honest reaction.",joy
"After thinking about it, Honestly, the unbelievable result makes me feel speechless. That is my honest reaction.",surprise
"At this moment, I keep feeling delighted whenever I remember finishing the project. The feeling is difficult to ignore.",joy
It is hard to hide how devoted I feel about my family. It has stayed on my mind.,love
"I have to admit, I am irritated because of the broken promise. That is my honest reaction.",anger
"To be honest, I feel genuinely irritated about the unfair decision. That is my honest reaction.",anger
"I have to admit, Honestly, speaking in public makes me feel worried. That is my honest reaction.",fear
"At this moment, My mood is annoyed after the rude response. I can feel it strongly.",anger
"To be honest, It is hard to hide how mad I feel about the broken promise. I can feel it strongly.",anger
"At this moment, It is hard to hide how stunned I feel about the sudden gift. That is my honest reaction.",surprise
"At this moment, Honestly, the unfair decision makes me feel irritated.",anger
"After thinking about it, I am cross because of the unfair decision.",anger
"After thinking about it, My mood is startled after the sudden gift. It has stayed on my mind.",surprise
"After thinking about it, I am joyful because of today's good news. I can feel it strongly.",joy
"I have to admit, I am fearful because of the risky journey.",fear
Thinking about our time together leaves me caring. It has stayed on my mind.,love
"After thinking about it, Today I feel furious; it is connected to the broken promise. I can feel it strongly.",anger
"To be honest, I am cross because of the unnecessary delay. I can feel it strongly.",anger
"At this moment, The way I feel can only be described as miserable. The feeling is difficult to ignore.",sadness
"After thinking about it, Right now I am deeply close. It has stayed on my mind.",love
"I have to admit, The way I feel can only be described as grateful. It has stayed on my mind.",joy
Thinking about the unbelievable result leaves me shocked. That is my honest reaction.,surprise
"Honestly, speaking in public makes me feel nervous.",fear
"After thinking about it, My mood is cross after the unnecessary delay. It has stayed on my mind.",anger
"After thinking about it, It is hard to hide how anxious I feel about the uncertain situation. That is my honest reaction.",fear
"To be honest, It is hard to hide how amazed I feel about the shocking update. That is my honest reaction.",surprise
"After thinking about it, I am close because of the kindness I received.",love
The way I feel can only be described as cheerful. That is my honest reaction.,joy
"Honestly, the unbelievable result makes me feel in disbelief. The feeling is difficult to ignore.",surprise
My mood is heartbroken after a lonely evening. That is my honest reaction.,sadness
"I have to admit, I am furious because of the unnecessary delay. I can feel it strongly.",anger
"After thinking about it, Right now I am very furious. It has stayed on my mind.",anger
Thinking about the wonderful celebration leaves me grateful. It has stayed on my mind.,joy
I am uneasy because of the upcoming examination. It has stayed on my mind.,fear
"To be honest, I keep feeling miserable whenever I remember the difficult goodbye. That is my honest reaction.",sadness
Right now I am truly loving.,love
It is hard to hide how joyful I feel about finishing the project.,joy
I keep feeling surprised whenever I remember the unbelievable result. It has stayed on my mind.,surprise
Today I feel loving; it is connected to the person I care about. It has stayed on my mind.,love
Right now I am so resentful.,anger
"To be honest, Today I feel surprised; it is connected to the surprise visitor. I can feel it strongly.",surprise
"At this moment, Thinking about the broken promise leaves me enraged. That is my honest reaction.",anger
"At this moment, Right now I am really thrilled. That is my honest reaction.",joy
"After thinking about it, My mood is close after the kindness I received.",love
"After thinking about it, Right now I am genuinely unhappy.",sadness
"After thinking about it, Thinking about the unbelievable result leaves me startled. That is my honest reaction.",surprise
"At this moment, It is hard to hide how startled I feel about the unexpected announcement. I can feel it strongly.",surprise
It is hard to hide how in disbelief I feel about the unbelievable result. The feeling is difficult to ignore.,surprise
"To be honest, My mood is furious after the repeated mistake. The feeling is difficult to ignore.",anger
"At this moment, My mood is nervous after the sudden noise.",fear
"I have to admit, I feel completely amazed about the shocking update. That is my honest reaction.",surprise
"After thinking about it, I keep feeling adored whenever I remember our time together.",love
Right now I am extremely close. The feeling is difficult to ignore.,love
"At this moment, I keep feeling startled whenever I remember the shocking update. That is my honest reaction.",surprise
"To be honest, Today I feel romantic; it is connected to our time together.",love
"After thinking about it, Right now I am truly frustrated. That is my honest reaction.",anger
"After thinking about it, I am sorrowful because of missing my friends. The feeling is difficult to ignore.",sadness
"After thinking about it, I keep feeling caring whenever I remember the kindness I received. The feeling is difficult to ignore.",love
"At this moment, I keep feeling miserable whenever I remember the difficult goodbye. I can feel it strongly.",sadness
"At this moment, Honestly, the wonderful celebration makes me feel delighted. The feeling is difficult to ignore.",joy
"I have to admit, Today I feel caring; it is connected to a thoughtful message. That is my honest reaction.",love
My mood is gloomy after the difficult goodbye. I can feel it strongly.,sadness
"To be honest, I keep feeling disappointed whenever I remember the disappointing news. That is my honest reaction.",sadness
Right now I am really warm. The feeling is difficult to ignore.,love
Today I feel scared; it is connected to what might happen tomorrow. The feeling is difficult to ignore.,fear
"After thinking about it, It is hard to hide how afraid I feel about the upcoming examination. I can feel it strongly.",fear
"To be honest, I keep feeling excited whenever I remember the new opportunity. The feeling is difficult to ignore.",joy
"To be honest, I keep feeling astonished whenever I remember the shocking update. That is my honest reaction.",surprise
"I have to admit, I am happy because of the new opportunity.",joy
"At this moment, My mood is gloomy after the disappointing news. The feeling is difficult to ignore.",sadness
My mood is joyful after my great result.,joy
"To be honest, It is hard to hide how romantic I feel about my family. It has stayed on my mind.",love
"I have to admit, I am lonely because of the difficult goodbye. It has stayed on my mind.",sadness
"After thinking about it, It is hard to hide how delighted I feel about today's good news. It has stayed on my mind.",joy
"After thinking about it, It is hard to hide how enraged I feel about the repeated mistake. The feeling is difficult to ignore.",anger
"I have to admit, I am shocked because of the unbelievable result. I can feel it strongly.",surprise
"At this moment, Honestly, our time together makes me feel tender. It has stayed on my mind.",love
"After thinking about it, The way I feel can only be described as uneasy. I can feel it strongly.",fear
"At this moment, Today I feel stunned; it is connected to the unbelievable result. It has stayed on my mind.",surprise
"I have to admit, I feel really delighted about meeting my friends. I can feel it strongly.",joy
"After thinking about it, I am optimistic because of the new opportunity. The feeling is difficult to ignore.",joy
"After thinking about it, I am joyful because of finishing the project.",joy
"To be honest, Today I feel loving; it is connected to our time together.",love
"After thinking about it, The way I feel can only be described as anxious. The feeling is difficult to ignore.",fear
I am shocked because of the last-minute change.,surprise
Right now I am really adored. That is my honest reaction.,love
"To be honest, My mood is taken aback after the unbelievable result. The feeling is difficult to ignore.",surprise
I feel so disappointed about missing my friends.,sadness
"Honestly, the new opportunity makes me feel excited. That is my honest reaction.",joy
"After thinking about it, I feel extremely grateful about finishing the project. The feeling is difficult to ignore.",joy
"After thinking about it, Honestly, my closest friend makes me feel romantic. The feeling is difficult to ignore.",love
"After thinking about it, My mood is caring after the person I care about. That is my honest reaction.",love
"To be honest, Right now I am incredibly terrified. That is my honest reaction.",fear
"I have to admit, Right now I am really astonished. I can feel it strongly.",surprise
"At this moment, It is hard to hide how annoyed I feel about being ignored. That is my honest reaction.",anger
"After thinking about it, Right now I am quite unexpectedly amazed. The feeling is difficult to ignore.",surprise
"At this moment, I keep feeling shocked whenever I remember the surprise visitor. The feeling is difficult to ignore.",surprise
"I have to admit, The way I feel can only be described as furious. I can feel it strongly.",anger
"To be honest, Right now I am genuinely pleased.",joy
"At this moment, My mood is devoted after the kindness I received. That is my honest reaction.",love
"At this moment, I am speechless because of the unexpected announcement. The feeling is difficult to ignore.",surprise
"I have to admit, Thinking about the unexpected announcement leaves me shocked. I can feel it strongly.",surprise
"At this moment, Today I feel adored; it is connected to the kindness I received. The feeling is difficult to ignore.",love
"After thinking about it, My mood is surprised after the unbelievable result. I can feel it strongly.",surprise
I feel very speechless about the unexpected announcement. I can feel it strongly.,surprise
"At this moment, Thinking about my great result leaves me wonderful. That is my honest reaction.",joy
"After thinking about it, Thinking about today's good news leaves me wonderful.",joy
"After thinking about it, Honestly, the difficult goodbye makes me feel sorrowful. I can feel it strongly.",sadness
"To be honest, I keep feeling uneasy whenever I remember the upcoming examination. That is my honest reaction.",fear
"At this moment, Thinking about a thoughtful message leaves me affectionate. It has stayed on my mind.",love
"At this moment, I keep feeling cross whenever I remember the rude response. I can feel it strongly.",anger
"To be honest, It is hard to hide how surprised I feel about the sudden gift. I can feel it strongly.",surprise
"After thinking about it, I feel extremely worried about the sudden noise. The feeling is difficult to ignore.",fear
"I have to admit, It is hard to hide how sorrowful I feel about the failed plan.",sadness
"I have to admit, Today I feel frustrated; it is connected to the broken promise. The feeling is difficult to ignore.",anger
"To be honest, It is hard to hide how taken aback I feel about the shocking update. The feeling is difficult to ignore.",surprise
"After thinking about it, Right now I am quite cross. It has stayed on my mind.",anger
"I have to admit, I keep feeling miserable whenever I remember a lonely evening. The feeling is difficult to ignore.",sadness
"At this moment, My mood is startled after the shocking update. It has stayed on my mind.",surprise
"To be honest, Right now I am really affectionate. That is my honest reaction.",love
"At this moment, Today I feel happy; it is connected to finishing the project. That is my honest reaction.",joy
"At this moment, I am adored because of our time together.",love
"At this moment, My mood is disappointed after a lonely evening. That is my honest reaction.",sadness
"To be honest, I keep feeling angry whenever I remember the unfair decision. That is my honest reaction.",anger
"I have to admit, I feel completely affectionate about our time together. That is my honest reaction.",love
"At this moment, I feel so optimistic about today's good news. The feeling is difficult to ignore.",joy
"After thinking about it, Right now I am deeply grateful. That is my honest reaction.",joy
"At this moment, I am afraid because of the upcoming examination. The feeling is difficult to ignore.",fear
"At this moment, I keep feeling joyful whenever I remember my great result.",joy
"I have to admit, Right now I am so affectionate. It has stayed on my mind.",love
"At this moment, Thinking about the surprise visitor leaves me startled. That is my honest reaction.",surprise
"After thinking about it, Thinking about the wonderful celebration leaves me grateful. The feeling is difficult to ignore.",joy
"After thinking about it, I feel quite grateful about meeting my friends. That is my honest reaction.",joy
"To be honest, Today I feel taken aback; it is connected to the unexpected announcement. It has stayed on my mind.",surprise
"After thinking about it, Today I feel in disbelief; it is connected to the sudden gift. I can feel it strongly.",surprise
"I have to admit, I am close because of my closest friend. That is my honest reaction.",love
"I have to admit, The way I feel can only be described as sorrowful. I can feel it strongly.",sadness
"At this moment, Right now I am genuinely frustrated.",anger
Thinking about the sudden noise leaves me uneasy.,fear
I keep feeling joyful whenever I remember my great result.,joy
"After thinking about it, Honestly, a lonely evening makes me feel lonely. That is my honest reaction.",sadness
"At this moment, Honestly, the last-minute change makes me feel in disbelief. That is my honest reaction.",surprise
It is hard to hide how happy I feel about today's good news. It has stayed on my mind.,joy
I keep feeling surprised whenever I remember the sudden gift. I can feel it strongly.,surprise
"At this moment, I keep feeling sad whenever I remember the difficult goodbye. The feeling is difficult to ignore.",sadness
I am caring because of the kindness I received. The feeling is difficult to ignore.,love
My mood is worried after the risky journey.,fear
"After thinking about it, Honestly, the broken promise makes me feel cross. It has stayed on my mind.",anger
My mood is panicked after the risky journey. It has stayed on my mind.,fear
"To be honest, Honestly, the failed plan makes me feel tearful. I can feel it strongly.",sadness
"At this moment, Thinking about today's good news leaves me pleased.",joy
"After thinking about it, It is hard to hide how stunned I feel about the last-minute change. That is my honest reaction.",surprise
"To be honest, Thinking about the unnecessary delay leaves me resentful. I can feel it strongly.",anger
"At this moment, The way I feel can only be described as fearful. That is my honest reaction.",fear
"At this moment, It is hard to hide how annoyed I feel about the unnecessary delay. That is my honest reaction.",anger
It is hard to hide how worried I feel about what might happen tomorrow.,fear
"To be honest, My mood is shocked after the shocking update. It has stayed on my mind.",surprise
"I have to admit, I am frightened because of speaking in public. It has stayed on my mind.",fear
"After thinking about it, Today I feel anxious; it is connected to what might happen tomorrow. That is my honest reaction.",fear
It is hard to hide how optimistic I feel about today's good news. That is my honest reaction.,joy
"After thinking about it, It is hard to hide how mad I feel about the rude response. That is my honest reaction.",anger
"To be honest, Right now I am quite afraid. I can feel it strongly.",fear
"Honestly, the unfair decision makes me feel mad. I can feel it strongly.",anger
"After thinking about it, My mood is tender after our time together. I can feel it strongly.",love
"After thinking about it, It is hard to hide how excited I feel about my great result. It has stayed on my mind.",joy
"After thinking about it, I keep feeling astonished whenever I remember the unbelievable result. It has stayed on my mind.",surprise
"To be honest, I feel extremely annoyed about the unnecessary delay. It has stayed on my mind.",anger
"After thinking about it, My mood is outraged after the unnecessary delay. It has stayed on my mind.",anger
"Honestly, the last-minute change makes me feel unexpectedly amazed. That is my honest reaction.",surprise
"After thinking about it, I keep feeling affectionate whenever I remember my closest friend. The feeling is difficult to ignore.",love
"I have to admit, It is hard to hide how anxious I feel about the sudden noise. I can feel it strongly.",fear
Right now I am completely uneasy. The feeling is difficult to ignore.,fear
"I have to admit, Today I feel tearful; it is connected to the failed plan. The feeling is difficult to ignore.",sadness
"At this moment, It is hard to hide how romantic I feel about the person I care about. I can feel it strongly.",love
"To be honest, Today I feel cheerful; it is connected to finishing the project. That is my honest reaction.",joy
"At this moment, Today I feel angry; it is connected to the unnecessary delay.",anger
"I have to admit, It is hard to hide how thrilled I feel about meeting my friends.",joy
"I have to admit, My mood is tearful after the difficult goodbye. I can feel it strongly.",sadness
The way I feel can only be described as taken aback. I can feel it strongly.,surprise
"To be honest, I am adored because of my family. That is my honest reaction.",love
Thinking about the person I care about leaves me loving. It has stayed on my mind.,love
I feel very happy about my great result. That is my honest reaction.,joy
Today I feel stunned; it is connected to the last-minute change. I can feel it strongly.,surprise
Right now I am extremely adored. I can feel it strongly.,love
"To be honest, My mood is pleased after my great result. It has stayed on my mind.",joy
"After thinking about it, I feel extremely fond about my closest friend. The feeling is difficult to ignore.",love
"After thinking about it, My mood is joyful after finishing the project. I can feel it strongly.",joy
"Honestly, our time together makes me feel loving. The feeling is difficult to ignore.",love
"After thinking about it, I keep feeling unhappy whenever I remember the difficult goodbye. It has stayed on my mind.",sadness
"To be honest, I feel extremely scared about the uncertain situation. I can feel it strongly.",fear
"After thinking about it, I am uneasy because of the risky journey.",fear
"I have to admit, It is hard to hide how sad I feel about a lonely evening. I can feel it strongly.",sadness
"To be honest, I am cross because of the repeated mistake. I can feel it strongly.",anger
"After thinking about it, Thinking about the wonderful celebration leaves me joyful. It has stayed on my mind.",joy
My mood is miserable after missing my friends. That is my honest reaction.,sadness
"To be honest, I feel so frightened about speaking in public.",fear
"I have to admit, The way I feel can only be described as caring. I can feel it strongly.",love
"After thinking about it, Thinking about being ignored leaves me cross.",anger
"I have to admit, Honestly, meeting my friends makes me feel cheerful. It has stayed on my mind.",joy
"I have to admit, Thinking about what might happen tomorrow leaves me afraid. That is my honest reaction.",fear
"To be honest, Right now I am completely worried. It has stayed on my mind.",fear
"After thinking about it, I am in disbelief because of the sudden gift. That is my honest reaction.",surprise
"I have to admit, I am frustrated because of being ignored. I can feel it strongly.",anger
"At this moment, I keep feeling loving whenever I remember my family.",love
"After thinking about it, Right now I am genuinely fond. It has stayed on my mind.",love
I keep feeling sad whenever I remember the difficult goodbye. The feeling is difficult to ignore.,sadness
Right now I am quite surprised. That is my honest reaction.,surprise
"I have to admit, I keep feeling lonely whenever I remember the difficult goodbye.",sadness
"I have to admit, I feel deeply terrified about what might happen tomorrow. That is my honest reaction.",fear
"I have to admit, Honestly, a lonely evening makes me feel unhappy. I can feel it strongly.",sadness
"After thinking about it, The way I feel can only be described as speechless. The feeling is difficult to ignore.",surprise
"To be honest, My mood is enraged after the unfair decision. The feeling is difficult to ignore.",anger
"I have to admit, Thinking about the shocking update leaves me stunned. It has stayed on my mind.",surprise
"To be honest, I feel very speechless about the unexpected announcement.",surprise
"After thinking about it, I am worried because of speaking in public. I can feel it strongly.",fear
"I have to admit, I feel really lonely about the disappointing news. I can feel it strongly.",sadness
My mood is tender after our time together.,love
"At this moment, I feel genuinely heartbroken about losing the opportunity. The feeling is difficult to ignore.",sadness
"After thinking about it, Today I feel warm; it is connected to a thoughtful message. The feeling is difficult to ignore.",love
"After thinking about it, Thinking about the disappointing news leaves me sorrowful. The feeling is difficult to ignore.",sadness
"To be honest, I am fond because of my family.",love
"To be honest, My mood is pleased after meeting my friends. It has stayed on my mind.",joy
"To be honest, I am cross because of being ignored. The feeling is difficult to ignore.",anger
"After thinking about it, Honestly, a thoughtful message makes me feel close. It has stayed on my mind.",love
"At this moment, Right now I am genuinely furious. The feeling is difficult to ignore.",anger
"To be honest, I feel very in disbelief about the unbelievable result. That is my honest reaction.",surprise
"Honestly, the wonderful celebration makes me feel wonderful. The feeling is difficult to ignore.",joy
Thinking about the sudden gift leaves me unexpectedly amazed. That is my honest reaction.,surprise
The way I feel can only be described as enraged.,anger
"To be honest, Today I feel nervous; it is connected to the uncertain situation.",fear
"I have to admit, Honestly, my family makes me feel fond. I can feel it strongly.",love
"At this moment, Right now I am very grateful. It has stayed on my mind.",joy
"To be honest, Thinking about the uncertain situation leaves me uneasy. I can feel it strongly.",fear
"At this moment, My mood is disappointed after the disappointing news. I can feel it strongly.",sadness
"I have to admit, It is hard to hide how nervous I feel about the risky journey.",fear
"I have to admit, Thinking about finishing the project leaves me joyful. The feeling is difficult to ignore.",joy
"I have to admit, My mood is speechless after the surprise visitor. I can feel it strongly.",surprise
"I have to admit, I am caring because of the person I care about. I can feel it strongly.",love
"At this moment, I keep feeling optimistic whenever I remember the wonderful celebration. It has stayed on my mind.",joy
Right now I am deeply thrilled.,joy
"I have to admit, Thinking about the new opportunity leaves me excited.",joy
"To be honest, It is hard to hide how close I feel about a thoughtful message. It has stayed on my mind.",love
"I have to admit, The way I feel can only be described as angry. It has stayed on my mind.",anger
"After thinking about it, It is hard to hide how caring I feel about the kindness I received. I can feel it strongly.",love
"I have to admit, Right now I am quite startled. That is my honest reaction.",surprise
Today I feel afraid; it is connected to speaking in public. It has stayed on my mind.,fear
"To be honest, Honestly, the risky journey makes me feel anxious. It has stayed on my mind.",fear
"I have to admit, Thinking about missing my friends leaves me sad. The feeling is difficult to ignore.",sadness
"I have to admit, Thinking about being ignored leaves me cross. It has stayed on my mind.",anger
"After thinking about it, I am terrified because of what might happen tomorrow. The feeling is difficult to ignore.",fear
"To be honest, Thinking about the sudden noise leaves me anxious. The feeling is difficult to ignore.",fear
"I have to admit, I am afraid because of speaking in public. I can feel it strongly.",fear
"At this moment, My mood is afraid after speaking in public. That is my honest reaction.",fear
"At this moment, I am affectionate because of a thoughtful message. I can feel it strongly.",love
"After thinking about it, Honestly, the wonderful celebration makes me feel cheerful.",joy
Today I feel sad; it is connected to a lonely evening. It has stayed on my mind.,sadness
"After thinking about it, I feel incredibly frustrated about being ignored. It has stayed on my mind.",anger
"To be honest, Honestly, meeting my friends makes me feel happy. It has stayed on my mind.",joy
"After thinking about it, Today I feel surprised; it is connected to the surprise visitor. I can feel it strongly.",surprise
My mood is afraid after what might happen tomorrow. It has stayed on my mind.,fear
"After thinking about it, Honestly, the rude response makes me feel annoyed. The feeling is difficult to ignore.",anger
Today I feel worried; it is connected to the sudden noise. It has stayed on my mind.,fear
"To be honest, Today I feel unexpectedly amazed; it is connected to the unexpected announcement. It has stayed on my mind.",surprise
"After thinking about it, Thinking about finishing the project leaves me excited. It has stayed on my mind.",joy
"I have to admit, My mood is lonely after the failed plan. I can feel it strongly.",sadness
"At this moment, Thinking about the repeated mistake leaves me mad. I can feel it strongly.",anger
"At this moment, Honestly, the kindness I received makes me feel adored. The feeling is difficult to ignore.",love
"I have to admit, I feel deeply close about a thoughtful message. That is my honest reaction.",love
"At this moment, I am nervous because of the risky journey. That is my honest reaction.",fear
"After thinking about it, Thinking about finishing the project leaves me cheerful. That is my honest reaction.",joy
"At this moment, My mood is loving after my closest friend. It has stayed on my mind.",love
"To be honest, The way I feel can only be described as furious. I can feel it strongly.",anger
"I have to admit, Thinking about my family leaves me adored. It has stayed on my mind.",love
"To be honest, I feel really miserable about the difficult goodbye. The feeling is difficult to ignore.",sadness
"I have to admit, It is hard to hide how affectionate I feel about the person I care about. I can feel it strongly.",love
"At this moment, Today I feel gloomy; it is connected to losing the opportunity.",sadness
"To be honest, Right now I am deeply frustrated.",anger
I keep feeling speechless whenever I remember the shocking update. That is my honest reaction.,surprise
My mood is lonely after losing the opportunity.,sadness
"I have to admit, I am worried because of the sudden noise.",fear
"At this moment, I am shocked because of the sudden gift. I can feel it strongly.",surprise
"To be honest, Right now I am so warm. That is my honest reaction.",love
"After thinking about it, I am irritated because of the unnecessary delay. I can feel it strongly.",anger
"At this moment, Right now I am genuinely caring. The feeling is difficult to ignore.",love
"After thinking about it, Thinking about my closest friend leaves me warm. It has stayed on my mind.",love
"To be honest, Today I feel disappointed; it is connected to losing the opportunity.",sadness
"To be honest, Today I feel unhappy; it is connected to the disappointing news. I can feel it strongly.",sadness
"To be honest, My mood is tearful after the difficult goodbye. It has stayed on my mind.",sadness
My mood is caring after a thoughtful message. The feeling is difficult to ignore.,love
"After thinking about it, Right now I am deeply in disbelief. That is my honest reaction.",surprise
"I have to admit, The way I feel can only be described as taken aback. That is my honest reaction.",surprise
"After thinking about it, Today I feel miserable; it is connected to missing my friends.",sadness
"To be honest, My mood is thrilled after finishing the project.",joy
"After thinking about it, Right now I am quite cheerful. The feeling is difficult to ignore.",joy
"I have to admit, Right now I am so tearful. It has stayed on my mind.",sadness
"I have to admit, I keep feeling loving whenever I remember the person I care about. I can feel it strongly.",love
I am adored because of our time together. The feeling is difficult to ignore.,love
Thinking about the person I care about leaves me warm. The feeling is difficult to ignore.,love
"After thinking about it, I keep feeling close whenever I remember the person I care about. I can feel it strongly.",love
"At this moment, It is hard to hide how sad I feel about the failed plan. It has stayed on my mind.",sadness
"At this moment, Honestly, missing my friends makes me feel disappointed. It has stayed on my mind.",sadness
"At this moment, I keep feeling tender whenever I remember the kindness I received. That is my honest reaction.",love
It is hard to hide how disappointed I feel about missing my friends. It has stayed on my mind.,sadness
It is hard to hide how furious I feel about the unfair decision. I can feel it strongly.,anger
"To be honest, I keep feeling disappointed whenever I remember the difficult goodbye. It has stayed on my mind.",sadness
"After thinking about it, I am affectionate because of our time together.",love
"I have to admit, It is hard to hide how tender I feel about the person I care about. The feeling is difficult to ignore.",love
"To be honest, Thinking about a lonely evening leaves me miserable.",sadness
"At this moment, I feel extremely anxious about speaking in public. That is my honest reaction.",fear
"At this moment, I keep feeling amazed whenever I remember the sudden gift. I can feel it strongly.",surprise
"At this moment, Honestly, the surprise visitor makes me feel unexpectedly amazed. The feeling is difficult to ignore.",surprise
"I have to admit, The way I feel can only be described as heartbroken. I can feel it strongly.",sadness
"To be honest, My mood is adored after my closest friend. The feeling is difficult to ignore.",love
"At this moment, Today I feel sorrowful; it is connected to losing the opportunity. It has stayed on my mind.",sadness
"To be honest, It is hard to hide how shocked I feel about the unexpected announcement. That is my honest reaction.",surprise
"At this moment, My mood is stunned after the sudden gift. That is my honest reaction.",surprise
"At this moment, Thinking about the failed plan leaves me gloomy. I can feel it strongly.",sadness
"At this moment, My mood is joyful after the new opportunity. I can feel it strongly.",joy
"To be honest, I feel really speechless about the last-minute change. The feeling is difficult to ignore.",surprise
"After thinking about it, Thinking about the failed plan leaves me gloomy. It has stayed on my mind.",sadness
"I have to admit, The way I feel can only be described as outraged. That is my honest reaction.",anger
"After thinking about it, Honestly, losing the opportunity makes me feel sad. That is my honest reaction.",sadness
"After thinking about it, Today I feel worried; it is connected to the uncertain situation. That is my honest reaction.",fear
It is hard to hide how outraged I feel about the broken promise. It has stayed on my mind.,anger
"After thinking about it, Honestly, my closest friend makes me feel tender.",love
"At this moment, Thinking about today's good news leaves me pleased. I can feel it strongly.",joy
"I have to admit, I keep feeling enraged whenever I remember being ignored. It has stayed on my mind.",anger
"After thinking about it, Today I feel terrified; it is connected to speaking in public. The feeling is difficult to ignore.",fear
"I have to admit, Honestly, our time together makes me feel affectionate. It has stayed on my mind.",love
"I have to admit, It is hard to hide how grateful I feel about the wonderful celebration. The feeling is difficult to ignore.",joy
"After thinking about it, I keep feeling unexpectedly amazed whenever I remember the surprise visitor.",surprise
"I have to admit, Honestly, the broken promise makes me feel outraged. That is my honest reaction.",anger
"After thinking about it, I keep feeling fearful whenever I remember the uncertain situation. That is my honest reaction.",fear
"I have to admit, I keep feeling fond whenever I remember my closest friend.",love
"I have to admit, I am scared because of the uncertain situation. I can feel it strongly.",fear
"To be honest, Honestly, the broken promise makes me feel outraged.",anger
"After thinking about it, Honestly, the surprise visitor makes me feel shocked. It has stayed on my mind.",surprise
"After thinking about it, It is hard to hide how anxious I feel about the uncertain situation.",fear
I keep feeling irritated whenever I remember the unfair decision. That is my honest reaction.,anger
"After thinking about it, It is hard to hide how mad I feel about the unfair decision. That is my honest reaction.",anger
I am angry because of the rude response. The feeling is difficult to ignore.,anger
"I have to admit, Today I feel adored; it is connected to the kindness I received. I can feel it strongly.",love
My mood is shocked after the unbelievable result. That is my honest reaction.,surprise
"I have to admit, Today I feel unexpectedly amazed; it is connected to the surprise visitor. It has stayed on my mind.",surprise
"To be honest, Honestly, the kindness I received makes me feel affectionate. That is my honest reaction.",love
"Honestly, the upcoming examination makes me feel panicked. The feeling is difficult to ignore.",fear
The way I feel can only be described as romantic.,love
"I have to admit, Right now I am incredibly terrified. It has stayed on my mind.",fear
I feel incredibly startled about the sudden gift. It has stayed on my mind.,surprise
"I have to admit, Right now I am very cross. I can feel it strongly.",anger
"I have to admit, Honestly, speaking in public makes me feel uneasy. The feeling is difficult to ignore.",fear
"To be honest, The way I feel can only be described as unhappy. I can feel it strongly.",sadness
"I have to admit, Thinking about the difficult goodbye leaves me sorrowful. I can feel it strongly.",sadness
"I have to admit, It is hard to hide how nervous I feel about the uncertain situation.",fear
"To be honest, I am romantic because of the kindness I received. The feeling is difficult to ignore.",love
"I have to admit, Right now I am truly delighted. I can feel it strongly.",joy
"To be honest, Today I feel angry; it is connected to the unfair decision. I can feel it strongly.",anger
It is hard to hide how caring I feel about the person I care about. It has stayed on my mind.,love
"I have to admit, Honestly, the rude response makes me feel frustrated. I can feel it strongly.",anger
"At this moment, Right now I am so romantic. That is my honest reaction.",love
I keep feeling loving whenever I remember a thoughtful message. It has stayed on my mind.,love
"I have to admit, I keep feeling furious whenever I remember the broken promise.",anger
"At this moment, I am nervous because of the uncertain situation. The feeling is difficult to ignore.",fear
"I have to admit, I am taken aback because of the sudden gift. The feeling is difficult to ignore.",surprise
I feel incredibly miserable about the failed plan. That is my honest reaction.,sadness
I feel truly close about our time together. That is my honest reaction.,love
"I have to admit, Honestly, the risky journey makes me feel afraid. It has stayed on my mind.",fear
"At this moment, Today I feel amazed; it is connected to the shocking update. The feeling is difficult to ignore.",surprise
"Honestly, the kindness I received makes me feel fond. I can feel it strongly.",love
"To be honest, Thinking about what might happen tomorrow leaves me panicked. The feeling is difficult to ignore.",fear
"After thinking about it, I am excited because of the wonderful celebration. The feeling is difficult to ignore.",joy
"At this moment, My mood is grateful after the wonderful celebration. It has stayed on my mind.",joy
"To be honest, I am irritated because of the broken promise. That is my honest reaction.",anger
Right now I am very affectionate. It has stayed on my mind.,love
Thinking about the difficult goodbye leaves me disappointed. I can feel it strongly.,sadness
It is hard to hide how frustrated I feel about the rude response. That is my honest reaction.,anger
"At this moment, Today I feel fond; it is connected to our time together. The feeling is difficult to ignore.",love
"At this moment, I am taken aback because of the unexpected announcement.",surprise
"After thinking about it, I am mad because of the rude response.",anger
Thinking about meeting my friends leaves me excited. It has stayed on my mind.,joy
"After thinking about it, It is hard to hide how annoyed I feel about the rude response. The feeling is difficult to ignore.",anger
"At this moment, Thinking about my closest friend leaves me close. It has stayed on my mind.",love
"To be honest, The way I feel can only be described as in disbelief. The feeling is difficult to ignore.",surprise
Right now I am extremely happy. The feeling is difficult to ignore.,joy
"I have to admit, I am mad because of the rude response. It has stayed on my mind.",anger
"To be honest, I keep feeling fond whenever I remember my closest friend. It has stayed on my mind.",love
"After thinking about it, It is hard to hide how enraged I feel about the rude response. The feeling is difficult to ignore.",anger
"At this moment, I feel very lonely about the failed plan. That is my honest reaction.",sadness
"At this moment, My mood is furious after the unfair decision. I can feel it strongly.",anger
I keep feeling thrilled whenever I remember today's good news. That is my honest reaction.,joy
"I have to admit, Honestly, my closest friend makes me feel fond. I can feel it strongly.",love
"After thinking about it, Honestly, losing the opportunity makes me feel unhappy. That is my honest reaction.",sadness
"I have to admit, My mood is panicked after the risky journey.",fear
It is hard to hide how furious I feel about the unnecessary delay. It has stayed on my mind.,anger
"I have to admit, I am sorrowful because of the difficult goodbye. I can feel it strongly.",sadness
"To be honest, I feel truly annoyed about the broken promise. That is my honest reaction.",anger
"After thinking about it, The way I feel can only be described as cheerful.",joy
"I have to admit, Right now I am quite miserable. That is my honest reaction.",sadness
"I have to admit, Right now I am deeply devoted. I can feel it strongly.",love
"At this moment, I feel genuinely joyful about today's good news. It has stayed on my mind.",joy
"After thinking about it, My mood is furious after being ignored. The feeling is difficult to ignore.",anger
I am thrilled because of finishing the project. I can feel it strongly.,joy
"After thinking about it, Today I feel disappointed; it is connected to a lonely evening. That is my honest reaction.",sadness
Thinking about finishing the project leaves me pleased. The feeling is difficult to ignore.,joy
"At this moment, I keep feeling frightened whenever I remember the sudden noise.",fear
"At this moment, I keep feeling resentful whenever I remember being ignored. That is my honest reaction.",anger
"I have to admit, Thinking about the broken promise leaves me enraged. It has stayed on my mind.",anger
"I have to admit, The way I feel can only be described as surprised. It has stayed on my mind.",surprise
The way I feel can only be described as fond. I can feel it strongly.,love
"I have to admit, I am startled because of the sudden gift. It has stayed on my mind.",surprise
I feel completely furious about the broken promise. The feeling is difficult to ignore.,anger
I keep feeling happy whenever I remember the new opportunity. That is my honest reaction.,joy
"At this moment, The way I feel can only be described as gloomy. That is my honest reaction.",sadness
"To be honest, Today I feel enraged; it is connected to the repeated mistake. It has stayed on my mind.",anger
"After thinking about it, I am furious because of the unnecessary delay. I can feel it strongly.",anger
"At this moment, Thinking about the wonderful celebration leaves me wonderful. I can feel it strongly.",joy
"To be honest, My mood is amazed after the surprise visitor. It has stayed on my mind.",surprise
"After thinking about it, Honestly, our time together makes me feel close. That is my honest reaction.",love
"I have to admit, Right now I am incredibly warm. I can feel it strongly.",love
"After thinking about it, I keep feeling sorrowful whenever I remember the difficult goodbye. The feeling is difficult to ignore.",sadness
"To be honest, Thinking about being ignored leaves me outraged.",anger
"At this moment, I am panicked because of what might happen tomorrow.",fear
"After thinking about it, My mood is unhappy after the disappointing news. It has stayed on my mind.",sadness
"To be honest, I keep feeling thrilled whenever I remember my great result.",joy
"At this moment, Today I feel resentful; it is connected to the broken promise. It has stayed on my mind.",anger
Thinking about a thoughtful message leaves me romantic. I can feel it strongly.,love
"I have to admit, Today I feel stunned; it is connected to the last-minute change. That is my honest reaction.",surprise
"To be honest, I feel extremely unexpectedly amazed about the last-minute change. I can feel it strongly.",surprise
"After thinking about it, It is hard to hide how grateful I feel about the wonderful celebration. The feeling is difficult to ignore.",joy
"After thinking about it, I keep feeling miserable whenever I remember the failed plan. It has stayed on my mind.",sadness
"To be honest, It is hard to hide how startled I feel about the unbelievable result. I can feel it strongly.",surprise
"To be honest, The way I feel can only be described as speechless. It has stayed on my mind.",surprise
"I have to admit, I am taken aback because of the surprise visitor. I can feel it strongly.",surprise
"I have to admit, Honestly, a lonely evening makes me feel disappointed. That is my honest reaction.",sadness
I feel deeply fond about my family.,love
"After thinking about it, I am uneasy because of the upcoming examination. It has stayed on my mind.",fear
"After thinking about it, Today I feel enraged; it is connected to being ignored. I can feel it strongly.",anger
"Honestly, the kindness I received makes me feel close. I can feel it strongly.",love
"After thinking about it, I feel truly sad about losing the opportunity. The feeling is difficult to ignore.",sadness
"At this moment, I am taken aback because of the surprise visitor. It has stayed on my mind.",surprise
"After thinking about it, Right now I am extremely affectionate. That is my honest reaction.",love
"Honestly, a thoughtful message makes me feel caring. That is my honest reaction.",love
"To be honest, It is hard to hide how delighted I feel about today's good news. I can feel it strongly.",joy
"To be honest, Honestly, the risky journey makes me feel afraid. That is my honest reaction.",fear
"After thinking about it, Thinking about the sudden gift leaves me stunned. That is my honest reaction.",surprise
"At this moment, Right now I am quite fearful. That is my honest reaction.",fear
"To be honest, It is hard to hide how joyful I feel about my great result. It has stayed on my mind.",joy
"I have to admit, Honestly, my family makes me feel romantic. I can feel it strongly.",love
The way I feel can only be described as affectionate.,love
"At this moment, I feel quite angry about the unfair decision.",anger
"I have to admit, I keep feeling tearful whenever I remember the difficult goodbye.",sadness
"To be honest, Thinking about our time together leaves me caring.",love
Thinking about the unnecessary delay leaves me outraged. It has stayed on my mind.,anger
"Honestly, the rude response makes me feel mad. It has stayed on my mind.",anger
"At this moment, My mood is heartbroken after the difficult goodbye. The feeling is difficult to ignore.",sadness
Today I feel angry; it is connected to the unnecessary delay. The feeling is difficult to ignore.,anger
"After thinking about it, I feel quite outraged about being ignored. That is my honest reaction.",anger
"After thinking about it, I feel incredibly gloomy about the failed plan. I can feel it strongly.",sadness
"I have to admit, I am frustrated because of the unnecessary delay. The feeling is difficult to ignore.",anger
"At this moment, It is hard to hide how adored I feel about the kindness I received. I can feel it strongly.",love
"I have to admit, It is hard to hide how joyful I feel about today's good news. I can feel it strongly.",joy
"At this moment, Honestly, the unexpected announcement makes me feel unexpectedly amazed. That is my honest reaction.",surprise
"At this moment, My mood is annoyed after the broken promise. It has stayed on my mind.",anger
"I have to admit, Thinking about the repeated mistake leaves me annoyed.",anger
"I have to admit, Thinking about the last-minute change leaves me unexpectedly amazed. I can feel it strongly.",surprise
Today I feel optimistic; it is connected to today's good news. That is my honest reaction.,joy
I am anxious because of the sudden noise. I can feel it strongly.,fear
"After thinking about it, I am frustrated because of being ignored. That is my honest reaction.",anger
"At this moment, Right now I am deeply amazed. That is my honest reaction.",surprise
"After thinking about it, Honestly, the surprise visitor makes me feel in disbelief. The feeling is difficult to ignore.",surprise
"After thinking about it, Today I feel heartbroken; it is connected to a lonely evening. The feeling is difficult to ignore.",sadness
"At this moment, The way I feel can only be described as outraged. The feeling is difficult to ignore.",anger
"I have to admit, Right now I am so fond.",love
"I have to admit, Today I feel fond; it is connected to my closest friend. I can feel it strongly.",love
"At this moment, Right now I am very afraid. I can feel it strongly.",fear
"At this moment, Honestly, my closest friend makes me feel fond. I can feel it strongly.",love
Today I feel devoted; it is connected to my closest friend. It has stayed on my mind.,love
"To be honest, It is hard to hide how down I feel about the difficult goodbye. That is my honest reaction.",sadness
"At this moment, It is hard to hide how amazed I feel about the unexpected announcement. That is my honest reaction.",surprise
"After thinking about it, It is hard to hide how affectionate I feel about my closest friend. That is my honest reaction.",love
"To be honest, The way I feel can only be described as astonished. I can feel it strongly.",surprise
Right now I am deeply fond. The feeling is difficult to ignore.,love
"I have to admit, Thinking about the wonderful celebration leaves me excited. I can feel it strongly.",joy
"At this moment, Today I feel fearful; it is connected to what might happen tomorrow.",fear
"To be honest, I feel genuinely mad about the unfair decision.",anger
I keep feeling frightened whenever I remember the uncertain situation. That is my honest reaction.,fear
"At this moment, The way I feel can only be described as tender. I can feel it strongly.",love
"At this moment, It is hard to hide how devoted I feel about the person I care about. I can feel it strongly.",love
"At this moment, My mood is speechless after the sudden gift. I can feel it strongly.",surprise
It is hard to hide how pleased I feel about the wonderful celebration. I can feel it strongly.,joy
"After thinking about it, Today I feel happy; it is connected to meeting my friends. It has stayed on my mind.",joy
"At this moment, I feel very frustrated about being ignored. I can feel it strongly.",anger
"After thinking about it, Today I feel down; it is connected to losing the opportunity. I can feel it strongly.",sadness
"At this moment, I keep feeling unhappy whenever I remember losing the opportunity.",sadness
"At this moment, Honestly, a lonely evening makes me feel down. I can feel it strongly.",sadness
"To be honest, The way I feel can only be described as optimistic. The feeling is difficult to ignore.",joy
"I have to admit, I keep feeling romantic whenever I remember the person I care about. The feeling is difficult to ignore.",love
"At this moment, My mood is unhappy after the difficult goodbye. It has stayed on my mind.",sadness
"At this moment, My mood is furious after being ignored. The feeling is difficult to ignore.",anger
I feel completely heartbroken about a lonely evening.,sadness
"After thinking about it, Honestly, my closest friend makes me feel close. It has stayed on my mind.",love
"To be honest, It is hard to hide how stunned I feel about the unexpected announcement. The feeling is difficult to ignore.",surprise
"To be honest, I feel truly delighted about my great result. That is my honest reaction.",joy
"I have to admit, It is hard to hide how gloomy I feel about the failed plan. It has stayed on my mind.",sadness
"I have to admit, I am stunned because of the surprise visitor. I can feel it strongly.",surprise
"I have to admit, My mood is caring after our time together.",love
"I have to admit, I feel genuinely anxious about what might happen tomorrow. I can feel it strongly.",fear
"To be honest, My mood is mad after the unfair decision. It has stayed on my mind.",anger
"I have to admit, Thinking about being ignored leaves me frustrated.",anger
"After thinking about it, Honestly, the unfair decision makes me feel resentful. That is my honest reaction.",anger
"At this moment, The way I feel can only be described as uneasy. It has stayed on my mind.",fear
"At this moment, My mood is enraged after being ignored. It has stayed on my mind.",anger
"I have to admit, It is hard to hide how disappointed I feel about losing the opportunity. The feeling is difficult to ignore.",sadness
I feel really startled about the unexpected announcement. I can feel it strongly.,surprise
"At this moment, Honestly, the unexpected announcement makes me feel surprised. The feeling is difficult to ignore.",surprise
"At this moment, I am fond because of a thoughtful message. The feeling is difficult to ignore.",love
Thinking about the sudden noise leaves me frightened. That is my honest reaction.,fear
"To be honest, It is hard to hide how irritated I feel about the rude response. The feeling is difficult to ignore.",anger
"Honestly, the broken promise makes me feel irritated. That is my honest reaction.",anger
I feel really happy about my great result. It has stayed on my mind.,joy
"To be honest, It is hard to hide how furious I feel about the unfair decision. It has stayed on my mind.",anger
"After thinking about it, Honestly, the sudden noise makes me feel nervous. That is my honest reaction.",fear
"To be honest, Right now I am genuinely speechless. The feeling is difficult to ignore.",surprise
"After thinking about it, My mood is miserable after the difficult goodbye. The feeling is difficult to ignore.",sadness
It is hard to hide how pleased I feel about the wonderful celebration. The feeling is difficult to ignore.,joy
I feel incredibly romantic about our time together. The feeling is difficult to ignore.,love
I am annoyed because of the rude response. It has stayed on my mind.,anger
"I have to admit, I feel really delighted about my great result. I can feel it strongly.",joy
"To be honest, I feel truly irritated about the broken promise. It has stayed on my mind.",anger
"I have to admit, I keep feeling disappointed whenever I remember missing my friends.",sadness
"To be honest, Today I feel enraged; it is connected to the rude response. It has stayed on my mind.",anger
"I have to admit, I feel really mad about the unnecessary delay. The feeling is difficult to ignore.",anger
"After thinking about it, Honestly, the risky journey makes me feel terrified. That is my honest reaction.",fear
It is hard to hide how tender I feel about my family. That is my honest reaction.,love
"Honestly, the shocking update makes me feel speechless. I can feel it strongly.",surprise
I am stunned because of the last-minute change. The feeling is difficult to ignore.,surprise
"At this moment, Honestly, the uncertain situation makes me feel scared. That is my honest reaction.",fear
"I have to admit, My mood is nervous after speaking in public. The feeling is difficult to ignore.",fear
I am heartbroken because of missing my friends. It has stayed on my mind.,sadness
"After thinking about it, Right now I am truly caring.",love
I keep feeling scared whenever I remember the sudden noise. The feeling is difficult to ignore.,fear
Thinking about a lonely evening leaves me lonely. The feeling is difficult to ignore.,sadness
Thinking about the new opportunity leaves me joyful. The feeling is difficult to ignore.,joy
"At this moment, Thinking about the unfair decision leaves me angry. That is my honest reaction.",anger
"I have to admit, I feel so in disbelief about the unexpected announcement. That is my honest reaction.",surprise
"Honestly, the unexpected announcement makes me feel amazed.",surprise
"After thinking about it, Today I feel annoyed; it is connected to the unnecessary delay.",anger
Thinking about the surprise visitor leaves me startled. I can feel it strongly.,surprise
Today I feel enraged; it is connected to being ignored.,anger
"After thinking about it, Honestly, the repeated mistake makes me feel resentful. I can feel it strongly.",anger
"After thinking about it, Today I feel taken aback; it is connected to the surprise visitor. I can feel it strongly.",surprise
"I have to admit, It is hard to hide how annoyed I feel about being ignored. It has stayed on my mind.",anger
"At this moment, Thinking about speaking in public leaves me scared. It has stayed on my mind.",fear
"Honestly, the new opportunity makes me feel optimistic. I can feel it strongly.",joy
"After thinking about it, My mood is tender after the person I care about.",love
"At this moment, I feel really joyful about the new opportunity. I can feel it strongly.",joy
"To be honest, It is hard to hide how stunned I feel about the last-minute change.",surprise
"To be honest, I keep feeling fond whenever I remember the kindness I received. I can feel it strongly.",love
"To be honest, I keep feeling devoted whenever I remember my family. That is my honest reaction.",love
My mood is taken aback after the last-minute change.,surprise
"I have to admit, I feel so surprised about the last-minute change. The feeling is difficult to ignore.",surprise
"I have to admit, I keep feeling unexpectedly amazed whenever I remember the surprise visitor. I can feel it strongly.",surprise
"After thinking about it, I keep feeling afraid whenever I remember the risky journey. The feeling is difficult to ignore.",fear
It is hard to hide how unhappy I feel about the failed plan. That is my honest reaction.,sadness
"To be honest, It is hard to hide how stunned I feel about the last-minute change. The feeling is difficult to ignore.",surprise
"After thinking about it, Thinking about being ignored leaves me cross. The feeling is difficult to ignore.",anger
"At this moment, Honestly, losing the opportunity makes me feel miserable. The feeling is difficult to ignore.",sadness
"I have to admit, Right now I am truly astonished. That is my honest reaction.",surprise
"To be honest, It is hard to hide how cheerful I feel about finishing the project. I can feel it strongly.",joy
"I have to admit, The way I feel can only be described as happy. The feeling is difficult to ignore.",joy
"At this moment, I am caring because of the kindness I received.",love
"At this moment, I am taken aback because of the last-minute change. It has stayed on my mind.",surprise
"At this moment, I keep feeling nervous whenever I remember the upcoming examination. The feeling is difficult to ignore.",fear
"After thinking about it, I keep feeling annoyed whenever I remember the repeated mistake. It has stayed on my mind.",anger
"At this moment, I am tearful because of missing my friends. It has stayed on my mind.",sadness
"I have to admit, Honestly, being ignored makes me feel furious.",anger
"I have to admit, The way I feel can only be described as speechless.",surprise
Today I feel unhappy; it is connected to a lonely evening. It has stayed on my mind.,sadness
It is hard to hide how joyful I feel about my great result. I can feel it strongly.,joy
"After thinking about it, My mood is close after a thoughtful message. That is my honest reaction.",love
"At this moment, My mood is resentful after the repeated mistake. That is my honest reaction.",anger
It is hard to hide how caring I feel about my closest friend. It has stayed on my mind.,love
"At this moment, My mood is close after our time together. The feeling is difficult to ignore.",love
"After thinking about it, Today I feel joyful; it is connected to meeting my friends. The feeling is difficult to ignore.",joy
"I have to admit, Right now I am deeply scared. The feeling is difficult to ignore.",fear
"At this moment, It is hard to hide how down I feel about the difficult goodbye. The feeling is difficult to ignore.",sadness
"To be honest, Right now I am incredibly speechless.",surprise
"After thinking about it, Today I feel delighted; it is connected to the new opportunity. That is my honest reaction.",joy
"After thinking about it, It is hard to hide how tender I feel about the kindness I received.",love
I keep feeling gloomy whenever I remember losing the opportunity.,sadness
"After thinking about it, Right now I am genuinely worried. The feeling is difficult to ignore.",fear
"After thinking about it, Today I feel afraid; it is connected to speaking in public. The feeling is difficult to ignore.",fear
"I have to admit, My mood is miserable after losing the opportunity.",sadness
My mood is tearful after the difficult goodbye.,sadness
"To be honest, The way I feel can only be described as lonely. I can feel it strongly.",sadness
"At this moment, Thinking about speaking in public leaves me panicked. That is my honest reaction.",fear
"I have to admit, Today I feel delighted; it is connected to finishing the project. That is my honest reaction.",joy
"At this moment, I am sad because of the disappointing news. The feeling is difficult to ignore.",sadness
"After thinking about it, Thinking about the unbelievable result leaves me unexpectedly amazed. The feeling is difficult to ignore.",surprise
"I have to admit, It is hard to hide how cross I feel about the repeated mistake. It has stayed on my mind.",anger
"At this moment, I keep feeling scared whenever I remember speaking in public.",fear
"At this moment, Right now I am really speechless.",surprise
"At this moment, Right now I am so loving. The feeling is difficult to ignore.",love
"At this moment, I feel completely adored about our time together.",love
My mood is taken aback after the sudden gift. That is my honest reaction.,surprise
"To be honest, Today I feel enraged; it is connected to the rude response. The feeling is difficult to ignore.",anger
"To be honest, The way I feel can only be described as cross. The feeling is difficult to ignore.",anger
I keep feeling frustrated whenever I remember being ignored. I can feel it strongly.,anger
"I have to admit, Thinking about the failed plan leaves me lonely. The feeling is difficult to ignore.",sadness
"To be honest, My mood is tearful after the failed plan.",sadness
"After thinking about it, Thinking about my family leaves me loving.",love
"After thinking about it, Right now I am genuinely caring. The feeling is difficult to ignore.",love
"After thinking about it, I keep feeling cross whenever I remember the rude response. The feeling is difficult to ignore.",anger
"At this moment, Honestly, the sudden gift makes me feel taken aback. The feeling is difficult to ignore.",surprise
"To be honest, Honestly, the unbelievable result makes me feel in disbelief. The feeling is difficult to ignore.",surprise
I feel very startled about the sudden gift.,surprise
"I have to admit, Today I feel surprised; it is connected to the shocking update.",surprise
"After thinking about it, I keep feeling wonderful whenever I remember today's good news. It has stayed on my mind.",joy
"To be honest, My mood is gloomy after a lonely evening. It has stayed on my mind.",sadness
"I have to admit, The way I feel can only be described as terrified.",fear
"At this moment, I feel truly in disbelief about the unbelievable result. The feeling is difficult to ignore.",surprise
"At this moment, The way I feel can only be described as loving.",love
"After thinking about it, Today I feel joyful; it is connected to finishing the project.",joy
"After thinking about it, Today I feel joyful; it is connected to the wonderful celebration. The feeling is difficult to ignore.",joy
Thinking about the last-minute change leaves me shocked. The feeling is difficult to ignore.,surprise
Right now I am completely annoyed. I can feel it strongly.,anger
"At this moment, Today I feel irritated; it is connected to being ignored.",anger
"After thinking about it, Thinking about my great result leaves me thrilled.",joy
My mood is irritated after the unfair decision.,anger
"At this moment, My mood is loving after my closest friend. I can feel it strongly.",love
"I have to admit, Today I feel speechless; it is connected to the sudden gift. That is my honest reaction.",surprise
"After thinking about it, Honestly, the sudden noise makes me feel terrified.",fear
"To be honest, I feel incredibly cross about being ignored. The feeling is difficult to ignore.",anger
"After thinking about it, I feel really cheerful about meeting my friends. The feeling is difficult to ignore.",joy
"To be honest, Today I feel close; it is connected to our time together. I can feel it strongly.",love
"After thinking about it, I feel quite lonely about the failed plan. I can feel it strongly.",sadness
"I have to admit, Thinking about my closest friend leaves me caring. The feeling is difficult to ignore.",love
"After thinking about it, Right now I am really frightened.",fear
"At this moment, I feel extremely pleased about today's good news. That is my honest reaction.",joy
"To be honest, I am joyful because of today's good news.",joy
"At this moment, Right now I am deeply taken aback.",surprise
"To be honest, My mood is taken aback after the last-minute change. That is my honest reaction.",surprise
Today I feel sad; it is connected to the difficult goodbye. The feeling is difficult to ignore.,sadness
"To be honest, My mood is worried after the risky journey. I can feel it strongly.",fear
"To be honest, I keep feeling down whenever I remember the failed plan. The feeling is difficult to ignore.",sadness
"To be honest, It is hard to hide how irritated I feel about the broken promise. That is my honest reaction.",anger
I am romantic because of a thoughtful message. It has stayed on my mind.,love
"At this moment, Thinking about the kindness I received leaves me devoted. The feeling is difficult to ignore.",love
"After thinking about it, I feel extremely in disbelief about the unbelievable result.",surprise
"At this moment, Right now I am deeply outraged. It has stayed on my mind.",anger
"To be honest, My mood is fearful after the sudden noise. The feeling is difficult to ignore.",fear
"I have to admit, Today I feel irritated; it is connected to the repeated mistake. It has stayed on my mind.",anger
"I have to admit, The way I feel can only be described as mad. The feeling is difficult to ignore.",anger
"After thinking about it, It is hard to hide how warm I feel about the kindness I received. The feeling is difficult to ignore.",love
"I have to admit, I keep feeling anxious whenever I remember what might happen tomorrow. The feeling is difficult to ignore.",fear
"After thinking about it, I am frustrated because of the rude response. The feeling is difficult to ignore.",anger
"At this moment, I keep feeling annoyed whenever I remember the repeated mistake. It has stayed on my mind.",anger
"To be honest, My mood is delighted after the wonderful celebration. That is my honest reaction.",joy
"After thinking about it, My mood is shocked after the shocking update. It has stayed on my mind.",surprise
"After thinking about it, My mood is unexpectedly amazed after the surprise visitor. It has stayed on my mind.",surprise
"I have to admit, Thinking about the unbelievable result leaves me stunned.",surprise
"After thinking about it, Honestly, meeting my friends makes me feel pleased. The feeling is difficult to ignore.",joy
"To be honest, I feel genuinely angry about the repeated mistake. I can feel it strongly.",anger
"After thinking about it, Thinking about the shocking update leaves me stunned. That is my honest reaction.",surprise
"After thinking about it, My mood is startled after the unbelievable result. That is my honest reaction.",surprise
I feel extremely sad about missing my friends. I can feel it strongly.,sadness
"To be honest, Honestly, the unfair decision makes me feel enraged. The feeling is difficult to ignore.",anger
Thinking about the uncertain situation leaves me nervous. That is my honest reaction.,fear
"At this moment, Thinking about the unexpected announcement leaves me astonished. I can feel it strongly.",surprise
Thinking about the broken promise leaves me outraged. It has stayed on my mind.,anger
I keep feeling devoted whenever I remember a thoughtful message.,love
"After thinking about it, The way I feel can only be described as irritated. I can feel it strongly.",anger
"After thinking about it, Right now I am truly frustrated. I can feel it strongly.",anger
"I have to admit, I keep feeling frightened whenever I remember speaking in public. That is my honest reaction.",fear
Right now I am genuinely romantic. I can feel it strongly.,love
"I have to admit, My mood is fond after the kindness I received. That is my honest reaction.",love
"After thinking about it, I am wonderful because of meeting my friends. The feeling is difficult to ignore.",joy
"At this moment, Today I feel annoyed; it is connected to the unnecessary delay. It has stayed on my mind.",anger
"To be honest, My mood is in disbelief after the unbelievable result. I can feel it strongly.",surprise
I feel very anxious about what might happen tomorrow.,fear
I am devoted because of the kindness I received. I can feel it strongly.,love
"At this moment, The way I feel can only be described as startled.",surprise
"To be honest, My mood is startled after the last-minute change. The feeling is difficult to ignore.",surprise
"After thinking about it, I am uneasy because of the uncertain situation. That is my honest reaction.",fear
"I have to admit, Honestly, my great result makes me feel happy. It has stayed on my mind.",joy
It is hard to hide how fond I feel about our time together. It has stayed on my mind.,love
"After thinking about it, It is hard to hide how angry I feel about the unnecessary delay. It has stayed on my mind.",anger
"To be honest, It is hard to hide how anxious I feel about the risky journey. I can feel it strongly.",fear
Right now I am deeply gloomy.,sadness
"I have to admit, I keep feeling close whenever I remember my family. I can feel it strongly.",love
"I have to admit, I feel so unhappy about the difficult goodbye.",sadness
"After thinking about it, Honestly, the unnecessary delay makes me feel irritated. The feeling is difficult to ignore.",anger
"I have to admit, My mood is joyful after today's good news. The feeling is difficult to ignore.",joy
"I have to admit, My mood is disappointed after losing the opportunity. I can feel it strongly.",sadness
"To be honest, Right now I am quite tender. That is my honest reaction.",love
"To be honest, My mood is miserable after the difficult goodbye. It has stayed on my mind.",sadness
"I have to admit, Right now I am really delighted. That is my honest reaction.",joy
I keep feeling worried whenever I remember speaking in public. I can feel it strongly.,fear
"To be honest, Today I feel down; it is connected to the disappointing news. The feeling is difficult to ignore.",sadness
"To be honest, I keep feeling astonished whenever I remember the surprise visitor. It has stayed on my mind.",surprise
"I have to admit, I keep feeling worried whenever I remember speaking in public. The feeling is difficult to ignore.",fear
I am sad because of losing the opportunity. The feeling is difficult to ignore.,sadness
"At this moment, I am fond because of the kindness I received. It has stayed on my mind.",love
"I have to admit, My mood is grateful after meeting my friends.",joy
"At this moment, I feel genuinely worried about speaking in public.",fear
"To be honest, Thinking about the broken promise leaves me frustrated.",anger
It is hard to hide how annoyed I feel about the unnecessary delay. That is my honest reaction.,anger
I am optimistic because of my great result.,joy
"I have to admit, I am stunned because of the unbelievable result. It has stayed on my mind.",surprise
"After thinking about it, I feel so frustrated about the unnecessary delay. The feeling is difficult to ignore.",anger
"After thinking about it, I am wonderful because of finishing the project. It has stayed on my mind.",joy
"At this moment, I am optimistic because of the wonderful celebration. It has stayed on my mind.",joy
"After thinking about it, My mood is unexpectedly amazed after the surprise visitor.",surprise
"At this moment, Today I feel adored; it is connected to the person I care about. I can feel it strongly.",love
"I have to admit, It is hard to hide how lonely I feel about a lonely evening. I can feel it strongly.",sadness
"To be honest, Right now I am deeply worried. I can feel it strongly.",fear
I feel genuinely down about the disappointing news. The feeling is difficult to ignore.,sadness
"I have to admit, Right now I am incredibly angry. That is my honest reaction.",anger
Right now I am quite frightened. The feeling is difficult to ignore.,fear
"After thinking about it, I am loving because of a thoughtful message.",love
"To be honest, It is hard to hide how excited I feel about finishing the project. It has stayed on my mind.",joy
"To be honest, Today I feel terrified; it is connected to the uncertain situation. That is my honest reaction.",fear
My mood is mad after the rude response. It has stayed on my mind.,anger
The way I feel can only be described as angry. I can feel it strongly.,anger
"I have to admit, I feel so grateful about the wonderful celebration. That is my honest reaction.",joy
"After thinking about it, I am thrilled because of my great result. It has stayed on my mind.",joy
"After thinking about it, I feel deeply devoted about my family. It has stayed on my mind.",love
"At this moment, Right now I am very resentful. I can feel it strongly.",anger
It is hard to hide how happy I feel about meeting my friends. The feeling is difficult to ignore.,joy
"At this moment, The way I feel can only be described as astonished. It has stayed on my mind.",surprise
"I have to admit, I feel truly irritated about the unfair decision. It has stayed on my mind.",anger
"At this moment, Right now I am deeply afraid. I can feel it strongly.",fear
"At this moment, I am shocked because of the unbelievable result. I can feel it strongly.",surprise
"At this moment, I feel so scared about the sudden noise. It has stayed on my mind.",fear
"I have to admit, Right now I am very optimistic. I can feel it strongly.",joy
"I have to admit, I feel genuinely adored about our time together. I can feel it strongly.",love
"At this moment, I feel completely affectionate about my family. That is my honest reaction.",love
"After thinking about it, My mood is shocked after the last-minute change. That is my honest reaction.",surprise
Right now I am so devoted. I can feel it strongly.,love
Right now I am quite anxious. I can feel it strongly.,fear
"To be honest, Honestly, a thoughtful message makes me feel caring. I can feel it strongly.",love
"At this moment, Right now I am very adored. The feeling is difficult to ignore.",love
"After thinking about it, My mood is resentful after the unnecessary delay. The feeling is difficult to ignore.",anger
"I have to admit, It is hard to hide how angry I feel about being ignored.",anger
"At this moment, Today I feel outraged; it is connected to the broken promise. It has stayed on my mind.",anger
"To be honest, I keep feeling frightened whenever I remember speaking in public. I can feel it strongly.",fear
"I have to admit, It is hard to hide how nervous I feel about the uncertain situation. I can feel it strongly.",fear
"At this moment, Right now I am very tearful.",sadness
"I have to admit, I keep feeling shocked whenever I remember the shocking update.",surprise
"I have to admit, The way I feel can only be described as stunned. That is my honest reaction.",surprise
"I have to admit, It is hard to hide how thrilled I feel about the new opportunity. The feeling is difficult to ignore.",joy
"At this moment, Right now I am completely excited. I can feel it strongly.",joy
"I have to admit, Today I feel mad; it is connected to the repeated mistake.",anger
"At this moment, My mood is fearful after the upcoming examination. It has stayed on my mind.",fear
I am resentful because of the unnecessary delay. It has stayed on my mind.,anger
"After thinking about it, The way I feel can only be described as startled. That is my honest reaction.",surprise
"At this moment, I keep feeling cross whenever I remember the unfair decision. It has stayed on my mind.",anger
"At this moment, I feel genuinely startled about the unexpected announcement. The feeling is difficult to ignore.",surprise
"I have to admit, My mood is stunned after the last-minute change. The feeling is difficult to ignore.",surprise
"To be honest, It is hard to hide how unhappy I feel about losing the opportunity. It has stayed on my mind.",sadness
Thinking about the uncertain situation leaves me scared. I can feel it strongly.,fear
"After thinking about it, It is hard to hide how furious I feel about being ignored. The feeling is difficult to ignore.",anger
"After thinking about it, My mood is loving after the person I care about. It has stayed on my mind.",love
"At this moment, Right now I am deeply startled. I can feel it strongly.",surprise
"I have to admit, I am sad because of the disappointing news. I can feel it strongly.",sadness
"I have to admit, Today I feel outraged; it is connected to being ignored. That is my honest reaction.",anger
"To be honest, My mood is fond after a thoughtful message. The feeling is difficult to ignore.",love
"At this moment, My mood is taken aback after the surprise visitor. The feeling is difficult to ignore.",surprise
"I have to admit, Thinking about my closest friend leaves me loving. I can feel it strongly.",love
"I have to admit, Right now I am quite nervous. That is my honest reaction.",fear
"To be honest, The way I feel can only be described as close.",love
"Honestly, my closest friend makes me feel affectionate. I can feel it strongly.",love
"At this moment, I keep feeling resentful whenever I remember the broken promise. It has stayed on my mind.",anger
"To be honest, It is hard to hide how in disbelief I feel about the unexpected announcement. It has stayed on my mind.",surprise
"At this moment, The way I feel can only be described as startled. The feeling is difficult to ignore.",surprise
"I have to admit, I am resentful because of the broken promise. I can feel it strongly.",anger
Thinking about the sudden noise leaves me anxious. That is my honest reaction.,fear
"After thinking about it, I am disappointed because of losing the opportunity. It has stayed on my mind.",sadness
"I have to admit, The way I feel can only be described as affectionate.",love
"To be honest, Today I feel irritated; it is connected to the rude response. It has stayed on my mind.",anger
"I have to admit, I keep feeling heartbroken whenever I remember a lonely evening. I can feel it strongly.",sadness
"After thinking about it, It is hard to hide how unexpectedly amazed I feel about the last-minute change.",surprise
"I have to admit, Right now I am completely disappointed. That is my honest reaction.",sadness
"At this moment, I feel deeply frightened about what might happen tomorrow. That is my honest reaction.",fear
"At this moment, Right now I am genuinely annoyed. The feeling is difficult to ignore.",anger
"At this moment, Honestly, my great result makes me feel excited. I can feel it strongly.",joy
The way I feel can only be described as outraged. It has stayed on my mind.,anger
"To be honest, It is hard to hide how lonely I feel about the failed plan. The feeling is difficult to ignore.",sadness
"After thinking about it, Thinking about what might happen tomorrow leaves me nervous. The feeling is difficult to ignore.",fear
"After thinking about it, My mood is fond after a thoughtful message. The feeling is difficult to ignore.",love
"After thinking about it, Honestly, the shocking update makes me feel stunned. The feeling is difficult to ignore.",surprise
"To be honest, Thinking about my closest friend leaves me affectionate. The feeling is difficult to ignore.",love
"To be honest, Thinking about the unexpected announcement leaves me surprised. The feeling is difficult to ignore.",surprise
"I have to admit, Today I feel resentful; it is connected to the broken promise. I can feel it strongly.",anger
"After thinking about it, It is hard to hide how caring I feel about a thoughtful message.",love
"To be honest, Right now I am incredibly scared. I can feel it strongly.",fear
"To be honest, Thinking about my family leaves me affectionate. It has stayed on my mind.",love
"After thinking about it, The way I feel can only be described as speechless. That is my honest reaction.",surprise
"Honestly, the unexpected announcement makes me feel speechless. I can feel it strongly.",surprise
"To be honest, Honestly, my family makes me feel loving. It has stayed on my mind.",love
"I have to admit, It is hard to hide how tender I feel about a thoughtful message. I can feel it strongly.",love
"I have to admit, It is hard to hide how nervous I feel about the risky journey. I can feel it strongly.",fear
It is hard to hide how adored I feel about my closest friend.,love
"Honestly, my great result makes me feel thrilled. That is my honest reaction.",joy
"I have to admit, I keep feeling caring whenever I remember a thoughtful message. The feeling is difficult to ignore.",love
"To be honest, My mood is down after the difficult goodbye. It has stayed on my mind.",sadness
"I have to admit, Thinking about the unnecessary delay leaves me annoyed. That is my honest reaction.",anger
"At this moment, Thinking about the shocking update leaves me speechless.",surprise
"After thinking about it, Thinking about the repeated mistake leaves me outraged. The feeling is difficult to ignore.",anger
"At this moment, The way I feel can only be described as fond. That is my honest reaction.",love
Thinking about the broken promise leaves me outraged. That is my honest reaction.,anger
Today I feel speechless; it is connected to the shocking update. I can feel it strongly.,surprise
"To be honest, Today I feel amazed; it is connected to the shocking update. It has stayed on my mind.",surprise
Thinking about the wonderful celebration leaves me cheerful. The feeling is difficult to ignore.,joy
"At this moment, It is hard to hide how excited I feel about today's good news. The feeling is difficult to ignore.",joy
"After thinking about it, Thinking about what might happen tomorrow leaves me panicked. The feeling is difficult to ignore.",fear
"I have to admit, My mood is excited after finishing the project. The feeling is difficult to ignore.",joy
"To be honest, My mood is angry after the rude response. I can feel it strongly.",anger
"After thinking about it, The way I feel can only be described as happy. It has stayed on my mind.",joy
"I have to admit, I feel quite cheerful about meeting my friends. It has stayed on my mind.",joy
"After thinking about it, Honestly, the sudden gift makes me feel unexpectedly amazed. It has stayed on my mind.",surprise
"After thinking about it, Thinking about the uncertain situation leaves me worried. That is my honest reaction.",fear
I am affectionate because of my closest friend. That is my honest reaction.,love
"To be honest, I feel extremely shocked about the surprise visitor. That is my honest reaction.",surprise
"After thinking about it, I feel incredibly outraged about the repeated mistake. I can feel it strongly.",anger
I keep feeling annoyed whenever I remember the unnecessary delay. I can feel it strongly.,anger
"I have to admit, Thinking about a thoughtful message leaves me loving.",love
"I have to admit, Honestly, the broken promise makes me feel enraged. The feeling is difficult to ignore.",anger
"After thinking about it, I keep feeling startled whenever I remember the shocking update. The feeling is difficult to ignore.",surprise
I am in disbelief because of the last-minute change.,surprise
"To be honest, It is hard to hide how caring I feel about the person I care about.",love
"At this moment, Right now I am deeply startled.",surprise
I keep feeling pleased whenever I remember the new opportunity. That is my honest reaction.,joy
"After thinking about it, Thinking about what might happen tomorrow leaves me frightened. I can feel it strongly.",fear
"At this moment, I feel genuinely shocked about the unexpected announcement. That is my honest reaction.",surprise
"To be honest, Thinking about the shocking update leaves me speechless. It has stayed on my mind.",surprise
"At this moment, Thinking about a thoughtful message leaves me adored. That is my honest reaction.",love
"To be honest, I feel truly stunned about the last-minute change.",surprise
"Honestly, the person I care about makes me feel devoted. That is my honest reaction.",love
"After thinking about it, I am annoyed because of the broken promise. The feeling is difficult to ignore.",anger
"After thinking about it, Right now I am really unhappy.",sadness
"I have to admit, Honestly, the kindness I received makes me feel loving. The feeling is difficult to ignore.",love
"At this moment, Honestly, my closest friend makes me feel close. That is my honest reaction.",love
"After thinking about it, It is hard to hide how worried I feel about the sudden noise. It has stayed on my mind.",fear
"At this moment, Right now I am completely disappointed.",sadness
"I have to admit, It is hard to hide how romantic I feel about the kindness I received. That is my honest reaction.",love
"At this moment, Today I feel scared; it is connected to what might happen tomorrow.",fear
"At this moment, The way I feel can only be described as joyful. I can feel it strongly.",joy
"After thinking about it, Thinking about finishing the project leaves me optimistic.",joy
"I have to admit, I feel truly afraid about the uncertain situation. The feeling is difficult to ignore.",fear
It is hard to hide how down I feel about a lonely evening.,sadness
"To be honest, The way I feel can only be described as uneasy. The feeling is difficult to ignore.",fear
"At this moment, I feel extremely surprised about the shocking update. It has stayed on my mind.",surprise
"To be honest, Honestly, a lonely evening makes me feel down. It has stayed on my mind.",sadness
Right now I am really frustrated. The feeling is difficult to ignore.,anger
"To be honest, It is hard to hide how outraged I feel about the unfair decision. The feeling is difficult to ignore.",anger
"To be honest, Today I feel tender; it is connected to our time together. I can feel it strongly.",love
I am down because of a lonely evening. That is my honest reaction.,sadness
"I have to admit, Right now I am quite wonderful. It has stayed on my mind.",joy
"At this moment, Today I feel resentful; it is connected to the broken promise. The feeling is difficult to ignore.",anger
"After thinking about it, I keep feeling resentful whenever I remember the unfair decision. I can feel it strongly.",anger
My mood is nervous after the upcoming examination. I can feel it strongly.,fear
"I have to admit, My mood is frightened after the risky journey. I can feel it strongly.",fear
Today I feel lonely; it is connected to losing the opportunity. That is my honest reaction.,sadness
"To be honest, The way I feel can only be described as surprised. The feeling is difficult to ignore.",surprise
"At this moment, The way I feel can only be described as sorrowful. That is my honest reaction.",sadness
"At this moment, My mood is caring after a thoughtful message. It has stayed on my mind.",love
"After thinking about it, I keep feeling cheerful whenever I remember today's good news. I can feel it strongly.",joy
"I have to admit, The way I feel can only be described as resentful.",anger
"I have to admit, My mood is startled after the shocking update. That is my honest reaction.",surprise
"At this moment, I keep feeling enraged whenever I remember the repeated mistake. I can feel it strongly.",anger
"At this moment, Thinking about the sudden noise leaves me terrified. It has stayed on my mind.",fear
"I have to admit, Today I feel devoted; it is connected to our time together. The feeling is difficult to ignore.",love
"At this moment, I am sorrowful because of missing my friends. I can feel it strongly.",sadness
"At this moment, Right now I am very thrilled. It has stayed on my mind.",joy
"I have to admit, Today I feel miserable; it is connected to missing my friends. That is my honest reaction.",sadness
It is hard to hide how pleased I feel about finishing the project. The feeling is difficult to ignore.,joy
"After thinking about it, It is hard to hide how surprised I feel about the sudden gift. The feeling is difficult to ignore.",surprise
"I have to admit, I keep feeling cross whenever I remember the broken promise. I can feel it strongly.",anger
Right now I am really down. The feeling is difficult to ignore.,sadness
"To be honest, I am gloomy because of a lonely evening. It has stayed on my mind.",sadness
"To be honest, I keep feeling sad whenever I remember the failed plan. That is my honest reaction.",sadness
"I have to admit, I feel so annoyed about the broken promise. That is my honest reaction.",anger
"I have to admit, I am grateful because of the new opportunity. That is my honest reaction.",joy
"To be honest, It is hard to hide how enraged I feel about the unfair decision. The feeling is difficult to ignore.",anger
I feel completely cheerful about today's good news. I can feel it strongly.,joy
"After thinking about it, Right now I am very taken aback. I can feel it strongly.",surprise
The way I feel can only be described as miserable.,sadness
The way I feel can only be described as panicked. It has stayed on my mind.,fear
"To be honest, I am uneasy because of speaking in public. The feeling is difficult to ignore.",fear
"To be honest, Today I feel close; it is connected to my closest friend. The feeling is difficult to ignore.",love
"After thinking about it, Thinking about what might happen tomorrow leaves me fearful. That is my honest reaction.",fear
"To be honest, I keep feeling worried whenever I remember speaking in public.",fear
"At this moment, My mood is afraid after the upcoming examination. That is my honest reaction.",fear
"I have to admit, My mood is stunned after the surprise visitor. I can feel it strongly.",surprise
"After thinking about it, My mood is uneasy after the uncertain situation.",fear
Thinking about the last-minute change leaves me in disbelief. That is my honest reaction.,surprise
It is hard to hide how panicked I feel about what might happen tomorrow. I can feel it strongly.,fear
"At this moment, Today I feel worried; it is connected to the risky journey. I can feel it strongly.",fear
"After thinking about it, Thinking about speaking in public leaves me terrified. It has stayed on my mind.",fear
I am anxious because of the risky journey. The feeling is difficult to ignore.,fear
"After thinking about it, Honestly, my closest friend makes me feel loving.",love
It is hard to hide how close I feel about my family. It has stayed on my mind.,love
"At this moment, I am in disbelief because of the surprise visitor. It has stayed on my mind.",surprise
It is hard to hide how anxious I feel about the uncertain situation. It has stayed on my mind.,fear
"To be honest, The way I feel can only be described as enraged.",anger
"To be honest, Honestly, the rude response makes me feel frustrated.",anger
"At this moment, Honestly, the last-minute change makes me feel unexpectedly amazed. It has stayed on my mind.",surprise
It is hard to hide how frightened I feel about speaking in public. It has stayed on my mind.,fear
Thinking about the unfair decision leaves me cross. The feeling is difficult to ignore.,anger
"After thinking about it, My mood is devoted after our time together. I can feel it strongly.",love
It is hard to hide how terrified I feel about the upcoming examination.,fear
"I have to admit, I feel deeply thrilled about my great result. The feeling is difficult to ignore.",joy
"I have to admit, Today I feel worried; it is connected to the uncertain situation. That is my honest reaction.",fear
"To be honest, Honestly, the repeated mistake makes me feel irritated. I can feel it strongly.",anger
"At this moment, I feel extremely grateful about the wonderful celebration. That is my honest reaction.",joy
"To be honest, I am warm because of my family. I can feel it strongly.",love
"After thinking about it, I keep feeling warm whenever I remember a thoughtful message.",love
Thinking about what might happen tomorrow leaves me nervous. The feeling is difficult to ignore.,fear
"I have to admit, Honestly, the wonderful celebration makes me feel cheerful. That is my honest reaction.",joy
"I have to admit, I keep feeling shocked whenever I remember the unexpected announcement. I can feel it strongly.",surprise
"I have to admit, Thinking about the sudden noise leaves me afraid.",fear
"To be honest, Honestly, the repeated mistake makes me feel cross. I can feel it strongly.",anger
"I have to admit, Right now I am so happy. It has stayed on my mind.",joy
"I have to admit, Right now I am truly warm. The feeling is difficult to ignore.",love
"After thinking about it, My mood is delighted after finishing the project. I can feel it strongly.",joy
"I have to admit, My mood is heartbroken after a lonely evening. I can feel it strongly.",sadness
"At this moment, I keep feeling shocked whenever I remember the unbelievable result.",surprise
"At this moment, It is hard to hide how angry I feel about the unfair decision. I can feel it strongly.",anger
"At this moment, I keep feeling warm whenever I remember the person I care about. The feeling is difficult to ignore.",love
"After thinking about it, I am astonished because of the sudden gift.",surprise
"At this moment, The way I feel can only be described as annoyed. It has stayed on my mind.",anger
"After thinking about it, Today I feel annoyed; it is connected to the rude response.",anger
"After thinking about it, My mood is speechless after the surprise visitor.",surprise
"After thinking about it, The way I feel can only be described as sad. I can feel it strongly.",sadness
"I have to admit, I keep feeling grateful whenever I remember the wonderful celebration. I can feel it strongly.",joy
"At this moment, I am amazed because of the sudden gift. I can feel it strongly.",surprise
"To be honest, Honestly, missing my friends makes me feel heartbroken.",sadness
"After thinking about it, My mood is devoted after the kindness I received.",love
"I have to admit, Right now I am genuinely sad. That is my honest reaction.",sadness
Thinking about the failed plan leaves me disappointed. That is my honest reaction.,sadness
"I have to admit, Honestly, the difficult goodbye makes me feel tearful. It has stayed on my mind.",sadness
"I have to admit, Today I feel uneasy; it is connected to the uncertain situation. That is my honest reaction.",fear
"At this moment, My mood is grateful after today's good news. The feeling is difficult to ignore.",joy
"After thinking about it, The way I feel can only be described as fond. It has stayed on my mind.",love
"After thinking about it, I feel very shocked about the shocking update. I can feel it strongly.",surprise
"After thinking about it, Honestly, a lonely evening makes me feel sad. I can feel it strongly.",sadness
"I have to admit, Right now I am extremely delighted.",joy
"To be honest, The way I feel can only be described as affectionate.",love
"After thinking about it, I keep feeling romantic whenever I remember my family. It has stayed on my mind.",love
"After thinking about it, I keep feeling adored whenever I remember my closest friend. I can feel it strongly.",love
"At this moment, Right now I am completely frightened.",fear
"At this moment, It is hard to hide how worried I feel about the uncertain situation. That is my honest reaction.",fear
"After thinking about it, It is hard to hide how unhappy I feel about losing the opportunity. The feeling is difficult to ignore.",sadness
"After thinking about it, Thinking about the person I care about leaves me tender. The feeling is difficult to ignore.",love
"I have to admit, Honestly, the broken promise makes me feel frustrated.",anger
"After thinking about it, I keep feeling sad whenever I remember the disappointing news. That is my honest reaction.",sadness
Thinking about the unfair decision leaves me resentful. I can feel it strongly.,anger
"After thinking about it, I am delighted because of the new opportunity. It has stayed on my mind.",joy
Right now I am so optimistic.,joy
"At this moment, Right now I am genuinely warm. That is my honest reaction.",love
"After thinking about it, Thinking about the last-minute change leaves me shocked. I can feel it strongly.",surprise
I feel truly caring about a thoughtful message. The feeling is difficult to ignore.,love
"To be honest, I feel extremely cross about the repeated mistake. I can feel it strongly.",anger
I am grateful because of finishing the project. I can feel it strongly.,joy
"After thinking about it, Thinking about my closest friend leaves me loving. The feeling is difficult to ignore.",love
"I have to admit, It is hard to hide how uneasy I feel about what might happen tomorrow. That is my honest reaction.",fear
"I have to admit, Right now I am deeply unhappy. That is my honest reaction.",sadness
I keep feeling thrilled whenever I remember my great result. That is my honest reaction.,joy
"After thinking about it, Thinking about the last-minute change leaves me shocked. The feeling is difficult to ignore.",surprise
"Honestly, meeting my friends makes me feel joyful. The feeling is difficult to ignore.",joy
Thinking about the last-minute change leaves me astonished.,surprise
"At this moment, I am frightened because of speaking in public. That is my honest reaction.",fear
It is hard to hide how scared I feel about speaking in public. That is my honest reaction.,fear
"After thinking about it, I feel really joyful about my great result. I can feel it strongly.",joy
"To be honest, My mood is gloomy after missing my friends. That is my honest reaction.",sadness
"At this moment, Thinking about the person I care about leaves me fond. That is my honest reaction.",love
"To be honest, Today I feel terrified; it is connected to the uncertain situation.",fear
"After thinking about it, Right now I am deeply gloomy. The feeling is difficult to ignore.",sadness
I am adored because of the person I care about.,love
"I have to admit, Thinking about meeting my friends leaves me wonderful. The feeling is difficult to ignore.",joy
"Honestly, my family makes me feel affectionate. I can feel it strongly.",love
"At this moment, Right now I am so angry. It has stayed on my mind.",anger
"After thinking about it, I keep feeling affectionate whenever I remember the kindness I received. I can feel it strongly.",love
"At this moment, I keep feeling terrified whenever I remember the upcoming examination. The feeling is difficult to ignore.",fear
Right now I am truly pleased. It has stayed on my mind.,joy
"At this moment, My mood is cross after the unnecessary delay. The feeling is difficult to ignore.",anger
"After thinking about it, I keep feeling thrilled whenever I remember meeting my friends. It has stayed on my mind.",joy
"To be honest, Today I feel irritated; it is connected to the broken promise. It has stayed on my mind.",anger
"I have to admit, I am sad because of the disappointing news. That is my honest reaction.",sadness
It is hard to hide how in disbelief I feel about the unbelievable result. It has stayed on my mind.,surprise
Today I feel terrified; it is connected to the upcoming examination. It has stayed on my mind.,fear
"After thinking about it, Today I feel frightened; it is connected to the uncertain situation. That is my honest reaction.",fear
"At this moment, I keep feeling heartbroken whenever I remember the failed plan. I can feel it strongly.",sadness
"At this moment, Thinking about a thoughtful message leaves me close.",love
"To be honest, I am worried because of the risky journey. It has stayed on my mind.",fear
"At this moment, Honestly, the unfair decision makes me feel cross.",anger
"I have to admit, My mood is stunned after the unexpected announcement. The feeling is difficult to ignore.",surprise
Thinking about the unfair decision leaves me furious. That is my honest reaction.,anger
"To be honest, It is hard to hide how terrified I feel about the risky journey.",fear
"At this moment, I feel really fond about my closest friend. I can feel it strongly.",love
"After thinking about it, I feel genuinely warm about my closest friend.",love
"After thinking about it, It is hard to hide how disappointed I feel about missing my friends.",sadness
"At this moment, I keep feeling warm whenever I remember the person I care about. It has stayed on my mind.",love
"At this moment, I keep feeling enraged whenever I remember being ignored. It has stayed on my mind.",anger
"At this moment, Today I feel adored; it is connected to the kindness I received. I can feel it strongly.",love
"To be honest, I feel quite delighted about the new opportunity. It has stayed on my mind.",joy
"Honestly, my closest friend makes me feel tender.",love
"At this moment, I keep feeling thrilled whenever I remember finishing the project. The feeling is difficult to ignore.",joy
"I have to admit, My mood is happy after today's good news. I can feel it strongly.",joy
"I have to admit, My mood is down after a lonely evening. I can feel it strongly.",sadness
"At this moment, I keep feeling pleased whenever I remember my great result. That is my honest reaction.",joy
"At this moment, It is hard to hide how furious I feel about the repeated mistake. That is my honest reaction.",anger
"To be honest, My mood is shocked after the unbelievable result. The feeling is difficult to ignore.",surprise
"To be honest, Honestly, a thoughtful message makes me feel romantic. The feeling is difficult to ignore.",love
"After thinking about it, Honestly, the kindness I received makes me feel caring. It has stayed on my mind.",love
"At this moment, I keep feeling afraid whenever I remember speaking in public.",fear
I feel really fearful about the sudden noise. That is my honest reaction.,fear
"At this moment, My mood is grateful after my great result. It has stayed on my mind.",joy
"To be honest, Honestly, missing my friends makes me feel lonely.",sadness
"After thinking about it, It is hard to hide how frustrated I feel about the unnecessary delay. That is my honest reaction.",anger
"Honestly, a lonely evening makes me feel heartbroken.",sadness
"I have to admit, Thinking about today's good news leaves me grateful.",joy
"After thinking about it, I keep feeling angry whenever I remember the broken promise. That is my honest reaction.",anger
"After thinking about it, It is hard to hide how joyful I feel about today's good news.",joy
Right now I am very frustrated. I can feel it strongly.,anger
I keep feeling frightened whenever I remember what might happen tomorrow. That is my honest reaction.,fear
"To be honest, I keep feeling warm whenever I remember my family.",love
"At this moment, My mood is unexpectedly amazed after the unbelievable result. That is my honest reaction.",surprise
"Honestly, my family makes me feel caring. The feeling is difficult to ignore.",love
It is hard to hide how optimistic I feel about finishing the project. It has stayed on my mind.,joy
"To be honest, Honestly, the repeated mistake makes me feel frustrated.",anger
"At this moment, I feel extremely miserable about missing my friends. It has stayed on my mind.",sadness
"I have to admit, Honestly, the risky journey makes me feel uneasy. The feeling is difficult to ignore.",fear
"At this moment, My mood is annoyed after the broken promise. The feeling is difficult to ignore.",anger
"At this moment, Thinking about the difficult goodbye leaves me down.",sadness
"To be honest, Today I feel close; it is connected to my closest friend.",love
Right now I am quite gloomy.,sadness
"After thinking about it, Today I feel nervous; it is connected to the uncertain situation. That is my honest reaction.",fear
"At this moment, Today I feel pleased; it is connected to my great result. I can feel it strongly.",joy
"To be honest, Honestly, the risky journey makes me feel afraid. It has stayed on my mind.",fear
"At this moment, The way I feel can only be described as anxious. The feeling is difficult to ignore.",fear
"After thinking about it, Today I feel tearful; it is connected to losing the opportunity.",sadness
"To be honest, It is hard to hide how irritated I feel about being ignored.",anger
"At this moment, I feel genuinely frightened about the sudden noise. I can feel it strongly.",fear
"I have to admit, I am down because of the difficult goodbye. The feeling is difficult to ignore.",sadness
"To be honest, I am optimistic because of finishing the project. The feeling is difficult to ignore.",joy
"To be honest, Today I feel down; it is connected to missing my friends.",sadness
"To be honest, Today I feel terrified; it is connected to the uncertain situation. I can feel it strongly.",fear
"At this moment, Today I feel devoted; it is connected to my closest friend. It has stayed on my mind.",love
"At this moment, It is hard to hide how worried I feel about the risky journey. That is my honest reaction.",fear
"After thinking about it, It is hard to hide how scared I feel about the sudden noise.",fear
"To be honest, Thinking about my family leaves me tender. I can feel it strongly.",love
Thinking about missing my friends leaves me disappointed. The feeling is difficult to ignore.,sadness
"At this moment, It is hard to hide how heartbroken I feel about a lonely evening. It has stayed on my mind.",sadness
"I have to admit, I keep feeling grateful whenever I remember meeting my friends.",joy
"At this moment, I keep feeling tearful whenever I remember losing the opportunity. The feeling is difficult to ignore.",sadness
"To be honest, I keep feeling loving whenever I remember my family.",love
"I have to admit, My mood is panicked after the sudden noise. The feeling is difficult to ignore.",fear
I keep feeling angry whenever I remember the rude response. It has stayed on my mind.,anger
"I have to admit, The way I feel can only be described as shocked. I can feel it strongly.",surprise
"After thinking about it, It is hard to hide how romantic I feel about the kindness I received. That is my honest reaction.",love
"I have to admit, I keep feeling heartbroken whenever I remember missing my friends. I can feel it strongly.",sadness
I keep feeling grateful whenever I remember my great result. I can feel it strongly.,joy
I feel incredibly grateful about my great result.,joy
"I have to admit, I feel so enraged about the broken promise. It has stayed on my mind.",anger
"I have to admit, Thinking about the unbelievable result leaves me unexpectedly amazed. It has stayed on my mind.",surprise
"After thinking about it, Right now I am quite angry.",anger
Thinking about the uncertain situation leaves me nervous. I can feel it strongly.,fear
I keep feeling close whenever I remember my closest friend. That is my honest reaction.,love
I feel quite frustrated about being ignored.,anger
"After thinking about it, Today I feel scared; it is connected to the upcoming examination. It has stayed on my mind.",fear
"To be honest, I feel quite unexpectedly amazed about the shocking update. I can feel it strongly.",surprise
I feel deeply taken aback about the unbelievable result. The feeling is difficult to ignore.,surprise
"I have to admit, Right now I am incredibly thrilled. The feeling is difficult to ignore.",joy
"I have to admit, I am in disbelief because of the unbelievable result. I can feel it strongly.",surprise
"I have to admit, Thinking about the new opportunity leaves me pleased. That is my honest reaction.",joy
"After thinking about it, It is hard to hide how optimistic I feel about the new opportunity. It has stayed on my mind.",joy
"I have to admit, It is hard to hide how terrified I feel about the upcoming examination.",fear
"To be honest, Right now I am so joyful. That is my honest reaction.",joy
I feel very miserable about the disappointing news. The feeling is difficult to ignore.,sadness
Today I feel startled; it is connected to the unexpected announcement. It has stayed on my mind.,surprise
"To be honest, My mood is wonderful after the new opportunity.",joy
"At this moment, Honestly, speaking in public makes me feel terrified. I can feel it strongly.",fear
"After thinking about it, Honestly, speaking in public makes me feel panicked. That is my honest reaction.",fear
"I have to admit, I keep feeling lonely whenever I remember a lonely evening. The feeling is difficult to ignore.",sadness
"To be honest, I feel really angry about the repeated mistake. I can feel it strongly.",anger
"To be honest, My mood is in disbelief after the unbelievable result.",surprise
The way I feel can only be described as close. That is my honest reaction.,love
"I have to admit, I am startled because of the last-minute change. It has stayed on my mind.",surprise
"I have to admit, It is hard to hide how grateful I feel about the new opportunity. I can feel it strongly.",joy
"To be honest, Today I feel cross; it is connected to the unfair decision. The feeling is difficult to ignore.",anger
"To be honest, Today I feel caring; it is connected to my family. The feeling is difficult to ignore.",love
"After thinking about it, It is hard to hide how scared I feel about the risky journey.",fear
"At this moment, I keep feeling gloomy whenever I remember missing my friends. I can feel it strongly.",sadness
"To be honest, Right now I am genuinely frightened. That is my honest reaction.",fear
"To be honest, My mood is devoted after the kindness I received. It has stayed on my mind.",love
"After thinking about it, Honestly, my family makes me feel warm. I can feel it strongly.",love
"At this moment, Thinking about the shocking update leaves me in disbelief. The feeling is difficult to ignore.",surprise
I am afraid because of the risky journey.,fear
"After thinking about it, I am affectionate because of our time together. That is my honest reaction.",love
"After thinking about it, Honestly, the uncertain situation makes me feel uneasy. It has stayed on my mind.",fear
"After thinking about it, I feel really enraged about the rude response. I can feel it strongly.",anger
"After thinking about it, Honestly, the new opportunity makes me feel excited.",joy
"I have to admit, Honestly, the sudden noise makes me feel frightened. That is my honest reaction.",fear
"To be honest, Thinking about the unexpected announcement leaves me in disbelief. I can feel it strongly.",surprise
"At this moment, I feel extremely joyful about the new opportunity. It has stayed on my mind.",joy
"I have to admit, Right now I am incredibly excited.",joy
"I have to admit, I keep feeling resentful whenever I remember the rude response. The feeling is difficult to ignore.",anger
"I have to admit, I am irritated because of the rude response. It has stayed on my mind.",anger
I feel deeply scared about the risky journey.,fear
"At this moment, I am terrified because of what might happen tomorrow.",fear
"I have to admit, I am cheerful because of the wonderful celebration. The feeling is difficult to ignore.",joy
"To be honest, I am frightened because of the sudden noise. It has stayed on my mind.",fear
The way I feel can only be described as unhappy. It has stayed on my mind.,sadness
"At this moment, Thinking about the unnecessary delay leaves me enraged. That is my honest reaction.",anger
"To be honest, I feel genuinely fearful about the risky journey.",fear
"At this moment, The way I feel can only be described as surprised.",surprise
"To be honest, It is hard to hide how anxious I feel about the uncertain situation. It has stayed on my mind.",fear
"I have to admit, It is hard to hide how sad I feel about the failed plan. I can feel it strongly.",sadness
"After thinking about it, I keep feeling frustrated whenever I remember the repeated mistake. It has stayed on my mind.",anger
I keep feeling adored whenever I remember the kindness I received.,love
"To be honest, Thinking about the repeated mistake leaves me furious.",anger
"At this moment, Today I feel sad; it is connected to the disappointing news. That is my honest reaction.",sadness
"I have to admit, I feel genuinely enraged about being ignored. It has stayed on my mind.",anger
"After thinking about it, I keep feeling happy whenever I remember the wonderful celebration. That is my honest reaction.",joy
"After thinking about it, Thinking about the difficult goodbye leaves me tearful. The feeling is difficult to ignore.",sadness
"To be honest, I keep feeling tender whenever I remember the kindness I received.",love
"I have to admit, It is hard to hide how frightened I feel about what might happen tomorrow.",fear
"After thinking about it, Honestly, my closest friend makes me feel affectionate. It has stayed on my mind.",love
"To be honest, Honestly, the unnecessary delay makes me feel furious. That is my honest reaction.",anger
"I have to admit, I keep feeling caring whenever I remember the kindness I received.",love
"To be honest, I am lonely because of the disappointing news. That is my honest reaction.",sadness
Thinking about the kindness I received leaves me adored. That is my honest reaction.,love
"To be honest, I feel really thrilled about the wonderful celebration. The feeling is difficult to ignore.",joy
I keep feeling astonished whenever I remember the sudden gift. The feeling is difficult to ignore.,surprise
"At this moment, Honestly, the failed plan makes me feel down. It has stayed on my mind.",sadness
"After thinking about it, Right now I am so in disbelief.",surprise
"After thinking about it, I am tender because of a thoughtful message.",love
"To be honest, My mood is afraid after the uncertain situation.",fear
"At this moment, Thinking about the shocking update leaves me in disbelief. It has stayed on my mind.",surprise
"At this moment, It is hard to hide how cross I feel about the unnecessary delay. It has stayed on my mind.",anger
"To be honest, I am pleased because of today's good news. It has stayed on my mind.",joy
"I have to admit, I feel quite happy about today's good news. I can feel it strongly.",joy
"To be honest, My mood is lonely after the difficult goodbye. The feeling is difficult to ignore.",sadness
"After thinking about it, I am startled because of the surprise visitor. I can feel it strongly.",surprise
"After thinking about it, My mood is miserable after a lonely evening. I can feel it strongly.",sadness
"To be honest, It is hard to hide how disappointed I feel about a lonely evening. The feeling is difficult to ignore.",sadness
"At this moment, The way I feel can only be described as amazed. The feeling is difficult to ignore.",surprise
"At this moment, I feel so taken aback about the unexpected announcement. That is my honest reaction.",surprise
"At this moment, Thinking about a lonely evening leaves me gloomy. I can feel it strongly.",sadness
"To be honest, Right now I am so surprised. I can feel it strongly.",surprise
"I have to admit, It is hard to hide how unhappy I feel about the failed plan. It has stayed on my mind.",sadness
I am grateful because of the wonderful celebration. It has stayed on my mind.,joy
"To be honest, I am amazed because of the last-minute change. I can feel it strongly.",surprise
"I have to admit, Thinking about the uncertain situation leaves me panicked. That is my honest reaction.",fear
"At this moment, It is hard to hide how in disbelief I feel about the surprise visitor. That is my honest reaction.",surprise
"To be honest, Today I feel mad; it is connected to the unnecessary delay.",anger
"After thinking about it, I keep feeling sorrowful whenever I remember missing my friends. The feeling is difficult to ignore.",sadness
"After thinking about it, I am enraged because of the unfair decision.",anger
"At this moment, Thinking about the unfair decision leaves me furious. The feeling is difficult to ignore.",anger
"After thinking about it, I am angry because of the broken promise. The feeling is difficult to ignore.",anger
"I have to admit, My mood is surprised after the shocking update.",surprise
"I have to admit, It is hard to hide how enraged I feel about the rude response. That is my honest reaction.",anger
My mood is grateful after the new opportunity. I can feel it strongly.,joy
Today I feel devoted; it is connected to the kindness I received. I can feel it strongly.,love
"After thinking about it, I feel extremely fond about our time together. It has stayed on my mind.",love
"I have to admit, I am mad because of the repeated mistake.",anger
"At this moment, Today I feel furious; it is connected to the unnecessary delay. It has stayed on my mind.",anger
"After thinking about it, The way I feel can only be described as happy. I can feel it strongly.",joy
"Honestly, a thoughtful message makes me feel affectionate.",love
"I have to admit, My mood is tearful after missing my friends. The feeling is difficult to ignore.",sadness
It is hard to hide how devoted I feel about the kindness I received.,love
"After thinking about it, Honestly, the shocking update makes me feel taken aback. I can feel it strongly.",surprise
"At this moment, Right now I am incredibly angry. It has stayed on my mind.",anger
"At this moment, The way I feel can only be described as outraged.",anger
"To be honest, Today I feel pleased; it is connected to finishing the project. That is my honest reaction.",joy
"I have to admit, I keep feeling frustrated whenever I remember being ignored.",anger
"At this moment, It is hard to hide how optimistic I feel about meeting my friends. That is my honest reaction.",joy
Right now I am incredibly uneasy. It has stayed on my mind.,fear
"After thinking about it, Right now I am incredibly taken aback.",surprise
"After thinking about it, I keep feeling afraid whenever I remember the sudden noise. It has stayed on my mind.",fear
I keep feeling afraid whenever I remember the risky journey.,fear
"At this moment, Today I feel astonished; it is connected to the unexpected announcement. I can feel it strongly.",surprise
"Honestly, what might happen tomorrow makes me feel fearful. That is my honest reaction.",fear
I am cheerful because of the wonderful celebration. The feeling is difficult to ignore.,joy
"I have to admit, The way I feel can only be described as pleased. It has stayed on my mind.",joy
My mood is warm after my family. I can feel it strongly.,love
"After thinking about it, Right now I am so caring. The feeling is difficult to ignore.",love
"To be honest, Right now I am really in disbelief. I can feel it strongly.",surprise
"After thinking about it, I feel deeply panicked about the sudden noise. I can feel it strongly.",fear
"I have to admit, Thinking about the shocking update leaves me speechless. The feeling is difficult to ignore.",surprise
"I have to admit, It is hard to hide how surprised I feel about the last-minute change. That is my honest reaction.",surprise
"At this moment, My mood is annoyed after the unnecessary delay. The feeling is difficult to ignore.",anger
"At this moment, Right now I am extremely romantic. That is my honest reaction.",love
"After thinking about it, Today I feel fearful; it is connected to the upcoming examination. The feeling is difficult to ignore.",fear
Today I feel afraid; it is connected to the sudden noise. That is my honest reaction.,fear
"I have to admit, My mood is anxious after the sudden noise. I can feel it strongly.",fear
"To be honest, Right now I am completely caring. That is my honest reaction.",love
"I have to admit, I feel genuinely irritated about the unfair decision. It has stayed on my mind.",anger
"To be honest, Right now I am extremely amazed. It has stayed on my mind.",surprise
"At this moment, Right now I am really miserable. I can feel it strongly.",sadness
Right now I am quite warm. I can feel it strongly.,love
"At this moment, Thinking about my great result leaves me pleased. I can feel it strongly.",joy
"To be honest, Honestly, the person I care about makes me feel affectionate. The feeling is difficult to ignore.",love
"At this moment, Right now I am really stunned. That is my honest reaction.",surprise
"After thinking about it, Thinking about the last-minute change leaves me surprised.",surprise
"After thinking about it, I am irritated because of the broken promise. It has stayed on my mind.",anger
The way I feel can only be described as astonished. It has stayed on my mind.,surprise
"Honestly, the sudden noise makes me feel uneasy. It has stayed on my mind.",fear
"To be honest, Today I feel angry; it is connected to being ignored. It has stayed on my mind.",anger
Today I feel angry; it is connected to being ignored. The feeling is difficult to ignore.,anger
"To be honest, Today I feel anxious; it is connected to the sudden noise. I can feel it strongly.",fear
"To be honest, I feel really angry about being ignored. I can feel it strongly.",anger
"At this moment, My mood is warm after my closest friend. I can feel it strongly.",love
Thinking about the new opportunity leaves me wonderful. The feeling is difficult to ignore.,joy
"To be honest, I keep feeling scared whenever I remember the risky journey. It has stayed on my mind.",fear
"To be honest, It is hard to hide how irritated I feel about the unnecessary delay.",anger
I feel very afraid about speaking in public. That is my honest reaction.,fear
"To be honest, I keep feeling terrified whenever I remember the sudden noise. The feeling is difficult to ignore.",fear
Today I feel romantic; it is connected to the person I care about.,love
"At this moment, My mood is tearful after the failed plan. That is my honest reaction.",sadness
"I have to admit, The way I feel can only be described as devoted. I can feel it strongly.",love
"Honestly, our time together makes me feel loving.",love
"To be honest, I am caring because of my closest friend. The feeling is difficult to ignore.",love
"To be honest, My mood is cheerful after meeting my friends. It has stayed on my mind.",joy
"I have to admit, Thinking about the disappointing news leaves me tearful. It has stayed on my mind.",sadness
"After thinking about it, I keep feeling worried whenever I remember the uncertain situation. It has stayed on my mind.",fear
Today I feel frightened; it is connected to speaking in public.,fear
"After thinking about it, It is hard to hide how gloomy I feel about a lonely evening. It has stayed on my mind.",sadness
"To be honest, Honestly, meeting my friends makes me feel excited. I can feel it strongly.",joy
"After thinking about it, Today I feel close; it is connected to my family. That is my honest reaction.",love
"To be honest, My mood is angry after the unfair decision. I can feel it strongly.",anger
"At this moment, It is hard to hide how surprised I feel about the unbelievable result. The feeling is difficult to ignore.",surprise
"I have to admit, Right now I am truly nervous. That is my honest reaction.",fear
"At this moment, The way I feel can only be described as joyful. That is my honest reaction.",joy
I feel deeply surprised about the unexpected announcement. That is my honest reaction.,surprise
Right now I am so close. The feeling is difficult to ignore.,love
It is hard to hide how speechless I feel about the unexpected announcement. It has stayed on my mind.,surprise
"I have to admit, Honestly, the unnecessary delay makes me feel outraged. The feeling is difficult to ignore.",anger
"I have to admit, It is hard to hide how irritated I feel about the rude response.",anger
"To be honest, Today I feel warm; it is connected to the person I care about. It has stayed on my mind.",love
"After thinking about it, It is hard to hide how fearful I feel about the upcoming examination. The feeling is difficult to ignore.",fear
"At this moment, I am annoyed because of the unnecessary delay.",anger
"After thinking about it, The way I feel can only be described as frightened. I can feel it strongly.",fear
"To be honest, It is hard to hide how unexpectedly amazed I feel about the unexpected announcement. The feeling is difficult to ignore.",surprise
"After thinking about it, Right now I am incredibly excited. That is my honest reaction.",joy
"At this moment, It is hard to hide how cross I feel about the broken promise. That is my honest reaction.",anger
"After thinking about it, Today I feel frightened; it is connected to the risky journey. That is my honest reaction.",fear
"At this moment, I am nervous because of the risky journey. It has stayed on my mind.",fear
"To be honest, Honestly, the unexpected announcement makes me feel speechless. The feeling is difficult to ignore.",surprise
"After thinking about it, Thinking about the unnecessary delay leaves me enraged. It has stayed on my mind.",anger
"To be honest, My mood is wonderful after the wonderful celebration. That is my honest reaction.",joy
"At this moment, My mood is nervous after what might happen tomorrow. The feeling is difficult to ignore.",fear
"I have to admit, The way I feel can only be described as gloomy. The feeling is difficult to ignore.",sadness
"To be honest, Honestly, the wonderful celebration makes me feel grateful. That is my honest reaction.",joy
"I have to admit, It is hard to hide how tender I feel about the person I care about. It has stayed on my mind.",love
"After thinking about it, Honestly, being ignored makes me feel resentful. It has stayed on my mind.",anger
"I have to admit, Today I feel enraged; it is connected to being ignored. That is my honest reaction.",anger
"I have to admit, Thinking about what might happen tomorrow leaves me uneasy. I can feel it strongly.",fear
"At this moment, I am mad because of the repeated mistake.",anger
"I have to admit, Today I feel shocked; it is connected to the shocking update.",surprise
"To be honest, I feel completely stunned about the surprise visitor. That is my honest reaction.",surprise
"I have to admit, It is hard to hide how excited I feel about my great result. That is my honest reaction.",joy
It is hard to hide how outraged I feel about the repeated mistake. It has stayed on my mind.,anger
"After thinking about it, My mood is optimistic after finishing the project. The feeling is difficult to ignore.",joy
"I have to admit, It is hard to hide how surprised I feel about the sudden gift. It has stayed on my mind.",surprise
"I have to admit, My mood is delighted after the new opportunity. I can feel it strongly.",joy
"To be honest, The way I feel can only be described as unhappy. That is my honest reaction.",sadness
"I have to admit, Honestly, the sudden gift makes me feel amazed. The feeling is difficult to ignore.",surprise
"I have to admit, Today I feel shocked; it is connected to the shocking update. It has stayed on my mind.",surprise
"At this moment, Honestly, the broken promise makes me feel outraged. I can feel it strongly.",anger
"After thinking about it, Honestly, the risky journey makes me feel terrified. I can feel it strongly.",fear
"At this moment, It is hard to hide how sad I feel about the failed plan.",sadness
"After thinking about it, It is hard to hide how gloomy I feel about the difficult goodbye.",sadness
"To be honest, Thinking about the wonderful celebration leaves me wonderful.",joy
"At this moment, Right now I am truly warm.",love
"To be honest, Thinking about the broken promise leaves me annoyed. The feeling is difficult to ignore.",anger
Thinking about the risky journey leaves me anxious. The feeling is difficult to ignore.,fear
"I have to admit, Today I feel fearful; it is connected to the sudden noise. That is my honest reaction.",fear
"After thinking about it, I keep feeling unhappy whenever I remember missing my friends. I can feel it strongly.",sadness
Thinking about the wonderful celebration leaves me excited. I can feel it strongly.,joy
"To be honest, My mood is sorrowful after missing my friends. That is my honest reaction.",sadness
I am uneasy because of the risky journey. I can feel it strongly.,fear
"To be honest, I keep feeling panicked whenever I remember the risky journey. I can feel it strongly.",fear
"I have to admit, I feel incredibly furious about the unnecessary delay. The feeling is difficult to ignore.",anger
"To be honest, Today I feel adored; it is connected to my closest friend. The feeling is difficult to ignore.",love
"At this moment, I am cheerful because of the wonderful celebration. I can feel it strongly.",joy
"I have to admit, I keep feeling cross whenever I remember the rude response. The feeling is difficult to ignore.",anger
"I have to admit, Today I feel furious; it is connected to the repeated mistake. That is my honest reaction.",anger
"To be honest, The way I feel can only be described as wonderful. It has stayed on my mind.",joy
Thinking about the unnecessary delay leaves me cross. I can feel it strongly.,anger
"To be honest, Thinking about the repeated mistake leaves me furious. The feeling is difficult to ignore.",anger
"At this moment, Today I feel shocked; it is connected to the surprise visitor.",surprise
"Honestly, a thoughtful message makes me feel adored. I can feel it strongly.",love
"At this moment, Right now I am quite tearful. That is my honest reaction.",sadness
Thinking about the unbelievable result leaves me shocked. It has stayed on my mind.,surprise
"After thinking about it, The way I feel can only be described as disappointed. That is my honest reaction.",sadness
"After thinking about it, I keep feeling sorrowful whenever I remember the failed plan.",sadness
"At this moment, I keep feeling surprised whenever I remember the shocking update. That is my honest reaction.",surprise
"To be honest, My mood is wonderful after the new opportunity. It has stayed on my mind.",joy
I feel completely afraid about the sudden noise. The feeling is difficult to ignore.,fear
"To be honest, My mood is joyful after my great result. The feeling is difficult to ignore.",joy
"To be honest, I feel completely loving about my closest friend. It has stayed on my mind.",love
"I have to admit, I am down because of the failed plan. It has stayed on my mind.",sadness
"After thinking about it, I feel very lonely about the failed plan. That is my honest reaction.",sadness
"After thinking about it, Right now I am really joyful. The feeling is difficult to ignore.",joy
"After thinking about it, It is hard to hide how pleased I feel about the wonderful celebration. I can feel it strongly.",joy
"At this moment, It is hard to hide how grateful I feel about the wonderful celebration. That is my honest reaction.",joy
The way I feel can only be described as uneasy. It has stayed on my mind.,fear
The way I feel can only be described as unexpectedly amazed. The feeling is difficult to ignore.,surprise
Today I feel anxious; it is connected to speaking in public.,fear
"After thinking about it, Today I feel enraged; it is connected to the unfair decision. It has stayed on my mind.",anger
"I have to admit, I am frustrated because of the rude response. The feeling is difficult to ignore.",anger
"I have to admit, I feel so irritated about the unnecessary delay. I can feel it strongly.",anger
"After thinking about it, It is hard to hide how amazed I feel about the shocking update. It has stayed on my mind.",surprise
"At this moment, My mood is in disbelief after the unbelievable result.",surprise
I am heartbroken because of losing the opportunity. I can feel it strongly.,sadness
"At this moment, Right now I am very unhappy. It has stayed on my mind.",sadness
"At this moment, Today I feel affectionate; it is connected to my closest friend. I can feel it strongly.",love
My mood is optimistic after meeting my friends. The feeling is difficult to ignore.,joy
I keep feeling furious whenever I remember the repeated mistake. I can feel it strongly.,anger
"At this moment, Right now I am really cross. The feeling is difficult to ignore.",anger
"After thinking about it, I keep feeling wonderful whenever I remember meeting my friends.",joy
"At this moment, My mood is delighted after my great result. The feeling is difficult to ignore.",joy
Right now I am really annoyed.,anger
Today I feel amazed; it is connected to the sudden gift. That is my honest reaction.,surprise
"To be honest, Honestly, the unfair decision makes me feel angry. That is my honest reaction.",anger
Thinking about the unbelievable result leaves me amazed. It has stayed on my mind.,surprise
"To be honest, I am affectionate because of my family. The feeling is difficult to ignore.",love
"After thinking about it, It is hard to hide how sorrowful I feel about the failed plan. The feeling is difficult to ignore.",sadness
"After thinking about it, I keep feeling scared whenever I remember the sudden noise. It has stayed on my mind.",fear
"To be honest, I feel so sorrowful about a lonely evening. That is my honest reaction.",sadness
"To be honest, I am miserable because of the failed plan.",sadness
"I have to admit, I keep feeling unhappy whenever I remember missing my friends. The feeling is difficult to ignore.",sadness
"At this moment, The way I feel can only be described as worried. That is my honest reaction.",fear
It is hard to hide how fearful I feel about the sudden noise. It has stayed on my mind.,fear
"To be honest, I keep feeling frightened whenever I remember speaking in public. That is my honest reaction.",fear
"After thinking about it, My mood is irritated after the unfair decision. I can feel it strongly.",anger
"To be honest, Thinking about the sudden gift leaves me amazed. It has stayed on my mind.",surprise
"I have to admit, Today I feel grateful; it is connected to meeting my friends. I can feel it strongly.",joy
"I have to admit, It is hard to hide how in disbelief I feel about the sudden gift. That is my honest reaction.",surprise
"To be honest, Thinking about the uncertain situation leaves me nervous. The feeling is difficult to ignore.",fear
"I have to admit, Thinking about speaking in public leaves me scared. The feeling is difficult to ignore.",fear
"At this moment, The way I feel can only be described as fond. The feeling is difficult to ignore.",love
"To be honest, Thinking about the failed plan leaves me heartbroken.",sadness
My mood is speechless after the shocking update.,surprise
"At this moment, I feel so irritated about the unnecessary delay. The feeling is difficult to ignore.",anger
"To be honest, Right now I am extremely startled. The feeling is difficult to ignore.",surprise
Thinking about the last-minute change leaves me stunned. That is my honest reaction.,surprise
"After thinking about it, I keep feeling nervous whenever I remember the risky journey. That is my honest reaction.",fear
"To be honest, Today I feel devoted; it is connected to our time together. It has stayed on my mind.",love
"After thinking about it, Honestly, the unnecessary delay makes me feel irritated. I can feel it strongly.",anger
It is hard to hide how tearful I feel about the disappointing news. I can feel it strongly.,sadness
"After thinking about it, I am cheerful because of the new opportunity. It has stayed on my mind.",joy
"To be honest, Honestly, meeting my friends makes me feel delighted. The feeling is difficult to ignore.",joy
"At this moment, I keep feeling speechless whenever I remember the last-minute change. The feeling is difficult to ignore.",surprise
It is hard to hide how lonely I feel about a lonely evening. That is my honest reaction.,sadness
"I have to admit, Today I feel lonely; it is connected to losing the opportunity.",sadness
"After thinking about it, Right now I am extremely terrified. That is my honest reaction.",fear
"To be honest, It is hard to hide how thrilled I feel about the wonderful celebration.",joy
"After thinking about it, I am fearful because of the uncertain situation. It has stayed on my mind.",fear
"After thinking about it, I keep feeling cheerful whenever I remember today's good news. The feeling is difficult to ignore.",joy
"To be honest, Right now I am genuinely nervous. The feeling is difficult to ignore.",fear
Today I feel astonished; it is connected to the unbelievable result. The feeling is difficult to ignore.,surprise
"After thinking about it, Honestly, the shocking update makes me feel amazed.",surprise
"At this moment, It is hard to hide how delighted I feel about today's good news. It has stayed on my mind.",joy
"At this moment, I feel so nervous about the risky journey. The feeling is difficult to ignore.",fear
"To be honest, Honestly, a thoughtful message makes me feel warm. The feeling is difficult to ignore.",love
"After thinking about it, I keep feeling delighted whenever I remember the wonderful celebration. It has stayed on my mind.",joy
I keep feeling mad whenever I remember being ignored. The feeling is difficult to ignore.,anger
"I have to admit, The way I feel can only be described as anxious. That is my honest reaction.",fear
"At this moment, Right now I am genuinely optimistic. I can feel it strongly.",joy
"I have to admit, Honestly, the repeated mistake makes me feel irritated. That is my honest reaction.",anger
"At this moment, I am uneasy because of the risky journey. The feeling is difficult to ignore.",fear
"To be honest, Honestly, our time together makes me feel warm. That is my honest reaction.",love
"To be honest, Today I feel sad; it is connected to the difficult goodbye.",sadness
"I have to admit, I am nervous because of the risky journey. It has stayed on my mind.",fear
"To be honest, I am stunned because of the last-minute change. The feeling is difficult to ignore.",surprise
Right now I am so amazed. I can feel it strongly.,surprise
"After thinking about it, Today I feel mad; it is connected to the rude response. I can feel it strongly.",anger
"To be honest, Honestly, the difficult goodbye makes me feel tearful. That is my honest reaction.",sadness
Thinking about a thoughtful message leaves me adored. The feeling is difficult to ignore.,love
"At this moment, The way I feel can only be described as sad. That is my honest reaction.",sadness
It is hard to hide how scared I feel about the upcoming examination. That is my honest reaction.,fear
"At this moment, The way I feel can only be described as stunned. I can feel it strongly.",surprise
"After thinking about it, Thinking about the repeated mistake leaves me frustrated. It has stayed on my mind.",anger
"Honestly, the unnecessary delay makes me feel outraged.",anger
"I have to admit, The way I feel can only be described as unhappy. It has stayed on my mind.",sadness
"I have to admit, Today I feel disappointed; it is connected to the disappointing news. It has stayed on my mind.",sadness
"To be honest, I feel very resentful about the rude response. It has stayed on my mind.",anger
"I have to admit, It is hard to hide how miserable I feel about the difficult goodbye. I can feel it strongly.",sadness
"To be honest, Today I feel delighted; it is connected to today's good news. The feeling is difficult to ignore.",joy
"After thinking about it, Honestly, the last-minute change makes me feel unexpectedly amazed. The feeling is difficult to ignore.",surprise
"At this moment, My mood is enraged after the rude response. I can feel it strongly.",anger
"I have to admit, It is hard to hide how furious I feel about the unnecessary delay. It has stayed on my mind.",anger
"To be honest, It is hard to hide how fearful I feel about the sudden noise. That is my honest reaction.",fear
My mood is close after the kindness I received. That is my honest reaction.,love
Today I feel adored; it is connected to my closest friend. I can feel it strongly.,love
"I have to admit, Today I feel scared; it is connected to the risky journey. That is my honest reaction.",fear
I am nervous because of the sudden noise. The feeling is difficult to ignore.,fear
"At this moment, I feel completely excited about today's good news. It has stayed on my mind.",joy
"After thinking about it, I keep feeling mad whenever I remember the unfair decision.",anger
"After thinking about it, I keep feeling gloomy whenever I remember losing the opportunity.",sadness
"At this moment, The way I feel can only be described as wonderful.",joy
"I have to admit, Right now I am extremely excited.",joy
"At this moment, Right now I am quite caring. I can feel it strongly.",love
"After thinking about it, The way I feel can only be described as furious. It has stayed on my mind.",anger
"At this moment, Today I feel wonderful; it is connected to finishing the project. The feeling is difficult to ignore.",joy
"At this moment, My mood is lonely after the disappointing news. That is my honest reaction.",sadness
"At this moment, I am anxious because of the uncertain situation. That is my honest reaction.",fear
"To be honest, Thinking about being ignored leaves me enraged. It has stayed on my mind.",anger
My mood is warm after my family. That is my honest reaction.,love
"To be honest, Right now I am extremely optimistic. I can feel it strongly.",joy
"I have to admit, My mood is lonely after the disappointing news. The feeling is difficult to ignore.",sadness
"At this moment, Today I feel delighted; it is connected to the new opportunity. I can feel it strongly.",joy
"To be honest, Right now I am quite nervous.",fear
I feel really devoted about our time together. It has stayed on my mind.,love
I keep feeling resentful whenever I remember being ignored.,anger
"After thinking about it, It is hard to hide how sorrowful I feel about losing the opportunity. It has stayed on my mind.",sadness
I feel quite loving about our time together. That is my honest reaction.,love
"At this moment, Today I feel shocked; it is connected to the unexpected announcement. The feeling is difficult to ignore.",surprise
"After thinking about it, Today I feel scared; it is connected to what might happen tomorrow. That is my honest reaction.",fear
"To be honest, Today I feel close; it is connected to the kindness I received. I can feel it strongly.",love
"To be honest, My mood is speechless after the unexpected announcement.",surprise
"To be honest, I feel really wonderful about the new opportunity. I can feel it strongly.",joy
"After thinking about it, I am stunned because of the unbelievable result.",surprise
"After thinking about it, I feel very fond about our time together. The feeling is difficult to ignore.",love
"To be honest, I am loving because of my family. It has stayed on my mind.",love
"To be honest, Today I feel adored; it is connected to a thoughtful message. The feeling is difficult to ignore.",love
"I have to admit, Today I feel afraid; it is connected to the uncertain situation. It has stayed on my mind.",fear
"I have to admit, Right now I am extremely adored. That is my honest reaction.",love
"At this moment, My mood is miserable after the difficult goodbye. The feeling is difficult to ignore.",sadness
"Honestly, today's good news makes me feel joyful. That is my honest reaction.",joy
"I have to admit, The way I feel can only be described as scared. I can feel it strongly.",fear
"I have to admit, Right now I am truly miserable.",sadness
"After thinking about it, Honestly, being ignored makes me feel angry. That is my honest reaction.",anger
"At this moment, Today I feel taken aback; it is connected to the surprise visitor.",surprise
I am frustrated because of the rude response. That is my honest reaction.,anger
"I have to admit, It is hard to hide how devoted I feel about a thoughtful message. It has stayed on my mind.",love
"At this moment, Right now I am very angry. It has stayed on my mind.",anger
"I have to admit, I keep feeling shocked whenever I remember the unbelievable result. That is my honest reaction.",surprise
"After thinking about it, It is hard to hide how surprised I feel about the surprise visitor. That is my honest reaction.",surprise
"To be honest, Today I feel unexpectedly amazed; it is connected to the sudden gift. I can feel it strongly.",surprise
"At this moment, Today I feel startled; it is connected to the last-minute change. It has stayed on my mind.",surprise
"To be honest, Thinking about the failed plan leaves me heartbroken. I can feel it strongly.",sadness
"After thinking about it, It is hard to hide how happy I feel about meeting my friends. I can feel it strongly.",joy
"I have to admit, Right now I am so frightened. It has stayed on my mind.",fear
I am excited because of my great result. I can feel it strongly.,joy
"To be honest, It is hard to hide how adored I feel about a thoughtful message. It has stayed on my mind.",love
"To be honest, It is hard to hide how pleased I feel about the new opportunity. The feeling is difficult to ignore.",joy
"After thinking about it, I am cross because of the rude response. It has stayed on my mind.",anger
My mood is stunned after the sudden gift. That is my honest reaction.,surprise
The way I feel can only be described as astonished. That is my honest reaction.,surprise
"I have to admit, I keep feeling cheerful whenever I remember finishing the project. It has stayed on my mind.",joy
"Honestly, the sudden gift makes me feel surprised. The feeling is difficult to ignore.",surprise
"To be honest, Thinking about today's good news leaves me cheerful. That is my honest reaction.",joy
"At this moment, Thinking about the sudden noise leaves me terrified. I can feel it strongly.",fear
"To be honest, Thinking about the sudden noise leaves me worried. That is my honest reaction.",fear
"Honestly, the sudden gift makes me feel astonished. It has stayed on my mind.",surprise
The way I feel can only be described as heartbroken.,sadness
"To be honest, I keep feeling annoyed whenever I remember the unfair decision. I can feel it strongly.",anger
"At this moment, Right now I am very gloomy. It has stayed on my mind.",sadness
"I have to admit, I feel really affectionate about a thoughtful message.",love
"To be honest, The way I feel can only be described as resentful.",anger
"At this moment, My mood is caring after a thoughtful message. I can feel it strongly.",love
"After thinking about it, Honestly, my great result makes me feel optimistic.",joy
"At this moment, My mood is mad after the rude response. The feeling is difficult to ignore.",anger
"To be honest, Honestly, my closest friend makes me feel fond. I can feel it strongly.",love
"After thinking about it, My mood is devoted after a thoughtful message. That is my honest reaction.",love
Right now I am really irritated. I can feel it strongly.,anger
"Honestly, the risky journey makes me feel terrified. That is my honest reaction.",fear
"I have to admit, The way I feel can only be described as thrilled. I can feel it strongly.",joy
"To be honest, Right now I am very in disbelief. I can feel it strongly.",surprise
"After thinking about it, I keep feeling warm whenever I remember my closest friend. It has stayed on my mind.",love
"To be honest, My mood is happy after my great result. I can feel it strongly.",joy
"At this moment, Today I feel amazed; it is connected to the unexpected announcement. It has stayed on my mind.",surprise
"At this moment, I keep feeling astonished whenever I remember the unbelievable result. That is my honest reaction.",surprise
"To be honest, I keep feeling in disbelief whenever I remember the last-minute change. That is my honest reaction.",surprise
"To be honest, Right now I am genuinely angry. That is my honest reaction.",anger
"I have to admit, Honestly, the unnecessary delay makes me feel mad. I can feel it strongly.",anger
"I have to admit, Today I feel wonderful; it is connected to the wonderful celebration.",joy
I feel quite speechless about the last-minute change. It has stayed on my mind.,surprise
"I have to admit, I am angry because of being ignored. I can feel it strongly.",anger
"I have to admit, Thinking about the failed plan leaves me gloomy. I can feel it strongly.",sadness
"After thinking about it, I keep feeling happy whenever I remember my great result. I can feel it strongly.",joy
"After thinking about it, Thinking about missing my friends leaves me disappointed. It has stayed on my mind.",sadness
"I have to admit, Right now I am genuinely gloomy. I can feel it strongly.",sadness
"At this moment, I feel deeply wonderful about my great result. I can feel it strongly.",joy
"After thinking about it, Right now I am quite amazed. The feeling is difficult to ignore.",surprise
"Honestly, the unnecessary delay makes me feel outraged. The feeling is difficult to ignore.",anger
"I have to admit, Right now I am incredibly fearful.",fear
The way I feel can only be described as afraid. That is my honest reaction.,fear
"After thinking about it, Right now I am extremely adored. It has stayed on my mind.",love
"I have to admit, My mood is enraged after the unnecessary delay. That is my honest reaction.",anger
"At this moment, I am unhappy because of a lonely evening. The feeling is difficult to ignore.",sadness
"At this moment, I feel so loving about our time together. The feeling is difficult to ignore.",love
It is hard to hide how cheerful I feel about finishing the project. It has stayed on my mind.,joy
Thinking about the person I care about leaves me caring. The feeling is difficult to ignore.,love
"After thinking about it, My mood is tearful after losing the opportunity. It has stayed on my mind.",sadness
I am panicked because of what might happen tomorrow. The feeling is difficult to ignore.,fear
I am wonderful because of the new opportunity. It has stayed on my mind.,joy
"At this moment, Thinking about the kindness I received leaves me devoted.",love
It is hard to hide how anxious I feel about what might happen tomorrow. It has stayed on my mind.,fear
"At this moment, I am furious because of the unfair decision.",anger
The way I feel can only be described as annoyed.,anger
"After thinking about it, Thinking about my great result leaves me excited. I can feel it strongly.",joy
"At this moment, Today I feel caring; it is connected to the person I care about. It has stayed on my mind.",love
"I have to admit, Today I feel heartbroken; it is connected to losing the opportunity.",sadness
"To be honest, Right now I am deeply fond. The feeling is difficult to ignore.",love
"After thinking about it, The way I feel can only be described as afraid. That is my honest reaction.",fear
"At this moment, Today I feel angry; it is connected to the broken promise. It has stayed on my mind.",anger
"I have to admit, I am joyful because of today's good news.",joy
"I have to admit, It is hard to hide how sorrowful I feel about a lonely evening. It has stayed on my mind.",sadness
I feel genuinely optimistic about the wonderful celebration.,joy
"At this moment, Today I feel heartbroken; it is connected to losing the opportunity. It has stayed on my mind.",sadness
"After thinking about it, Thinking about what might happen tomorrow leaves me uneasy. I can feel it strongly.",fear
"To be honest, It is hard to hide how enraged I feel about the unnecessary delay.",anger
"To be honest, My mood is annoyed after the repeated mistake. The feeling is difficult to ignore.",anger
It is hard to hide how close I feel about my closest friend. It has stayed on my mind.,love
"At this moment, Right now I am incredibly affectionate. That is my honest reaction.",love
"At this moment, Thinking about the shocking update leaves me taken aback. It has stayed on my mind.",surprise
"I have to admit, My mood is heartbroken after the failed plan.",sadness
I feel incredibly worried about what might happen tomorrow. The feeling is difficult to ignore.,fear
"I have to admit, The way I feel can only be described as furious. That is my honest reaction.",anger
Thinking about our time together leaves me devoted. It has stayed on my mind.,love
"To be honest, I am scared because of speaking in public. It has stayed on my mind.",fear
I am warm because of my closest friend. I can feel it strongly.,love
"To be honest, Thinking about a thoughtful message leaves me warm. It has stayed on my mind.",love
"At this moment, Today I feel close; it is connected to a thoughtful message. I can feel it strongly.",love
Thinking about my great result leaves me thrilled.,joy
"I have to admit, Right now I am incredibly lonely. The feeling is difficult to ignore.",sadness
"I have to admit, It is hard to hide how cheerful I feel about the wonderful celebration. It has stayed on my mind.",joy
It is hard to hide how wonderful I feel about meeting my friends. It has stayed on my mind.,joy
"I have to admit, I feel quite tearful about losing the opportunity. It has stayed on my mind.",sadness
"I have to admit, Honestly, meeting my friends makes me feel delighted. That is my honest reaction.",joy
"To be honest, I am enraged because of the rude response. I can feel it strongly.",anger
"At this moment, My mood is heartbroken after a lonely evening. It has stayed on my mind.",sadness
I feel truly fond about our time together. I can feel it strongly.,love
"After thinking about it, Honestly, the wonderful celebration makes me feel pleased. The feeling is difficult to ignore.",joy
"After thinking about it, I feel very gloomy about missing my friends. That is my honest reaction.",sadness
"After thinking about it, My mood is shocked after the sudden gift. The feeling is difficult to ignore.",surprise
"After thinking about it, I keep feeling adored whenever I remember a thoughtful message.",love
"To be honest, Right now I am genuinely nervous. I can feel it strongly.",fear
"After thinking about it, I am enraged because of the rude response. The feeling is difficult to ignore.",anger
"I have to admit, Thinking about finishing the project leaves me delighted. That is my honest reaction.",joy
"To be honest, I am irritated because of being ignored. It has stayed on my mind.",anger
"After thinking about it, Thinking about the repeated mistake leaves me irritated. That is my honest reaction.",anger
"I have to admit, I keep feeling afraid whenever I remember the uncertain situation. I can feel it strongly.",fear
"I have to admit, It is hard to hide how joyful I feel about finishing the project. That is my honest reaction.",joy
The way I feel can only be described as enraged. It has stayed on my mind.,anger
"I have to admit, I am sad because of the difficult goodbye. That is my honest reaction.",sadness
Today I feel wonderful; it is connected to the new opportunity. I can feel it strongly.,joy
"After thinking about it, Thinking about the person I care about leaves me adored. I can feel it strongly.",love
"After thinking about it, I feel so joyful about my great result. That is my honest reaction.",joy
"To be honest, Right now I am really outraged. The feeling is difficult to ignore.",anger
"At this moment, I feel completely cross about the rude response.",anger
"After thinking about it, Today I feel romantic; it is connected to the person I care about. I can feel it strongly.",love
"I have to admit, I keep feeling uneasy whenever I remember speaking in public. That is my honest reaction.",fear
"Honestly, speaking in public makes me feel anxious. I can feel it strongly.",fear
"I have to admit, Today I feel astonished; it is connected to the sudden gift. I can feel it strongly.",surprise
"I have to admit, I keep feeling unhappy whenever I remember the disappointing news. That is my honest reaction.",sadness
"I have to admit, I feel incredibly furious about the broken promise. It has stayed on my mind.",anger
"After thinking about it, Right now I am truly lonely. I can feel it strongly.",sadness
"At this moment, My mood is amazed after the last-minute change. It has stayed on my mind.",surprise
Thinking about the kindness I received leaves me tender. I can feel it strongly.,love
"I have to admit, It is hard to hide how annoyed I feel about the unfair decision.",anger
"At this moment, I feel genuinely speechless about the unbelievable result. The feeling is difficult to ignore.",surprise
"To be honest, Honestly, meeting my friends makes me feel cheerful. It has stayed on my mind.",joy
"I have to admit, Thinking about my great result leaves me excited. It has stayed on my mind.",joy
"At this moment, I feel really miserable about the difficult goodbye.",sadness
"After thinking about it, Honestly, the sudden noise makes me feel afraid. I can feel it strongly.",fear
"To be honest, Today I feel sad; it is connected to missing my friends.",sadness
"To be honest, I am heartbroken because of the failed plan.",sadness
"I have to admit, It is hard to hide how loving I feel about a thoughtful message. It has stayed on my mind.",love
Thinking about the kindness I received leaves me loving. I can feel it strongly.,love
"To be honest, Thinking about the rude response leaves me irritated. That is my honest reaction.",anger
"Honestly, the person I care about makes me feel caring. The feeling is difficult to ignore.",love
"To be honest, I am astonished because of the unexpected announcement.",surprise
"To be honest, My mood is devoted after our time together. It has stayed on my mind.",love
"After thinking about it, Today I feel sad; it is connected to a lonely evening. It has stayed on my mind.",sadness
"After thinking about it, I feel so gloomy about missing my friends. It has stayed on my mind.",sadness
"I have to admit, Right now I am extremely wonderful. That is my honest reaction.",joy
"At this moment, I feel incredibly astonished about the unexpected announcement. That is my honest reaction.",surprise
"To be honest, Today I feel delighted; it is connected to the new opportunity.",joy
My mood is uneasy after the uncertain situation. I can feel it strongly.,fear
"At this moment, Right now I am very down. That is my honest reaction.",sadness
"Honestly, speaking in public makes me feel anxious. It has stayed on my mind.",fear
"I have to admit, It is hard to hide how afraid I feel about the upcoming examination.",fear
"At this moment, Honestly, the person I care about makes me feel devoted.",love
"I have to admit, It is hard to hide how worried I feel about what might happen tomorrow. I can feel it strongly.",fear
"After thinking about it, Honestly, the surprise visitor makes me feel startled. That is my honest reaction.",surprise
The way I feel can only be described as angry. That is my honest reaction.,anger
I keep feeling fearful whenever I remember the upcoming examination. That is my honest reaction.,fear
"To be honest, Honestly, my closest friend makes me feel caring. The feeling is difficult to ignore.",love
"To be honest, I feel deeply joyful about my great result. That is my honest reaction.",joy
"To be honest, It is hard to hide how frightened I feel about the upcoming examination.",fear
I am in disbelief because of the unbelievable result. It has stayed on my mind.,surprise
"I have to admit, It is hard to hide how close I feel about our time together. It has stayed on my mind.",love
"At this moment, The way I feel can only be described as down.",sadness
"To be honest, Honestly, the risky journey makes me feel uneasy. It has stayed on my mind.",fear
"I have to admit, The way I feel can only be described as worried. I can feel it strongly.",fear
"I have to admit, I am heartbroken because of a lonely evening. That is my honest reaction.",sadness
"I have to admit, Right now I am quite cross. That is my honest reaction.",anger
"To be honest, Thinking about the failed plan leaves me unhappy. That is my honest reaction.",sadness
"At this moment, My mood is close after the person I care about. It has stayed on my mind.",love
It is hard to hide how down I feel about losing the opportunity. I can feel it strongly.,sadness
"To be honest, Thinking about the upcoming examination leaves me nervous. It has stayed on my mind.",fear
"After thinking about it, Today I feel excited; it is connected to my great result. I can feel it strongly.",joy
"To be honest, I feel quite pleased about finishing the project. I can feel it strongly.",joy
"I have to admit, Honestly, today's good news makes me feel pleased.",joy
"To be honest, Honestly, the difficult goodbye makes me feel sorrowful. The feeling is difficult to ignore.",sadness
"Honestly, my great result makes me feel thrilled. I can feel it strongly.",joy
"After thinking about it, I keep feeling gloomy whenever I remember a lonely evening. The feeling is difficult to ignore.",sadness
"After thinking about it, The way I feel can only be described as mad. I can feel it strongly.",anger
"At this moment, I am startled because of the unbelievable result.",surprise
"After thinking about it, Right now I am very irritated. The feeling is difficult to ignore.",anger
The way I feel can only be described as scared. That is my honest reaction.,fear
"After thinking about it, The way I feel can only be described as romantic. That is my honest reaction.",love
"To be honest, I am heartbroken because of losing the opportunity. It has stayed on my mind.",sadness
"At this moment, I keep feeling worried whenever I remember what might happen tomorrow. That is my honest reaction.",fear
"To be honest, Thinking about the upcoming examination leaves me anxious. I can feel it strongly.",fear
"I have to admit, It is hard to hide how frustrated I feel about the rude response.",anger
"After thinking about it, It is hard to hide how cross I feel about the rude response. I can feel it strongly.",anger
"After thinking about it, Today I feel loving; it is connected to a thoughtful message. That is my honest reaction.",love
"To be honest, My mood is lonely after the disappointing news.",sadness
"I have to admit, Right now I am extremely enraged. I can feel it strongly.",anger
Today I feel amazed; it is connected to the surprise visitor.,surprise
"I have to admit, Today I feel worried; it is connected to the risky journey. The feeling is difficult to ignore.",fear
"To be honest, Thinking about the difficult goodbye leaves me unhappy. The feeling is difficult to ignore.",sadness
"To be honest, I feel genuinely thrilled about the wonderful celebration. I can feel it strongly.",joy
"At this moment, Today I feel anxious; it is connected to what might happen tomorrow.",fear
"To be honest, Right now I am so astonished. That is my honest reaction.",surprise
Thinking about the difficult goodbye leaves me sad. That is my honest reaction.,sadness
"After thinking about it, I keep feeling astonished whenever I remember the unbelievable result. I can feel it strongly.",surprise
"At this moment, Today I feel warm; it is connected to the kindness I received. It has stayed on my mind.",love
"To be honest, I am gloomy because of missing my friends. The feeling is difficult to ignore.",sadness
"I have to admit, Honestly, the disappointing news makes me feel miserable. The feeling is difficult to ignore.",sadness
"At this moment, I keep feeling frightened whenever I remember what might happen tomorrow. It has stayed on my mind.",fear
"At this moment, I am terrified because of what might happen tomorrow. That is my honest reaction.",fear
I feel incredibly scared about speaking in public. That is my honest reaction.,fear
"At this moment, I am annoyed because of being ignored. I can feel it strongly.",anger
"To be honest, I am fond because of a thoughtful message. The feeling is difficult to ignore.",love
"To be honest, Honestly, the repeated mistake makes me feel mad. It has stayed on my mind.",anger
"Honestly, today's good news makes me feel delighted. It has stayed on my mind.",joy
I feel quite optimistic about finishing the project. That is my honest reaction.,joy
"At this moment, It is hard to hide how terrified I feel about the uncertain situation.",fear
"At this moment, Right now I am so terrified. It has stayed on my mind.",fear
Right now I am completely irritated. It has stayed on my mind.,anger
I feel really lonely about the failed plan. I can feel it strongly.,sadness
"I have to admit, The way I feel can only be described as excited. It has stayed on my mind.",joy
"After thinking about it, Thinking about the rude response leaves me cross.",anger
"After thinking about it, Honestly, the unfair decision makes me feel annoyed.",anger
"To be honest, Today I feel afraid; it is connected to the sudden noise. The feeling is difficult to ignore.",fear
"I have to admit, I am shocked because of the unexpected announcement. I can feel it strongly.",surprise
"At this moment, I keep feeling cross whenever I remember the rude response. That is my honest reaction.",anger
I keep feeling frightened whenever I remember the upcoming examination. The feeling is difficult to ignore.,fear
"At this moment, It is hard to hide how annoyed I feel about the unfair decision. It has stayed on my mind.",anger
"I have to admit, It is hard to hide how happy I feel about the wonderful celebration.",joy
"At this moment, Today I feel gloomy; it is connected to the difficult goodbye. It has stayed on my mind.",sadness
Thinking about the uncertain situation leaves me uneasy. It has stayed on my mind.,fear
"At this moment, The way I feel can only be described as annoyed. The feeling is difficult to ignore.",anger
"After thinking about it, Today I feel thrilled; it is connected to meeting my friends.",joy
"I have to admit, It is hard to hide how taken aback I feel about the surprise visitor. That is my honest reaction.",surprise
"After thinking about it, The way I feel can only be described as sad. It has stayed on my mind.",sadness
"At this moment, I am unhappy because of missing my friends. I can feel it strongly.",sadness
"After thinking about it, Right now I am extremely frustrated. That is my honest reaction.",anger
I am afraid because of the risky journey. It has stayed on my mind.,fear
"I have to admit, It is hard to hide how disappointed I feel about the difficult goodbye. That is my honest reaction.",sadness
"I have to admit, I keep feeling outraged whenever I remember the repeated mistake. That is my honest reaction.",anger
Thinking about the shocking update leaves me shocked. It has stayed on my mind.,surprise
"At this moment, I feel incredibly panicked about speaking in public.",fear
"To be honest, Right now I am genuinely down. It has stayed on my mind.",sadness
"To be honest, It is hard to hide how heartbroken I feel about the difficult goodbye. The feeling is difficult to ignore.",sadness
"I have to admit, My mood is excited after the new opportunity. The feeling is difficult to ignore.",joy
I feel very joyful about finishing the project.,joy
"At this moment, Thinking about our time together leaves me warm. That is my honest reaction.",love
"To be honest, Today I feel unexpectedly amazed; it is connected to the last-minute change. I can feel it strongly.",surprise
"To be honest, Honestly, speaking in public makes me feel frightened. It has stayed on my mind.",fear
"At this moment, Honestly, meeting my friends makes me feel happy. I can feel it strongly.",joy
"At this moment, I keep feeling fond whenever I remember a thoughtful message. That is my honest reaction.",love
Right now I am incredibly sad. The feeling is difficult to ignore.,sadness
"To be honest, Honestly, a thoughtful message makes me feel adored. I can feel it strongly.",love
"I have to admit, It is hard to hide how startled I feel about the shocking update.",surprise
"At this moment, Today I feel happy; it is connected to finishing the project.",joy
"I have to admit, Thinking about the unexpected announcement leaves me unexpectedly amazed. The feeling is difficult to ignore.",surprise
"To be honest, Honestly, the failed plan makes me feel down. The feeling is difficult to ignore.",sadness
"After thinking about it, I am adored because of a thoughtful message. I can feel it strongly.",love
"After thinking about it, Honestly, the wonderful celebration makes me feel grateful. I can feel it strongly.",joy
"I have to admit, I keep feeling cheerful whenever I remember finishing the project.",joy
"To be honest, The way I feel can only be described as disappointed. The feeling is difficult to ignore.",sadness
Right now I am completely happy.,joy
"I have to admit, I am scared because of the risky journey. That is my honest reaction.",fear
"At this moment, I am devoted because of the person I care about. The feeling is difficult to ignore.",love
Today I feel furious; it is connected to the broken promise.,anger
"At this moment, Today I feel terrified; it is connected to speaking in public. That is my honest reaction.",fear
"To be honest, I am down because of a lonely evening. The feeling is difficult to ignore.",sadness
"I have to admit, I am anxious because of the uncertain situation. That is my honest reaction.",fear
"To be honest, I feel genuinely tearful about missing my friends. I can feel it strongly.",sadness
"I have to admit, The way I feel can only be described as scared. It has stayed on my mind.",fear
Right now I am completely in disbelief. That is my honest reaction.,surprise
"To be honest, I am warm because of my closest friend.",love
"I have to admit, I feel very happy about the wonderful celebration. That is my honest reaction.",joy
I am cheerful because of my great result.,joy
"After thinking about it, Today I feel wonderful; it is connected to today's good news. That is my honest reaction.",joy
"Honestly, the unfair decision makes me feel irritated.",anger
"I have to admit, I am astonished because of the shocking update. The feeling is difficult to ignore.",surprise
"I have to admit, It is hard to hide how speechless I feel about the last-minute change.",surprise
"To be honest, The way I feel can only be described as happy. It has stayed on my mind.",joy
"To be honest, Thinking about the surprise visitor leaves me shocked. That is my honest reaction.",surprise
"I have to admit, I am panicked because of the upcoming examination. That is my honest reaction.",fear
Thinking about the new opportunity leaves me grateful. The feeling is difficult to ignore.,joy
"To be honest, Right now I am incredibly mad. I can feel it strongly.",anger
"At this moment, It is hard to hide how angry I feel about the unnecessary delay. It has stayed on my mind.",anger
"To be honest, I keep feeling cheerful whenever I remember the new opportunity. It has stayed on my mind.",joy
I am cross because of the broken promise. That is my honest reaction.,anger
I feel so heartbroken about missing my friends. That is my honest reaction.,sadness
Today I feel fond; it is connected to a thoughtful message. It has stayed on my mind.,love
"To be honest, I feel quite fearful about the risky journey. That is my honest reaction.",fear
I am annoyed because of the rude response. That is my honest reaction.,anger
"I have to admit, Today I feel nervous; it is connected to the upcoming examination. The feeling is difficult to ignore.",fear
"To be honest, It is hard to hide how angry I feel about the unfair decision.",anger
"After thinking about it, I am sad because of a lonely evening. The feeling is difficult to ignore.",sadness
"At this moment, Right now I am deeply affectionate. It has stayed on my mind.",love
"To be honest, Honestly, a lonely evening makes me feel sad. I can feel it strongly.",sadness
"To be honest, Right now I am really affectionate.",love
"To be honest, The way I feel can only be described as frightened. That is my honest reaction.",fear
"At this moment, Today I feel startled; it is connected to the shocking update. That is my honest reaction.",surprise
"I have to admit, I feel completely cheerful about finishing the project. I can feel it strongly.",joy
"To be honest, I keep feeling frightened whenever I remember the uncertain situation. That is my honest reaction.",fear
"At this moment, Today I feel affectionate; it is connected to a thoughtful message.",love
Thinking about losing the opportunity leaves me sad. The feeling is difficult to ignore.,sadness
I am tearful because of missing my friends. That is my honest reaction.,sadness
Thinking about the person I care about leaves me romantic. I can feel it strongly.,love
"After thinking about it, Honestly, a thoughtful message makes me feel warm. That is my honest reaction.",love
"I have to admit, The way I feel can only be described as speechless. The feeling is difficult to ignore.",surprise
I feel extremely loving about our time together. The feeling is difficult to ignore.,love
I am pleased because of the new opportunity. It has stayed on my mind.,joy
"After thinking about it, I feel deeply afraid about the upcoming examination. That is my honest reaction.",fear
"After thinking about it, I am surprised because of the sudden gift. I can feel it strongly.",surprise
"I have to admit, Thinking about the broken promise leaves me outraged. That is my honest reaction.",anger
I feel very adored about the kindness I received.,love
"After thinking about it, Thinking about finishing the project leaves me optimistic. I can feel it strongly.",joy
"After thinking about it, Honestly, the sudden noise makes me feel nervous. It has stayed on my mind.",fear
Right now I am genuinely warm. It has stayed on my mind.,love
I feel incredibly worried about speaking in public.,fear
"To be honest, Today I feel irritated; it is connected to the repeated mistake. It has stayed on my mind.",anger
"To be honest, I am afraid because of speaking in public. I can feel it strongly.",fear
I feel extremely irritated about the unfair decision.,anger
"At this moment, Thinking about what might happen tomorrow leaves me anxious.",fear
"At this moment, I feel genuinely frightened about the upcoming examination. The feeling is difficult to ignore.",fear
"After thinking about it, Right now I am quite devoted. It has stayed on my mind.",love
"After thinking about it, I keep feeling delighted whenever I remember my great result.",joy
"To be honest, Honestly, losing the opportunity makes me feel sorrowful. The feeling is difficult to ignore.",sadness
"I have to admit, Thinking about missing my friends leaves me unhappy. The feeling is difficult to ignore.",sadness
"I have to admit, Thinking about finishing the project leaves me thrilled. The feeling is difficult to ignore.",joy
"To be honest, Thinking about today's good news leaves me optimistic. That is my honest reaction.",joy
"To be honest, Honestly, the rude response makes me feel cross. That is my honest reaction.",anger
"To be honest, It is hard to hide how frustrated I feel about the broken promise. It has stayed on my mind.",anger
"To be honest, My mood is close after my closest friend. That is my honest reaction.",love
"To be honest, It is hard to hide how enraged I feel about being ignored. It has stayed on my mind.",anger
"To be honest, I keep feeling disappointed whenever I remember losing the opportunity.",sadness
Thinking about the surprise visitor leaves me astonished. The feeling is difficult to ignore.,surprise
"I have to admit, My mood is frightened after what might happen tomorrow. That is my honest reaction.",fear
"I have to admit, My mood is wonderful after the new opportunity. The feeling is difficult to ignore.",joy
"At this moment, Right now I am genuinely romantic.",love
"I have to admit, It is hard to hide how heartbroken I feel about missing my friends. It has stayed on my mind.",sadness
"After thinking about it, Honestly, being ignored makes me feel annoyed. It has stayed on my mind.",anger
"To be honest, I keep feeling astonished whenever I remember the unbelievable result. That is my honest reaction.",surprise
"I have to admit, The way I feel can only be described as astonished. That is my honest reaction.",surprise
"To be honest, I keep feeling devoted whenever I remember a thoughtful message. I can feel it strongly.",love
"To be honest, Today I feel startled; it is connected to the surprise visitor. The feeling is difficult to ignore.",surprise
Today I feel heartbroken; it is connected to the disappointing news. That is my honest reaction.,sadness
"To be honest, Thinking about the unexpected announcement leaves me astonished. It has stayed on my mind.",surprise
"After thinking about it, Thinking about the unbelievable result leaves me surprised.",surprise
"To be honest, The way I feel can only be described as lonely. The feeling is difficult to ignore.",sadness
"After thinking about it, Right now I am extremely adored.",love
It is hard to hide how heartbroken I feel about losing the opportunity. That is my honest reaction.,sadness
"After thinking about it, I am affectionate because of my family. It has stayed on my mind.",love
"At this moment, Today I feel disappointed; it is connected to the failed plan. It has stayed on my mind.",sadness
"After thinking about it, My mood is adored after the person I care about. That is my honest reaction.",love
"Honestly, our time together makes me feel tender. It has stayed on my mind.",love
"I have to admit, Today I feel unexpectedly amazed; it is connected to the last-minute change. It has stayed on my mind.",surprise
"To be honest, Right now I am completely romantic.",love
Thinking about our time together leaves me adored. I can feel it strongly.,love
"After thinking about it, The way I feel can only be described as annoyed. It has stayed on my mind.",anger
The way I feel can only be described as shocked.,surprise
"After thinking about it, My mood is enraged after the broken promise. It has stayed on my mind.",anger
"To be honest, It is hard to hide how mad I feel about being ignored. I can feel it strongly.",anger
"After thinking about it, Today I feel romantic; it is connected to the person I care about. That is my honest reaction.",love
"I have to admit, I feel deeply optimistic about my great result.",joy
"At this moment, I feel truly down about missing my friends. I can feel it strongly.",sadness
"To be honest, I am cheerful because of my great result. The feeling is difficult to ignore.",joy
"At this moment, My mood is excited after the new opportunity. I can feel it strongly.",joy
The way I feel can only be described as cross.,anger
"After thinking about it, I am loving because of the person I care about. That is my honest reaction.",love
"At this moment, I am astonished because of the unexpected announcement. It has stayed on my mind.",surprise
I am enraged because of the repeated mistake. That is my honest reaction.,anger
"I have to admit, Honestly, finishing the project makes me feel optimistic. That is my honest reaction.",joy
Today I feel astonished; it is connected to the unexpected announcement. I can feel it strongly.,surprise
"After thinking about it, My mood is outraged after the repeated mistake. It has stayed on my mind.",anger
I feel so devoted about the kindness I received. The feeling is difficult to ignore.,love
My mood is gloomy after the difficult goodbye. The feeling is difficult to ignore.,sadness
"After thinking about it, Today I feel terrified; it is connected to what might happen tomorrow. The feeling is difficult to ignore.",fear
"I have to admit, It is hard to hide how annoyed I feel about the unfair decision. I can feel it strongly.",anger
"After thinking about it, I am mad because of the unnecessary delay. I can feel it strongly.",anger
"After thinking about it, The way I feel can only be described as miserable. It has stayed on my mind.",sadness
"I have to admit, I feel extremely tender about a thoughtful message. I can feel it strongly.",love
"I have to admit, The way I feel can only be described as amazed. The feeling is difficult to ignore.",surprise
The way I feel can only be described as resentful.,anger
It is hard to hide how thrilled I feel about my great result. It has stayed on my mind.,joy
I feel truly worried about what might happen tomorrow. The feeling is difficult to ignore.,fear
"After thinking about it, It is hard to hide how optimistic I feel about today's good news. I can feel it strongly.",joy
"I have to admit, Today I feel close; it is connected to the kindness I received. It has stayed on my mind.",love
"After thinking about it, Right now I am so thrilled.",joy
"I have to admit, I am delighted because of today's good news. It has stayed on my mind.",joy
"After thinking about it, I am cross because of the unnecessary delay. I can feel it strongly.",anger
"After thinking about it, Today I feel caring; it is connected to a thoughtful message.",love
"At this moment, Thinking about the risky journey leaves me nervous. It has stayed on my mind.",fear
"After thinking about it, Thinking about missing my friends leaves me unhappy. It has stayed on my mind.",sadness
"I have to admit, The way I feel can only be described as terrified. The feeling is difficult to ignore.",fear
"At this moment, I feel very frightened about speaking in public. That is my honest reaction.",fear
"At this moment, The way I feel can only be described as optimistic. It has stayed on my mind.",joy
"I have to admit, My mood is grateful after the new opportunity.",joy
"To be honest, I am delighted because of meeting my friends. The feeling is difficult to ignore.",joy
"I have to admit, The way I feel can only be described as panicked. That is my honest reaction.",fear
"At this moment, Honestly, the last-minute change makes me feel startled. That is my honest reaction.",surprise
"At this moment, I am thrilled because of the wonderful celebration. That is my honest reaction.",joy
"At this moment, Thinking about my family leaves me close. The feeling is difficult to ignore.",love
"To be honest, I keep feeling unhappy whenever I remember the failed plan.",sadness
"I have to admit, It is hard to hide how afraid I feel about the sudden noise. That is my honest reaction.",fear
"I have to admit, Right now I am truly thrilled. That is my honest reaction.",joy
"I have to admit, It is hard to hide how close I feel about the kindness I received. I can feel it strongly.",love
"I have to admit, I keep feeling fond whenever I remember the kindness I received. The feeling is difficult to ignore.",love
The way I feel can only be described as adored. The feeling is difficult to ignore.,love
"I have to admit, Honestly, the unexpected announcement makes me feel taken aback. It has stayed on my mind.",surprise
"At this moment, I keep feeling fond whenever I remember the kindness I received. It has stayed on my mind.",love
"To be honest, Right now I am quite warm. It has stayed on my mind.",love
"I have to admit, I keep feeling scared whenever I remember what might happen tomorrow. The feeling is difficult to ignore.",fear
My mood is down after a lonely evening. The feeling is difficult to ignore.,sadness
Today I feel uneasy; it is connected to speaking in public. I can feel it strongly.,fear
The way I feel can only be described as thrilled. The feeling is difficult to ignore.,joy
My mood is in disbelief after the unbelievable result. That is my honest reaction.,surprise
"After thinking about it, Today I feel sad; it is connected to losing the opportunity. It has stayed on my mind.",sadness
"At this moment, Honestly, meeting my friends makes me feel excited. The feeling is difficult to ignore.",joy
"I have to admit, I am cross because of the repeated mistake.",anger
"At this moment, My mood is in disbelief after the shocking update.",surprise
"I have to admit, Today I feel panicked; it is connected to what might happen tomorrow. The feeling is difficult to ignore.",fear
"After thinking about it, Right now I am incredibly sorrowful. That is my honest reaction.",sadness
"After thinking about it, My mood is joyful after the new opportunity. I can feel it strongly.",joy
"After thinking about it, I keep feeling delighted whenever I remember my great result. The feeling is difficult to ignore.",joy
"At this moment, Honestly, the difficult goodbye makes me feel miserable.",sadness
Thinking about the surprise visitor leaves me amazed.,surprise
"I have to admit, Right now I am so thrilled.",joy
"After thinking about it, Today I feel scared; it is connected to the uncertain situation. It has stayed on my mind.",fear
"At this moment, It is hard to hide how sad I feel about the failed plan. I can feel it strongly.",sadness
"To be honest, Honestly, our time together makes me feel romantic. I can feel it strongly.",love
"After thinking about it, My mood is fearful after speaking in public.",fear
"I have to admit, Honestly, the shocking update makes me feel shocked. The feeling is difficult to ignore.",surprise
"I have to admit, I keep feeling in disbelief whenever I remember the unexpected announcement. I can feel it strongly.",surprise
"To be honest, Right now I am quite disappointed. It has stayed on my mind.",sadness
"I have to admit, I feel completely terrified about the sudden noise. The feeling is difficult to ignore.",fear
"To be honest, Today I feel close; it is connected to the person I care about. It has stayed on my mind.",love
Today I feel tearful; it is connected to a lonely evening. I can feel it strongly.,sadness
Today I feel fearful; it is connected to what might happen tomorrow.,fear
My mood is loving after a thoughtful message. I can feel it strongly.,love
"After thinking about it, It is hard to hide how joyful I feel about today's good news. It has stayed on my mind.",joy
"To be honest, Right now I am extremely taken aback. That is my honest reaction.",surprise
"I have to admit, Thinking about a lonely evening leaves me disappointed. That is my honest reaction.",sadness
It is hard to hide how anxious I feel about speaking in public. I can feel it strongly.,fear
"After thinking about it, It is hard to hide how excited I feel about today's good news. It has stayed on my mind.",joy
"After thinking about it, Right now I am deeply annoyed. That is my honest reaction.",anger
Thinking about the repeated mistake leaves me irritated. That is my honest reaction.,anger
"I have to admit, The way I feel can only be described as adored. It has stayed on my mind.",love
I keep feeling joyful whenever I remember the wonderful celebration. I can feel it strongly.,joy
"After thinking about it, The way I feel can only be described as in disbelief. The feeling is difficult to ignore.",surprise
"At this moment, Honestly, a thoughtful message makes me feel devoted. It has stayed on my mind.",love
"At this moment, Right now I am so stunned. The feeling is difficult to ignore.",surprise
"I have to admit, My mood is lonely after the disappointing news. I can feel it strongly.",sadness
"I have to admit, My mood is frustrated after being ignored. I can feel it strongly.",anger
"At this moment, Thinking about today's good news leaves me pleased. The feeling is difficult to ignore.",joy
"I have to admit, Right now I am incredibly loving. That is my honest reaction.",love
"After thinking about it, I feel very affectionate about my family. It has stayed on my mind.",love
"To be honest, Today I feel outraged; it is connected to the broken promise.",anger
"To be honest, My mood is devoted after my family. I can feel it strongly.",love
"At this moment, Today I feel shocked; it is connected to the unbelievable result. I can feel it strongly.",surprise
Right now I am so mad. That is my honest reaction.,anger
The way I feel can only be described as pleased. I can feel it strongly.,joy
"At this moment, I feel quite uneasy about the risky journey. I can feel it strongly.",fear
"I have to admit, I feel so close about our time together. The feeling is difficult to ignore.",love
"I have to admit, I feel completely down about missing my friends. I can feel it strongly.",sadness
"At this moment, Right now I am extremely wonderful. I can feel it strongly.",joy
"To be honest, My mood is fond after the kindness I received. The feeling is difficult to ignore.",love
"I have to admit, I keep feeling in disbelief whenever I remember the unbelievable result. It has stayed on my mind.",surprise
"I have to admit, I feel really stunned about the surprise visitor. The feeling is difficult to ignore.",surprise
"After thinking about it, My mood is unhappy after losing the opportunity. It has stayed on my mind.",sadness
"I have to admit, Honestly, the sudden gift makes me feel shocked. That is my honest reaction.",surprise
"At this moment, Today I feel warm; it is connected to the person I care about.",love
"To be honest, I feel very grateful about today's good news. That is my honest reaction.",joy
"After thinking about it, Right now I am so disappointed.",sadness
Today I feel warm; it is connected to my family. That is my honest reaction.,love
"I have to admit, Thinking about the repeated mistake leaves me annoyed. The feeling is difficult to ignore.",anger
"I have to admit, I feel completely caring about my closest friend. I can feel it strongly.",love
"To be honest, I am nervous because of the uncertain situation. The feeling is difficult to ignore.",fear
"To be honest, I am outraged because of the unnecessary delay. I can feel it strongly.",anger
"At this moment, I keep feeling lonely whenever I remember the failed plan.",sadness
"After thinking about it, The way I feel can only be described as scared. That is my honest reaction.",fear
"I have to admit, It is hard to hide how cross I feel about the repeated mistake. That is my honest reaction.",anger
Right now I am very irritated. I can feel it strongly.,anger
"After thinking about it, It is hard to hide how grateful I feel about meeting my friends. That is my honest reaction.",joy
"At this moment, It is hard to hide how romantic I feel about the kindness I received.",love
"At this moment, I keep feeling frightened whenever I remember the uncertain situation. I can feel it strongly.",fear
"I have to admit, I feel very disappointed about missing my friends. The feeling is difficult to ignore.",sadness
"After thinking about it, It is hard to hide how afraid I feel about the upcoming examination.",fear
"Honestly, the uncertain situation makes me feel nervous. That is my honest reaction.",fear
"To be honest, It is hard to hide how frustrated I feel about being ignored.",anger
"After thinking about it, I keep feeling happy whenever I remember finishing the project. It has stayed on my mind.",joy
"After thinking about it, It is hard to hide how frustrated I feel about the repeated mistake.",anger
"To be honest, The way I feel can only be described as terrified. The feeling is difficult to ignore.",fear
"I have to admit, My mood is cheerful after the wonderful celebration. The feeling is difficult to ignore.",joy
"To be honest, My mood is loving after my closest friend. I can feel it strongly.",love
"At this moment, It is hard to hide how unexpectedly amazed I feel about the unexpected announcement. It has stayed on my mind.",surprise
"At this moment, Right now I am so caring. That is my honest reaction.",love
Right now I am extremely down. I can feel it strongly.,sadness
"To be honest, I feel completely caring about my closest friend. The feeling is difficult to ignore.",love
"To be honest, I feel very startled about the unbelievable result. That is my honest reaction.",surprise
"To be honest, I feel genuinely cheerful about the wonderful celebration. That is my honest reaction.",joy
"I have to admit, I keep feeling affectionate whenever I remember my family. I can feel it strongly.",love
Today I feel adored; it is connected to the person I care about. The feeling is difficult to ignore.,love
"I have to admit, I am miserable because of the disappointing news. The feeling is difficult to ignore.",sadness
"I have to admit, I feel quite mad about the unfair decision.",anger
"To be honest, The way I feel can only be described as worried. I can feel it strongly.",fear
"At this moment, It is hard to hide how speechless I feel about the sudden gift. It has stayed on my mind.",surprise
"At this moment, Right now I am completely frightened. The feeling is difficult to ignore.",fear
"Honestly, the broken promise makes me feel furious. That is my honest reaction.",anger
My mood is angry after the unfair decision. I can feel it strongly.,anger
"At this moment, It is hard to hide how grateful I feel about finishing the project.",joy
"After thinking about it, Right now I am genuinely heartbroken.",sadness
"To be honest, I keep feeling devoted whenever I remember the kindness I received. I can feel it strongly.",love
"I have to admit, Today I feel sad; it is connected to missing my friends. That is my honest reaction.",sadness
"I have to admit, It is hard to hide how annoyed I feel about the rude response. It has stayed on my mind.",anger
"To be honest, Honestly, meeting my friends makes me feel pleased. The feeling is difficult to ignore.",joy
Right now I am quite romantic. That is my honest reaction.,love
I feel quite frustrated about the unfair decision. It has stayed on my mind.,anger
Today I feel annoyed; it is connected to being ignored.,anger
"At this moment, Honestly, my family makes me feel close.",love
"I have to admit, Right now I am very worried. The feeling is difficult to ignore.",fear
"I have to admit, The way I feel can only be described as loving. The feeling is difficult to ignore.",love
"I have to admit, I keep feeling gloomy whenever I remember missing my friends. I can feel it strongly.",sadness
"To be honest, I am thrilled because of the new opportunity. That is my honest reaction.",joy
"I have to admit, I keep feeling sad whenever I remember a lonely evening.",sadness
"I have to admit, Thinking about the unexpected announcement leaves me surprised.",surprise
I keep feeling disappointed whenever I remember losing the opportunity. The feeling is difficult to ignore.,sadness
"To be honest, I am lonely because of the failed plan. The feeling is difficult to ignore.",sadness
It is hard to hide how taken aback I feel about the surprise visitor.,surprise
"To be honest, Right now I am very loving. It has stayed on my mind.",love
"After thinking about it, My mood is excited after my great result. It has stayed on my mind.",joy
"At this moment, My mood is lonely after the difficult goodbye. It has stayed on my mind.",sadness
"At this moment, It is hard to hide how in disbelief I feel about the surprise visitor. I can feel it strongly.",surprise
"To be honest, My mood is tearful after the disappointing news. The feeling is difficult to ignore.",sadness
"After thinking about it, I keep feeling anxious whenever I remember speaking in public. It has stayed on my mind.",fear
"At this moment, I keep feeling cheerful whenever I remember meeting my friends. It has stayed on my mind.",joy
"After thinking about it, The way I feel can only be described as unexpectedly amazed. That is my honest reaction.",surprise
The way I feel can only be described as resentful. The feeling is difficult to ignore.,anger
"After thinking about it, The way I feel can only be described as lonely.",sadness
"After thinking about it, My mood is uneasy after the risky journey. It has stayed on my mind.",fear
"At this moment, Thinking about the unexpected announcement leaves me shocked. That is my honest reaction.",surprise
"After thinking about it, My mood is sorrowful after missing my friends. I can feel it strongly.",sadness
"I have to admit, The way I feel can only be described as devoted.",love
The way I feel can only be described as frightened. I can feel it strongly.,fear
"To be honest, I keep feeling speechless whenever I remember the unbelievable result. That is my honest reaction.",surprise
"To be honest, It is hard to hide how affectionate I feel about my closest friend. That is my honest reaction.",love
"At this moment, It is hard to hide how stunned I feel about the surprise visitor. It has stayed on my mind.",surprise
"At this moment, I feel incredibly heartbroken about the failed plan. It has stayed on my mind.",sadness
"I have to admit, Honestly, the repeated mistake makes me feel cross. It has stayed on my mind.",anger
"At this moment, Honestly, the shocking update makes me feel startled. It has stayed on my mind.",surprise
"After thinking about it, Thinking about the sudden noise leaves me frightened.",fear
"To be honest, My mood is stunned after the surprise visitor. It has stayed on my mind.",surprise
"At this moment, I am down because of missing my friends. The feeling is difficult to ignore.",sadness
"I have to admit, My mood is uneasy after the uncertain situation. It has stayed on my mind.",fear
"To be honest, Honestly, the unexpected announcement makes me feel stunned. That is my honest reaction.",surprise
"At this moment, Thinking about the last-minute change leaves me unexpectedly amazed. The feeling is difficult to ignore.",surprise
"I have to admit, My mood is romantic after the kindness I received.",love
"I have to admit, Right now I am truly down.",sadness
I keep feeling afraid whenever I remember the risky journey. I can feel it strongly.,fear
I feel truly amazed about the unexpected announcement. It has stayed on my mind.,surprise
"To be honest, Today I feel panicked; it is connected to what might happen tomorrow. The feeling is difficult to ignore.",fear
"At this moment, Thinking about today's good news leaves me grateful. That is my honest reaction.",joy
"To be honest, Right now I am completely tender. It has stayed on my mind.",love
I keep feeling worried whenever I remember the sudden noise. That is my honest reaction.,fear
"After thinking about it, Today I feel unhappy; it is connected to the difficult goodbye.",sadness
"At this moment, I feel quite sad about the disappointing news. That is my honest reaction.",sadness
Today I feel enraged; it is connected to the repeated mistake. I can feel it strongly.,anger
"At this moment, My mood is frightened after speaking in public. The feeling is difficult to ignore.",fear
Thinking about my great result leaves me thrilled. I can feel it strongly.,joy
"At this moment, Today I feel worried; it is connected to speaking in public. I can feel it strongly.",fear
"At this moment, Honestly, speaking in public makes me feel fearful. The feeling is difficult to ignore.",fear
"At this moment, It is hard to hide how worried I feel about the risky journey. I can feel it strongly.",fear
"After thinking about it, I am stunned because of the surprise visitor. That is my honest reaction.",surprise
"To be honest, I feel incredibly irritated about the broken promise.",anger
"At this moment, My mood is outraged after the unnecessary delay. The feeling is difficult to ignore.",anger
"I have to admit, I keep feeling tender whenever I remember the person I care about. That is my honest reaction.",love
"At this moment, Honestly, the last-minute change makes me feel shocked. The feeling is difficult to ignore.",surprise
"To be honest, I keep feeling angry whenever I remember the repeated mistake. It has stayed on my mind.",anger
"To be honest, It is hard to hide how thrilled I feel about the wonderful celebration. That is my honest reaction.",joy
"At this moment, Today I feel warm; it is connected to my closest friend. It has stayed on my mind.",love
"At this moment, I am anxious because of what might happen tomorrow. It has stayed on my mind.",fear
"After thinking about it, I keep feeling adored whenever I remember my closest friend. It has stayed on my mind.",love
Right now I am very unexpectedly amazed. I can feel it strongly.,surprise
"I have to admit, Thinking about my great result leaves me wonderful. The feeling is difficult to ignore.",joy
"At this moment, I keep feeling startled whenever I remember the sudden gift.",surprise
"At this moment, It is hard to hide how furious I feel about the unfair decision. It has stayed on my mind.",anger
"I have to admit, It is hard to hide how anxious I feel about the risky journey. The feeling is difficult to ignore.",fear
"To be honest, The way I feel can only be described as nervous. I can feel it strongly.",fear
"To be honest, Thinking about the difficult goodbye leaves me disappointed. The feeling is difficult to ignore.",sadness
I am amazed because of the sudden gift. I can feel it strongly.,surprise
"At this moment, Right now I am extremely optimistic. I can feel it strongly.",joy
"I have to admit, My mood is panicked after speaking in public. It has stayed on my mind.",fear
"After thinking about it, The way I feel can only be described as surprised. The feeling is difficult to ignore.",surprise
"To be honest, The way I feel can only be described as mad. It has stayed on my mind.",anger
"I have to admit, Honestly, the unfair decision makes me feel enraged. It has stayed on my mind.",anger
"At this moment, Honestly, the uncertain situation makes me feel panicked. That is my honest reaction.",fear
"To be honest, I keep feeling worried whenever I remember the upcoming examination. The feeling is difficult to ignore.",fear
"At this moment, I am wonderful because of finishing the project. The feeling is difficult to ignore.",joy
"At this moment, My mood is cheerful after meeting my friends. I can feel it strongly.",joy
"At this moment, Right now I am very amazed.",surprise
"To be honest, Today I feel excited; it is connected to finishing the project. I can feel it strongly.",joy
"I have to admit, Honestly, the rude response makes me feel mad. The feeling is difficult to ignore.",anger
"I have to admit, The way I feel can only be described as startled. The feeling is difficult to ignore.",surprise
I feel completely in disbelief about the unbelievable result.,surprise
"After thinking about it, I am amazed because of the unbelievable result.",surprise
"To be honest, I am loving because of my family. I can feel it strongly.",love
"Honestly, what might happen tomorrow makes me feel fearful. The feeling is difficult to ignore.",fear
"To be honest, My mood is irritated after the unfair decision. I can feel it strongly.",anger
"At this moment, Honestly, the broken promise makes me feel outraged. That is my honest reaction.",anger
"I have to admit, It is hard to hide how shocked I feel about the sudden gift. That is my honest reaction.",surprise
"At this moment, Honestly, today's good news makes me feel wonderful. The feeling is difficult to ignore.",joy
"I have to admit, I feel completely cheerful about the new opportunity. That is my honest reaction.",joy
"After thinking about it, Thinking about the unexpected announcement leaves me stunned. I can feel it strongly.",surprise
I keep feeling in disbelief whenever I remember the last-minute change. It has stayed on my mind.,surprise
"To be honest, I feel truly warm about our time together. It has stayed on my mind.",love
"To be honest, I feel really cross about the rude response.",anger
"I have to admit, Thinking about the wonderful celebration leaves me cheerful. It has stayed on my mind.",joy
"I have to admit, I am frustrated because of the repeated mistake. It has stayed on my mind.",anger
"To be honest, Right now I am truly unexpectedly amazed. I can feel it strongly.",surprise
"I have to admit, I feel quite surprised about the unbelievable result. I can feel it strongly.",surprise
"At this moment, I keep feeling astonished whenever I remember the unexpected announcement. The feeling is difficult to ignore.",surprise
"To be honest, Honestly, the disappointing news makes me feel tearful.",sadness
"At this moment, Right now I am really stunned. The feeling is difficult to ignore.",surprise
"To be honest, Thinking about the sudden gift leaves me startled. It has stayed on my mind.",surprise
"To be honest, I am affectionate because of the kindness I received. It has stayed on my mind.",love
"At this moment, I keep feeling scared whenever I remember what might happen tomorrow. The feeling is difficult to ignore.",fear
"At this moment, The way I feel can only be described as gloomy. I can feel it strongly.",sadness
"I have to admit, I keep feeling sad whenever I remember missing my friends. It has stayed on my mind.",sadness
Right now I am really speechless. It has stayed on my mind.,surprise
"After thinking about it, Today I feel grateful; it is connected to the new opportunity. I can feel it strongly.",joy
"I have to admit, I am delighted because of the new opportunity. The feeling is difficult to ignore.",joy
"At this moment, Right now I am quite sorrowful. That is my honest reaction.",sadness
"At this moment, Right now I am genuinely loving. That is my honest reaction.",love
"At this moment, Right now I am deeply tender.",love
"Honestly, the last-minute change makes me feel amazed. I can feel it strongly.",surprise
"At this moment, I keep feeling down whenever I remember losing the opportunity. It has stayed on my mind.",sadness
"At this moment, Honestly, meeting my friends makes me feel wonderful. That is my honest reaction.",joy
"At this moment, Honestly, the shocking update makes me feel in disbelief.",surprise
"At this moment, Right now I am completely speechless. That is my honest reaction.",surprise
I feel genuinely heartbroken about a lonely evening. The feeling is difficult to ignore.,sadness
"After thinking about it, It is hard to hide how unhappy I feel about the disappointing news. That is my honest reaction.",sadness
"I have to admit, It is hard to hide how miserable I feel about missing my friends. It has stayed on my mind.",sadness
"To be honest, Thinking about my closest friend leaves me warm.",love
"I have to admit, I keep feeling stunned whenever I remember the shocking update. It has stayed on my mind.",surprise
"To be honest, I keep feeling pleased whenever I remember my great result.",joy
The way I feel can only be described as down. I can feel it strongly.,sadness
"I have to admit, The way I feel can only be described as taken aback.",surprise
"To be honest, I keep feeling mad whenever I remember the repeated mistake. The feeling is difficult to ignore.",anger
"To be honest, Honestly, my great result makes me feel happy.",joy
The way I feel can only be described as speechless. I can feel it strongly.,surprise
"To be honest, Right now I am truly uneasy. That is my honest reaction.",fear
"At this moment, Honestly, the shocking update makes me feel stunned. It has stayed on my mind.",surprise
"To be honest, It is hard to hide how tender I feel about my family.",love
"At this moment, I keep feeling unhappy whenever I remember the disappointing news.",sadness
"I have to admit, I feel so mad about the broken promise. The feeling is difficult to ignore.",anger
"I have to admit, Thinking about the difficult goodbye leaves me unhappy. The feeling is difficult to ignore.",sadness
"At this moment, It is hard to hide how frustrated I feel about the repeated mistake.",anger
Today I feel warm; it is connected to the person I care about.,love
"At this moment, Right now I am quite resentful. That is my honest reaction.",anger
"To be honest, I feel incredibly devoted about the person I care about. The feeling is difficult to ignore.",love
"I have to admit, My mood is fond after my closest friend. That is my honest reaction.",love
My mood is annoyed after the rude response. It has stayed on my mind.,anger
"I have to admit, It is hard to hide how heartbroken I feel about a lonely evening.",sadness
"At this moment, Honestly, my great result makes me feel thrilled. I can feel it strongly.",joy
Thinking about our time together leaves me romantic. It has stayed on my mind.,love
"At this moment, I feel extremely angry about being ignored. It has stayed on my mind.",anger
"At this moment, Honestly, the sudden gift makes me feel surprised. It has stayed on my mind.",surprise
"After thinking about it, I keep feeling surprised whenever I remember the shocking update. That is my honest reaction.",surprise
"After thinking about it, I keep feeling fearful whenever I remember the upcoming examination. That is my honest reaction.",fear
"At this moment, Honestly, the disappointing news makes me feel down. I can feel it strongly.",sadness
"After thinking about it, It is hard to hide how delighted I feel about the wonderful celebration. I can feel it strongly.",joy
"At this moment, The way I feel can only be described as amazed.",surprise
"After thinking about it, Today I feel frustrated; it is connected to being ignored. The feeling is difficult to ignore.",anger
"After thinking about it, My mood is happy after meeting my friends.",joy
"I have to admit, I am loving because of the person I care about. I can feel it strongly.",love
"After thinking about it, Thinking about my closest friend leaves me romantic. It has stayed on my mind.",love
"I have to admit, I am unexpectedly amazed because of the unbelievable result. That is my honest reaction.",surprise
"At this moment, I keep feeling frustrated whenever I remember the rude response. I can feel it strongly.",anger
"After thinking about it, The way I feel can only be described as speechless. I can feel it strongly.",surprise
"After thinking about it, My mood is fond after the person I care about. It has stayed on my mind.",love
"At this moment, Thinking about speaking in public leaves me scared. I can feel it strongly.",fear
"After thinking about it, I am startled because of the unexpected announcement. It has stayed on my mind.",surprise
"I have to admit, I keep feeling tearful whenever I remember the disappointing news. That is my honest reaction.",sadness
My mood is stunned after the unbelievable result. The feeling is difficult to ignore.,surprise
"I have to admit, Right now I am so enraged. I can feel it strongly.",anger
"I have to admit, Right now I am incredibly worried. That is my honest reaction.",fear
"To be honest, My mood is heartbroken after the disappointing news. The feeling is difficult to ignore.",sadness
"To be honest, Honestly, my closest friend makes me feel affectionate. It has stayed on my mind.",love
"To be honest, It is hard to hide how worried I feel about speaking in public. It has stayed on my mind.",fear
"To be honest, It is hard to hide how heartbroken I feel about losing the opportunity. I can feel it strongly.",sadness
"To be honest, It is hard to hide how enraged I feel about the broken promise. It has stayed on my mind.",anger
"I have to admit, I feel completely fearful about what might happen tomorrow. The feeling is difficult to ignore.",fear
"After thinking about it, Right now I am genuinely annoyed.",anger
"To be honest, I am pleased because of the new opportunity. It has stayed on my mind.",joy
"To be honest, I keep feeling happy whenever I remember finishing the project. The feeling is difficult to ignore.",joy
Thinking about speaking in public leaves me uneasy. It has stayed on my mind.,fear
"To be honest, It is hard to hide how warm I feel about my closest friend. I can feel it strongly.",love
"I have to admit, Honestly, the unnecessary delay makes me feel angry. That is my honest reaction.",anger
"At this moment, My mood is stunned after the sudden gift. It has stayed on my mind.",surprise
"At this moment, Right now I am incredibly afraid. The feeling is difficult to ignore.",fear
"At this moment, My mood is scared after what might happen tomorrow. The feeling is difficult to ignore.",fear
"At this moment, My mood is unexpectedly amazed after the surprise visitor.",surprise
"To be honest, Thinking about the surprise visitor leaves me surprised. The feeling is difficult to ignore.",surprise
"At this moment, Thinking about the repeated mistake leaves me outraged. It has stayed on my mind.",anger
"At this moment, The way I feel can only be described as stunned. It has stayed on my mind.",surprise
"To be honest, The way I feel can only be described as tearful. I can feel it strongly.",sadness
"After thinking about it, The way I feel can only be described as afraid. The feeling is difficult to ignore.",fear
"At this moment, Right now I am incredibly stunned. It has stayed on my mind.",surprise
Right now I am extremely miserable. That is my honest reaction.,sadness
"I have to admit, Thinking about being ignored leaves me enraged.",anger
"After thinking about it, Honestly, the difficult goodbye makes me feel gloomy. The feeling is difficult to ignore.",sadness
"I have to admit, Right now I am truly resentful. It has stayed on my mind.",anger
"At this moment, It is hard to hide how excited I feel about my great result. I can feel it strongly.",joy
"I have to admit, I keep feeling frightened whenever I remember the risky journey. It has stayed on my mind.",fear
"At this moment, Honestly, the repeated mistake makes me feel resentful. The feeling is difficult to ignore.",anger
"At this moment, Right now I am very fond.",love
"I have to admit, I am affectionate because of my family. That is my honest reaction.",love
"To be honest, Thinking about a lonely evening leaves me sorrowful. It has stayed on my mind.",sadness
"To be honest, Thinking about a lonely evening leaves me tearful.",sadness
"To be honest, Honestly, being ignored makes me feel angry.",anger
"I have to admit, I feel deeply fond about my family.",love
"To be honest, Today I feel worried; it is connected to speaking in public. It has stayed on my mind.",fear
My mood is cross after being ignored. That is my honest reaction.,anger
"I have to admit, Today I feel mad; it is connected to the unfair decision.",anger
"I have to admit, I am tender because of the person I care about. The feeling is difficult to ignore.",love
"To be honest, The way I feel can only be described as angry. That is my honest reaction.",anger
"I have to admit, My mood is happy after the new opportunity.",joy
I feel so disappointed about the disappointing news.,sadness
"At this moment, I feel so miserable about the failed plan. I can feel it strongly.",sadness
"At this moment, Thinking about missing my friends leaves me disappointed.",sadness
"After thinking about it, I keep feeling shocked whenever I remember the unbelievable result. That is my honest reaction.",surprise
"After thinking about it, It is hard to hide how caring I feel about my closest friend. That is my honest reaction.",love
"To be honest, I am joyful because of today's good news. The feeling is difficult to ignore.",joy
"Honestly, a thoughtful message makes me feel fond. I can feel it strongly.",love
Right now I am truly in disbelief. It has stayed on my mind.,surprise
"After thinking about it, My mood is happy after meeting my friends. That is my honest reaction.",joy
"At this moment, I feel incredibly frustrated about the repeated mistake. The feeling is difficult to ignore.",anger
The way I feel can only be described as amazed.,surprise
"To be honest, I keep feeling caring whenever I remember the person I care about. I can feel it strongly.",love
"At this moment, I keep feeling warm whenever I remember my closest friend. I can feel it strongly.",love
"At this moment, It is hard to hide how down I feel about the failed plan.",sadness
"After thinking about it, Today I feel afraid; it is connected to the sudden noise. The feeling is difficult to ignore.",fear
"To be honest, Honestly, the repeated mistake makes me feel frustrated. The feeling is difficult to ignore.",anger
"To be honest, I am romantic because of a thoughtful message. It has stayed on my mind.",love
I feel genuinely panicked about the sudden noise. I can feel it strongly.,fear
My mood is anxious after the upcoming examination. The feeling is difficult to ignore.,fear
"To be honest, Thinking about a lonely evening leaves me unhappy.",sadness
"I have to admit, I keep feeling enraged whenever I remember being ignored.",anger
"To be honest, Thinking about the risky journey leaves me nervous. It has stayed on my mind.",fear
"To be honest, I am annoyed because of the repeated mistake. The feeling is difficult to ignore.",anger
"To be honest, My mood is cross after the rude response.",anger
"To be honest, It is hard to hide how astonished I feel about the unexpected announcement. It has stayed on my mind.",surprise
Right now I am incredibly scared. That is my honest reaction.,fear
"To be honest, I keep feeling angry whenever I remember the unfair decision. It has stayed on my mind.",anger
"I have to admit, The way I feel can only be described as worried. That is my honest reaction.",fear
"After thinking about it, I feel completely taken aback about the sudden gift.",surprise
"I have to admit, It is hard to hide how delighted I feel about the new opportunity. I can feel it strongly.",joy
"To be honest, My mood is terrified after the risky journey. I can feel it strongly.",fear
"After thinking about it, Right now I am genuinely angry.",anger
"At this moment, I keep feeling lonely whenever I remember losing the opportunity.",sadness
"To be honest, Right now I am incredibly cheerful.",joy
"At this moment, Thinking about finishing the project leaves me delighted.",joy
"I have to admit, Honestly, the risky journey makes me feel fearful. It has stayed on my mind.",fear
"After thinking about it, Right now I am so frightened. I can feel it strongly.",fear
"To be honest, I feel really fond about my family. I can feel it strongly.",love
"To be honest, Honestly, the unbelievable result makes me feel taken aback. It has stayed on my mind.",surprise
"At this moment, Today I feel annoyed; it is connected to the unnecessary delay.",anger
"To be honest, Right now I am so worried. I can feel it strongly.",fear
"At this moment, I am panicked because of the uncertain situation.",fear
"To be honest, Right now I am very sad.",sadness
"At this moment, The way I feel can only be described as affectionate. That is my honest reaction.",love
It is hard to hide how unhappy I feel about losing the opportunity.,sadness
"To be honest, I am shocked because of the last-minute change.",surprise
"After thinking about it, I keep feeling irritated whenever I remember the rude response. I can feel it strongly.",anger
"To be honest, Right now I am very sad. That is my honest reaction.",sadness
"At this moment, I am heartbroken because of the disappointing news. It has stayed on my mind.",sadness
"To be honest, It is hard to hide how outraged I feel about the unnecessary delay. I can feel it strongly.",anger
"To be honest, Honestly, the uncertain situation makes me feel panicked. The feeling is difficult to ignore.",fear
Today I feel enraged; it is connected to the unnecessary delay. It has stayed on my mind.,anger
Today I feel warm; it is connected to the kindness I received. The feeling is difficult to ignore.,love
"After thinking about it, Right now I am deeply wonderful. That is my honest reaction.",joy
My mood is enraged after the unnecessary delay. I can feel it strongly.,anger
"To be honest, It is hard to hide how tender I feel about my closest friend.",love
"I have to admit, My mood is heartbroken after losing the opportunity.",sadness
I feel really grateful about finishing the project. It has stayed on my mind.,joy
"At this moment, The way I feel can only be described as fearful. It has stayed on my mind.",fear
It is hard to hide how shocked I feel about the unexpected announcement. That is my honest reaction.,surprise
"After thinking about it, My mood is optimistic after the new opportunity. That is my honest reaction.",joy
"To be honest, Right now I am so scared. That is my honest reaction.",fear
"To be honest, Honestly, the difficult goodbye makes me feel lonely. It has stayed on my mind.",sadness
"To be honest, Thinking about the shocking update leaves me surprised. It has stayed on my mind.",surprise
"I have to admit, It is hard to hide how unhappy I feel about the difficult goodbye. It has stayed on my mind.",sadness
"To be honest, Right now I am really fond. The feeling is difficult to ignore.",love
"After thinking about it, Honestly, the risky journey makes me feel nervous. It has stayed on my mind.",fear
I keep feeling grateful whenever I remember finishing the project.,joy
"I have to admit, It is hard to hide how furious I feel about the broken promise.",anger
"Honestly, being ignored makes me feel outraged. I can feel it strongly.",anger
"To be honest, My mood is mad after the rude response. The feeling is difficult to ignore.",anger
"I have to admit, The way I feel can only be described as fond. The feeling is difficult to ignore.",love
"To be honest, Today I feel devoted; it is connected to a thoughtful message.",love
"At this moment, I feel deeply unexpectedly amazed about the shocking update. The feeling is difficult to ignore.",surprise
The way I feel can only be described as tender. The feeling is difficult to ignore.,love
"After thinking about it, I feel extremely fond about a thoughtful message. The feeling is difficult to ignore.",love
"To be honest, The way I feel can only be described as anxious. I can feel it strongly.",fear
"To be honest, Right now I am so lonely. I can feel it strongly.",sadness
"After thinking about it, I feel really outraged about the broken promise. It has stayed on my mind.",anger
The way I feel can only be described as annoyed. The feeling is difficult to ignore.,anger
"At this moment, I am unexpectedly amazed because of the unbelievable result. That is my honest reaction.",surprise
"To be honest, I keep feeling frustrated whenever I remember the unnecessary delay. It has stayed on my mind.",anger
"At this moment, I feel truly down about the difficult goodbye. That is my honest reaction.",sadness
"After thinking about it, It is hard to hide how panicked I feel about the risky journey. It has stayed on my mind.",fear
I feel completely terrified about what might happen tomorrow. It has stayed on my mind.,fear
"After thinking about it, I keep feeling speechless whenever I remember the surprise visitor. That is my honest reaction.",surprise
The way I feel can only be described as wonderful.,joy
"To be honest, Thinking about the failed plan leaves me sorrowful. It has stayed on my mind.",sadness
"After thinking about it, The way I feel can only be described as frustrated.",anger
"After thinking about it, Today I feel outraged; it is connected to the broken promise.",anger
Today I feel in disbelief; it is connected to the surprise visitor. That is my honest reaction.,surprise
"At this moment, Thinking about what might happen tomorrow leaves me fearful. That is my honest reaction.",fear
"I have to admit, It is hard to hide how joyful I feel about meeting my friends.",joy
"After thinking about it, Thinking about the rude response leaves me cross. I can feel it strongly.",anger
Thinking about the sudden noise leaves me nervous. It has stayed on my mind.,fear
"I have to admit, I feel incredibly delighted about finishing the project. The feeling is difficult to ignore.",joy
"At this moment, I keep feeling devoted whenever I remember a thoughtful message. It has stayed on my mind.",love
"At this moment, The way I feel can only be described as frustrated. That is my honest reaction.",anger
"To be honest, I am warm because of my family.",love
"Honestly, the upcoming examination makes me feel worried. It has stayed on my mind.",fear
I keep feeling mad whenever I remember the repeated mistake.,anger
"After thinking about it, I am afraid because of the uncertain situation. I can feel it strongly.",fear
"I have to admit, My mood is uneasy after the sudden noise. It has stayed on my mind.",fear
I feel truly pleased about today's good news. I can feel it strongly.,joy
My mood is gloomy after the failed plan.,sadness
"To be honest, I am sorrowful because of the failed plan. I can feel it strongly.",sadness
"To be honest, Honestly, the failed plan makes me feel tearful. It has stayed on my mind.",sadness
"To be honest, I feel really terrified about the upcoming examination. It has stayed on my mind.",fear
"After thinking about it, Right now I am very delighted. I can feel it strongly.",joy
"At this moment, Right now I am so pleased. The feeling is difficult to ignore.",joy
"After thinking about it, Today I feel cross; it is connected to the broken promise. The feeling is difficult to ignore.",anger
"I have to admit, Honestly, the last-minute change makes me feel surprised. That is my honest reaction.",surprise
"At this moment, Right now I am completely shocked. The feeling is difficult to ignore.",surprise
"To be honest, My mood is frightened after the uncertain situation. It has stayed on my mind.",fear
"To be honest, I feel really thrilled about today's good news. I can feel it strongly.",joy
"At this moment, I am optimistic because of meeting my friends. It has stayed on my mind.",joy
"After thinking about it, My mood is close after a thoughtful message. The feeling is difficult to ignore.",love
"To be honest, My mood is enraged after being ignored. I can feel it strongly.",anger
"To be honest, The way I feel can only be described as frightened. It has stayed on my mind.",fear
"I have to admit, I keep feeling outraged whenever I remember the unnecessary delay.",anger
"After thinking about it, Thinking about a lonely evening leaves me miserable. The feeling is difficult to ignore.",sadness
"After thinking about it, I am caring because of my family. That is my honest reaction.",love
I feel incredibly anxious about speaking in public. I can feel it strongly.,fear
"To be honest, Honestly, the last-minute change makes me feel amazed. The feeling is difficult to ignore.",surprise
"At this moment, Right now I am deeply sorrowful. That is my honest reaction.",sadness
"To be honest, I keep feeling taken aback whenever I remember the unbelievable result.",surprise
"To be honest, I feel truly afraid about the upcoming examination. That is my honest reaction.",fear
"At this moment, My mood is cheerful after my great result. It has stayed on my mind.",joy
"At this moment, Right now I am quite romantic. That is my honest reaction.",love
"After thinking about it, I feel quite astonished about the shocking update. I can feel it strongly.",surprise
My mood is anxious after the risky journey. It has stayed on my mind.,fear
"To be honest, It is hard to hide how pleased I feel about the wonderful celebration.",joy
"I have to admit, Today I feel gloomy; it is connected to a lonely evening. That is my honest reaction.",sadness
The way I feel can only be described as happy. The feeling is difficult to ignore.,joy
I feel quite afraid about speaking in public.,fear
"After thinking about it, My mood is taken aback after the unexpected announcement. It has stayed on my mind.",surprise
"At this moment, Right now I am truly excited. That is my honest reaction.",joy
"After thinking about it, The way I feel can only be described as annoyed. I can feel it strongly.",anger
"At this moment, I am anxious because of the uncertain situation. It has stayed on my mind.",fear
"To be honest, It is hard to hide how excited I feel about today's good news. I can feel it strongly.",joy
"I have to admit, Right now I am truly cheerful. The feeling is difficult to ignore.",joy
"To be honest, Thinking about my family leaves me caring. I can feel it strongly.",love
"After thinking about it, Honestly, the rude response makes me feel annoyed. I can feel it strongly.",anger
"To be honest, I keep feeling surprised whenever I remember the surprise visitor. The feeling is difficult to ignore.",surprise
"To be honest, My mood is warm after a thoughtful message. I can feel it strongly.",love
"I have to admit, I keep feeling cheerful whenever I remember meeting my friends. That is my honest reaction.",joy
"I have to admit, I am down because of missing my friends. I can feel it strongly.",sadness
Today I feel angry; it is connected to the unfair decision. It has stayed on my mind.,anger
"After thinking about it, My mood is scared after the risky journey.",fear
"To be honest, My mood is pleased after today's good news. I can feel it strongly.",joy
"After thinking about it, Today I feel delighted; it is connected to the new opportunity. It has stayed on my mind.",joy
"At this moment, Right now I am very close.",love
"At this moment, I keep feeling angry whenever I remember the broken promise. I can feel it strongly.",anger
"I have to admit, My mood is sad after the difficult goodbye.",sadness
My mood is annoyed after the unnecessary delay. The feeling is difficult to ignore.,anger
"After thinking about it, It is hard to hide how astonished I feel about the last-minute change. I can feel it strongly.",surprise
"To be honest, Right now I am quite devoted. That is my honest reaction.",love
"At this moment, Honestly, my great result makes me feel thrilled. It has stayed on my mind.",joy
"Honestly, our time together makes me feel tender.",love
"I have to admit, Today I feel unhappy; it is connected to missing my friends. That is my honest reaction.",sadness
"To be honest, Right now I am genuinely shocked. I can feel it strongly.",surprise
"To be honest, Right now I am quite anxious. The feeling is difficult to ignore.",fear
"To be honest, I feel completely thrilled about today's good news. It has stayed on my mind.",joy
"I have to admit, It is hard to hide how lonely I feel about losing the opportunity. It has stayed on my mind.",sadness
"At this moment, I am angry because of the broken promise. That is my honest reaction.",anger
"After thinking about it, My mood is joyful after my great result. I can feel it strongly.",joy
"To be honest, I feel genuinely cross about the unnecessary delay. That is my honest reaction.",anger
"After thinking about it, I am warm because of my closest friend. It has stayed on my mind.",love
"I have to admit, I am astonished because of the unbelievable result. I can feel it strongly.",surprise
"At this moment, The way I feel can only be described as worried. It has stayed on my mind.",fear
The way I feel can only be described as sorrowful. That is my honest reaction.,sadness
"To be honest, The way I feel can only be described as romantic. That is my honest reaction.",love
"At this moment, It is hard to hide how annoyed I feel about the repeated mistake. The feeling is difficult to ignore.",anger
"After thinking about it, Right now I am very annoyed.",anger
"At this moment, Thinking about the kindness I received leaves me tender. The feeling is difficult to ignore.",love
"I have to admit, I keep feeling panicked whenever I remember the uncertain situation. That is my honest reaction.",fear
"At this moment, I keep feeling startled whenever I remember the shocking update. I can feel it strongly.",surprise
"After thinking about it, I feel really panicked about the upcoming examination. That is my honest reaction.",fear
"To be honest, Honestly, the kindness I received makes me feel warm.",love
"I have to admit, Thinking about losing the opportunity leaves me unhappy. I can feel it strongly.",sadness
"At this moment, Honestly, the difficult goodbye makes me feel down. That is my honest reaction.",sadness
"After thinking about it, I feel very adored about our time together.",love
"To be honest, Right now I am so down. The feeling is difficult to ignore.",sadness
"To be honest, The way I feel can only be described as loving. That is my honest reaction.",love
My mood is surprised after the surprise visitor. The feeling is difficult to ignore.,surprise
"After thinking about it, I feel truly startled about the sudden gift. The feeling is difficult to ignore.",surprise
"At this moment, It is hard to hide how enraged I feel about being ignored.",anger
"I have to admit, The way I feel can only be described as cheerful. I can feel it strongly.",joy
"I have to admit, Today I feel warm; it is connected to my family. I can feel it strongly.",love
My mood is gloomy after the difficult goodbye. That is my honest reaction.,sadness
"To be honest, Today I feel grateful; it is connected to finishing the project.",joy
"To be honest, Thinking about the uncertain situation leaves me panicked.",fear
"At this moment, It is hard to hide how irritated I feel about the unnecessary delay. I can feel it strongly.",anger
"After thinking about it, Honestly, the sudden noise makes me feel panicked. I can feel it strongly.",fear
"To be honest, It is hard to hide how cross I feel about the rude response. I can feel it strongly.",anger
"I have to admit, Today I feel unexpectedly amazed; it is connected to the unbelievable result. It has stayed on my mind.",surprise
Right now I am very down. The feeling is difficult to ignore.,sadness
"To be honest, It is hard to hide how adored I feel about our time together.",love
"After thinking about it, Right now I am very optimistic. The feeling is difficult to ignore.",joy
I feel truly afraid about the uncertain situation.,fear
"After thinking about it, Right now I am completely annoyed. That is my honest reaction.",anger
"At this moment, The way I feel can only be described as pleased. It has stayed on my mind.",joy
"After thinking about it, My mood is anxious after speaking in public. I can feel it strongly.",fear
"After thinking about it, The way I feel can only be described as cross. It has stayed on my mind.",anger
"After thinking about it, The way I feel can only be described as loving. It has stayed on my mind.",love
I am joyful because of the wonderful celebration. That is my honest reaction.,joy
"I have to admit, I am tearful because of the failed plan. It has stayed on my mind.",sadness
Right now I am really angry. The feeling is difficult to ignore.,anger
I keep feeling unhappy whenever I remember the failed plan. It has stayed on my mind.,sadness
Today I feel enraged; it is connected to the rude response.,anger
"After thinking about it, Right now I am so unhappy. That is my honest reaction.",sadness
"At this moment, Right now I am very excited. I can feel it strongly.",joy
"I have to admit, My mood is lonely after the failed plan. It has stayed on my mind.",sadness
"I have to admit, Thinking about finishing the project leaves me happy. It has stayed on my mind.",joy
"At this moment, I am frustrated because of the broken promise. It has stayed on my mind.",anger
"I have to admit, Today I feel taken aback; it is connected to the unexpected announcement. I can feel it strongly.",surprise
It is hard to hide how stunned I feel about the shocking update. I can feel it strongly.,surprise
"To be honest, Thinking about the sudden gift leaves me surprised. The feeling is difficult to ignore.",surprise
"At this moment, It is hard to hide how down I feel about missing my friends. The feeling is difficult to ignore.",sadness
The way I feel can only be described as terrified. It has stayed on my mind.,fear
"I have to admit, Honestly, the person I care about makes me feel affectionate.",love
"I have to admit, I am tender because of my closest friend. I can feel it strongly.",love
"I have to admit, It is hard to hide how excited I feel about my great result.",joy
I keep feeling unhappy whenever I remember a lonely evening. It has stayed on my mind.,sadness
"I have to admit, I feel incredibly outraged about the unnecessary delay. That is my honest reaction.",anger
Thinking about missing my friends leaves me heartbroken. The feeling is difficult to ignore.,sadness
I feel deeply tender about my closest friend.,love
"After thinking about it, Right now I am deeply caring. The feeling is difficult to ignore.",love
"I have to admit, I feel quite startled about the shocking update. It has stayed on my mind.",surprise
Thinking about the sudden noise leaves me afraid. It has stayed on my mind.,fear
"After thinking about it, It is hard to hide how delighted I feel about today's good news. I can feel it strongly.",joy
"At this moment, I am shocked because of the sudden gift.",surprise
"I have to admit, Right now I am extremely fond. I can feel it strongly.",love
"After thinking about it, I feel quite cross about the broken promise.",anger
"To be honest, I feel genuinely happy about finishing the project. I can feel it strongly.",joy
"After thinking about it, My mood is shocked after the surprise visitor. It has stayed on my mind.",surprise
I feel deeply enraged about the unfair decision. The feeling is difficult to ignore.,anger
My mood is afraid after the sudden noise.,fear
Today I feel adored; it is connected to a thoughtful message. That is my honest reaction.,love
"At this moment, My mood is fond after my family.",love
"After thinking about it, Honestly, the rude response makes me feel irritated.",anger
"After thinking about it, Right now I am so thrilled. The feeling is difficult to ignore.",joy
Right now I am extremely anxious. It has stayed on my mind.,fear
"After thinking about it, My mood is cross after the broken promise. It has stayed on my mind.",anger
"At this moment, Thinking about what might happen tomorrow leaves me anxious. I can feel it strongly.",fear
My mood is mad after being ignored.,anger
"I have to admit, It is hard to hide how adored I feel about my family. The feeling is difficult to ignore.",love
I am surprised because of the last-minute change. I can feel it strongly.,surprise
"To be honest, Right now I am really joyful. I can feel it strongly.",joy
"At this moment, Today I feel frightened; it is connected to what might happen tomorrow. I can feel it strongly.",fear
"After thinking about it, I am pleased because of today's good news. I can feel it strongly.",joy
"At this moment, It is hard to hide how tearful I feel about the disappointing news. I can feel it strongly.",sadness
"I have to admit, Right now I am genuinely gloomy. That is my honest reaction.",sadness
"At this moment, Thinking about speaking in public leaves me scared. The feeling is difficult to ignore.",fear
Today I feel joyful; it is connected to meeting my friends. It has stayed on my mind.,joy
"I have to admit, I am mad because of the rude response. I can feel it strongly.",anger
"To be honest, I feel genuinely disappointed about the disappointing news. I can feel it strongly.",sadness
"I have to admit, I feel really enraged about being ignored. The feeling is difficult to ignore.",anger
"To be honest, My mood is disappointed after losing the opportunity. It has stayed on my mind.",sadness
"After thinking about it, My mood is scared after what might happen tomorrow. I can feel it strongly.",fear
I feel incredibly tearful about the disappointing news.,sadness
"To be honest, My mood is mad after being ignored.",anger
"At this moment, Honestly, meeting my friends makes me feel wonderful. I can feel it strongly.",joy
"At this moment, Right now I am so fearful.",fear
"To be honest, I am resentful because of being ignored. It has stayed on my mind.",anger
I keep feeling cross whenever I remember the rude response. The feeling is difficult to ignore.,anger
"I have to admit, My mood is cheerful after meeting my friends. It has stayed on my mind.",joy
"At this moment, Today I feel grateful; it is connected to my great result.",joy
I am happy because of meeting my friends. I can feel it strongly.,joy
I keep feeling outraged whenever I remember the repeated mistake. That is my honest reaction.,anger
"To be honest, I feel quite unhappy about the failed plan. That is my honest reaction.",sadness
"At this moment, Today I feel frightened; it is connected to the risky journey. It has stayed on my mind.",fear
"After thinking about it, It is hard to hide how tearful I feel about missing my friends. I can feel it strongly.",sadness
"To be honest, Right now I am truly disappointed. I can feel it strongly.",sadness
"To be honest, My mood is grateful after the new opportunity. That is my honest reaction.",joy
"To be honest, Today I feel resentful; it is connected to the repeated mistake. The feeling is difficult to ignore.",anger
My mood is annoyed after the broken promise. The feeling is difficult to ignore.,anger
The way I feel can only be described as happy. It has stayed on my mind.,joy
"At this moment, The way I feel can only be described as gloomy.",sadness
"After thinking about it, Thinking about the unfair decision leaves me cross. It has stayed on my mind.",anger
"At this moment, I feel quite down about the difficult goodbye.",sadness
"After thinking about it, I feel so devoted about my family. It has stayed on my mind.",love
"At this moment, Thinking about the failed plan leaves me lonely. That is my honest reaction.",sadness
Today I feel resentful; it is connected to the unnecessary delay. I can feel it strongly.,anger
"At this moment, It is hard to hide how caring I feel about our time together.",love
"To be honest, I feel genuinely sorrowful about the failed plan.",sadness
It is hard to hide how fearful I feel about the uncertain situation. I can feel it strongly.,fear
"I have to admit, My mood is mad after the rude response.",anger
"After thinking about it, It is hard to hide how unexpectedly amazed I feel about the last-minute change. That is my honest reaction.",surprise
"After thinking about it, I keep feeling uneasy whenever I remember the sudden noise. The feeling is difficult to ignore.",fear
"After thinking about it, My mood is thrilled after my great result. I can feel it strongly.",joy
"I have to admit, I am in disbelief because of the unexpected announcement. That is my honest reaction.",surprise
"After thinking about it, Right now I am extremely miserable. It has stayed on my mind.",sadness
"I have to admit, I keep feeling tender whenever I remember our time together. I can feel it strongly.",love
"At this moment, Today I feel stunned; it is connected to the unexpected announcement. I can feel it strongly.",surprise
"I have to admit, My mood is stunned after the shocking update. That is my honest reaction.",surprise
"After thinking about it, It is hard to hide how caring I feel about the person I care about. It has stayed on my mind.",love
I keep feeling resentful whenever I remember the unfair decision. The feeling is difficult to ignore.,anger
"After thinking about it, The way I feel can only be described as tearful. I can feel it strongly.",sadness
Today I feel uneasy; it is connected to the risky journey. It has stayed on my mind.,fear
"To be honest, I feel really fearful about speaking in public.",fear
"I have to admit, Honestly, a lonely evening makes me feel sorrowful. I can feel it strongly.",sadness
"At this moment, I am shocked because of the unexpected announcement. That is my honest reaction.",surprise
I am delighted because of finishing the project.,joy
"I have to admit, It is hard to hide how scared I feel about the sudden noise. I can feel it strongly.",fear
"At this moment, Right now I am quite loving. The feeling is difficult to ignore.",love
"At this moment, Right now I am genuinely enraged. That is my honest reaction.",anger
"At this moment, It is hard to hide how thrilled I feel about the wonderful celebration. I can feel it strongly.",joy
"I have to admit, My mood is lonely after losing the opportunity. The feeling is difficult to ignore.",sadness
"After thinking about it, Thinking about the unexpected announcement leaves me astonished. It has stayed on my mind.",surprise
"After thinking about it, The way I feel can only be described as shocked. The feeling is difficult to ignore.",surprise
"At this moment, The way I feel can only be described as panicked. It has stayed on my mind.",fear
"I have to admit, Today I feel tender; it is connected to our time together. That is my honest reaction.",love
"I have to admit, Thinking about the unnecessary delay leaves me frustrated. The feeling is difficult to ignore.",anger
"To be honest, Thinking about the disappointing news leaves me miserable. It has stayed on my mind.",sadness
"At this moment, My mood is wonderful after finishing the project.",joy
"At this moment, It is hard to hide how cheerful I feel about meeting my friends. The feeling is difficult to ignore.",joy
"After thinking about it, I am gloomy because of the difficult goodbye. I can feel it strongly.",sadness
"I have to admit, I feel very frustrated about the broken promise. The feeling is difficult to ignore.",anger
"To be honest, Thinking about the unexpected announcement leaves me unexpectedly amazed. The feeling is difficult to ignore.",surprise
"I have to admit, I am warm because of the person I care about. The feeling is difficult to ignore.",love
"To be honest, It is hard to hide how speechless I feel about the surprise visitor. That is my honest reaction.",surprise
"At this moment, Honestly, the broken promise makes me feel frustrated. The feeling is difficult to ignore.",anger
"After thinking about it, It is hard to hide how terrified I feel about the risky journey. I can feel it strongly.",fear
"After thinking about it, Honestly, meeting my friends makes me feel delighted. That is my honest reaction.",joy
"I have to admit, I keep feeling unexpectedly amazed whenever I remember the unbelievable result. That is my honest reaction.",surprise
"To be honest, The way I feel can only be described as scared. I can feel it strongly.",fear
"To be honest, Right now I am extremely mad. That is my honest reaction.",anger
I feel extremely worried about the uncertain situation.,fear
Right now I am so cheerful. The feeling is difficult to ignore.,joy
"I have to admit, It is hard to hide how optimistic I feel about the new opportunity. The feeling is difficult to ignore.",joy
"To be honest, Thinking about our time together leaves me loving. It has stayed on my mind.",love
"I have to admit, Right now I am quite loving. It has stayed on my mind.",love
"At this moment, I feel so scared about the risky journey. The feeling is difficult to ignore.",fear
"I have to admit, Right now I am completely irritated. That is my honest reaction.",anger
"After thinking about it, Honestly, today's good news makes me feel excited. It has stayed on my mind.",joy
"After thinking about it, I feel really nervous about what might happen tomorrow. That is my honest reaction.",fear
"I have to admit, Right now I am really stunned. It has stayed on my mind.",surprise
"At this moment, Today I feel sad; it is connected to the difficult goodbye. That is my honest reaction.",sadness
"I have to admit, The way I feel can only be described as romantic. The feeling is difficult to ignore.",love
"At this moment, Today I feel delighted; it is connected to the wonderful celebration. It has stayed on my mind.",joy
I feel completely cross about the unfair decision. The feeling is difficult to ignore.,anger
"At this moment, It is hard to hide how optimistic I feel about finishing the project. It has stayed on my mind.",joy
"I have to admit, Honestly, being ignored makes me feel annoyed. That is my honest reaction.",anger
"After thinking about it, It is hard to hide how thrilled I feel about my great result. That is my honest reaction.",joy
"To be honest, The way I feel can only be described as startled. The feeling is difficult to ignore.",surprise
"I have to admit, I am grateful because of meeting my friends. I can feel it strongly.",joy
"At this moment, Today I feel unexpectedly amazed; it is connected to the shocking update.",surprise
The way I feel can only be described as tender. It has stayed on my mind.,love
"After thinking about it, Honestly, the sudden noise makes me feel worried. That is my honest reaction.",fear
I keep feeling excited whenever I remember the wonderful celebration. The feeling is difficult to ignore.,joy
"At this moment, Thinking about being ignored leaves me angry. That is my honest reaction.",anger
"To be honest, Today I feel pleased; it is connected to today's good news. The feeling is difficult to ignore.",joy
"To be honest, The way I feel can only be described as in disbelief. That is my honest reaction.",surprise
I keep feeling stunned whenever I remember the unexpected announcement. I can feel it strongly.,surprise
"To be honest, My mood is tearful after missing my friends. It has stayed on my mind.",sadness
"At this moment, I am devoted because of the kindness I received. I can feel it strongly.",love
"After thinking about it, Today I feel grateful; it is connected to finishing the project. It has stayed on my mind.",joy
"To be honest, I feel extremely amazed about the last-minute change. The feeling is difficult to ignore.",surprise
"To be honest, It is hard to hide how uneasy I feel about the risky journey. That is my honest reaction.",fear
Right now I am very speechless. It has stayed on my mind.,surprise
"After thinking about it, I keep feeling joyful whenever I remember my great result. That is my honest reaction.",joy
It is hard to hide how gloomy I feel about losing the opportunity. The feeling is difficult to ignore.,sadness
"I have to admit, My mood is optimistic after meeting my friends. I can feel it strongly.",joy
"To be honest, Right now I am so caring. That is my honest reaction.",love
"At this moment, The way I feel can only be described as scared.",fear
"I have to admit, Honestly, finishing the project makes me feel cheerful. That is my honest reaction.",joy
"To be honest, Honestly, missing my friends makes me feel miserable. That is my honest reaction.",sadness
I am worried because of what might happen tomorrow. I can feel it strongly.,fear
"To be honest, My mood is amazed after the unexpected announcement. The feeling is difficult to ignore.",surprise
"At this moment, Honestly, finishing the project makes me feel happy. That is my honest reaction.",joy
"After thinking about it, I am unhappy because of the disappointing news.",sadness
"I have to admit, Honestly, speaking in public makes me feel fearful.",fear
"At this moment, I am happy because of finishing the project. It has stayed on my mind.",joy
"To be honest, Right now I am very startled. It has stayed on my mind.",surprise
"After thinking about it, The way I feel can only be described as frustrated. The feeling is difficult to ignore.",anger
"Honestly, the difficult goodbye makes me feel gloomy. That is my honest reaction.",sadness
"I have to admit, Today I feel stunned; it is connected to the shocking update. The feeling is difficult to ignore.",surprise
"Honestly, the kindness I received makes me feel loving.",love
"At this moment, I feel extremely miserable about losing the opportunity. I can feel it strongly.",sadness
"To be honest, I am warm because of the kindness I received. The feeling is difficult to ignore.",love
"I have to admit, I keep feeling excited whenever I remember the wonderful celebration. I can feel it strongly.",joy
"I have to admit, My mood is affectionate after a thoughtful message. That is my honest reaction.",love
"After thinking about it, I am uneasy because of the sudden noise.",fear
"After thinking about it, I am tender because of the person I care about.",love
"To be honest, I feel genuinely grateful about the wonderful celebration. The feeling is difficult to ignore.",joy
"I have to admit, My mood is speechless after the shocking update. I can feel it strongly.",surprise
"At this moment, Today I feel gloomy; it is connected to losing the opportunity. That is my honest reaction.",sadness
"I have to admit, I am lonely because of the failed plan. That is my honest reaction.",sadness
"After thinking about it, I am enraged because of the unfair decision. I can feel it strongly.",anger
It is hard to hide how romantic I feel about the person I care about.,love
"After thinking about it, It is hard to hide how annoyed I feel about the repeated mistake. The feeling is difficult to ignore.",anger
My mood is gloomy after the difficult goodbye.,sadness
"To be honest, It is hard to hide how tearful I feel about missing my friends. That is my honest reaction.",sadness
"To be honest, Honestly, a thoughtful message makes me feel devoted. The feeling is difficult to ignore.",love
"At this moment, I am shocked because of the last-minute change. I can feel it strongly.",surprise
"I have to admit, I keep feeling scared whenever I remember the uncertain situation.",fear
"To be honest, It is hard to hide how angry I feel about the unfair decision. That is my honest reaction.",anger
I keep feeling miserable whenever I remember the failed plan. It has stayed on my mind.,sadness
My mood is thrilled after today's good news. It has stayed on my mind.,joy
"After thinking about it, My mood is fearful after the uncertain situation.",fear
I keep feeling stunned whenever I remember the surprise visitor.,surprise
Right now I am incredibly loving. That is my honest reaction.,love
"I have to admit, Today I feel miserable; it is connected to a lonely evening. The feeling is difficult to ignore.",sadness
"To be honest, Today I feel enraged; it is connected to the repeated mistake. I can feel it strongly.",anger
"To be honest, Today I feel uneasy; it is connected to the uncertain situation.",fear
"To be honest, The way I feel can only be described as irritated. That is my honest reaction.",anger
"At this moment, The way I feel can only be described as thrilled. That is my honest reaction.",joy
"I have to admit, I am astonished because of the shocking update.",surprise
"After thinking about it, The way I feel can only be described as startled. It has stayed on my mind.",surprise
My mood is tearful after the disappointing news. I can feel it strongly.,sadness
"At this moment, Thinking about finishing the project leaves me wonderful. That is my honest reaction.",joy
"To be honest, The way I feel can only be described as delighted. I can feel it strongly.",joy
I feel really annoyed about the broken promise. I can feel it strongly.,anger
It is hard to hide how surprised I feel about the unexpected announcement.,surprise
"To be honest, Right now I am genuinely stunned. The feeling is difficult to ignore.",surprise
"I have to admit, Honestly, meeting my friends makes me feel delighted.",joy
"At this moment, I am pleased because of today's good news. I can feel it strongly.",joy
"I have to admit, The way I feel can only be described as uneasy.",fear
"After thinking about it, The way I feel can only be described as annoyed.",anger
"At this moment, My mood is stunned after the shocking update. That is my honest reaction.",surprise
"I have to admit, My mood is enraged after the rude response.",anger
"I have to admit, Honestly, meeting my friends makes me feel excited. That is my honest reaction.",joy
"After thinking about it, Thinking about missing my friends leaves me lonely. I can feel it strongly.",sadness
"I have to admit, Thinking about the surprise visitor leaves me startled. It has stayed on my mind.",surprise
"To be honest, My mood is speechless after the unexpected announcement. It has stayed on my mind.",surprise
"To be honest, I feel truly grateful about finishing the project. I can feel it strongly.",joy
"At this moment, Today I feel warm; it is connected to my family. I can feel it strongly.",love
"After thinking about it, I am warm because of my closest friend. That is my honest reaction.",love
"After thinking about it, Honestly, the unexpected announcement makes me feel surprised.",surprise
"I have to admit, The way I feel can only be described as speechless. That is my honest reaction.",surprise
"After thinking about it, Today I feel resentful; it is connected to the unfair decision. I can feel it strongly.",anger
"To be honest, Right now I am very grateful. That is my honest reaction.",joy
Right now I am very unhappy. I can feel it strongly.,sadness
"After thinking about it, Today I feel unexpectedly amazed; it is connected to the surprise visitor.",surprise
"After thinking about it, Thinking about the last-minute change leaves me startled.",surprise
Thinking about the failed plan leaves me gloomy. The feeling is difficult to ignore.,sadness
"After thinking about it, Thinking about the shocking update leaves me stunned. It has stayed on my mind.",surprise
"After thinking about it, The way I feel can only be described as happy. That is my honest reaction.",joy
"At this moment, Right now I am incredibly afraid.",fear
"To be honest, I am happy because of my great result.",joy
"I have to admit, I feel truly delighted about my great result. I can feel it strongly.",joy
"I have to admit, I am devoted because of our time together. It has stayed on my mind.",love
I am cross because of being ignored. The feeling is difficult to ignore.,anger
The way I feel can only be described as joyful. The feeling is difficult to ignore.,joy
"To be honest, Honestly, missing my friends makes me feel disappointed.",sadness
"I have to admit, The way I feel can only be described as furious. It has stayed on my mind.",anger
"After thinking about it, I feel genuinely devoted about my closest friend. I can feel it strongly.",love
Thinking about the kindness I received leaves me devoted. I can feel it strongly.,love
"I have to admit, I am unexpectedly amazed because of the last-minute change. I can feel it strongly.",surprise
It is hard to hide how unhappy I feel about the difficult goodbye. The feeling is difficult to ignore.,sadness
"I have to admit, Thinking about the surprise visitor leaves me stunned. That is my honest reaction.",surprise
"At this moment, My mood is worried after the upcoming examination.",fear
"After thinking about it, Right now I am extremely fond. It has stayed on my mind.",love
"After thinking about it, I feel genuinely heartbroken about the disappointing news. That is my honest reaction.",sadness
Today I feel frightened; it is connected to the risky journey. I can feel it strongly.,fear
"At this moment, I am panicked because of the sudden noise. It has stayed on my mind.",fear
"To be honest, Right now I am completely pleased. I can feel it strongly.",joy
"At this moment, My mood is pleased after the new opportunity. I can feel it strongly.",joy
"At this moment, The way I feel can only be described as disappointed. I can feel it strongly.",sadness
"To be honest, My mood is romantic after my family. I can feel it strongly.",love
"After thinking about it, I am outraged because of the rude response. The feeling is difficult to ignore.",anger
I feel truly anxious about the risky journey. I can feel it strongly.,fear
"I have to admit, Today I feel excited; it is connected to my great result. I can feel it strongly.",joy
My mood is speechless after the shocking update. The feeling is difficult to ignore.,surprise
"To be honest, Today I feel frustrated; it is connected to the unfair decision. It has stayed on my mind.",anger
It is hard to hide how worried I feel about what might happen tomorrow. I can feel it strongly.,fear
"I have to admit, Right now I am really tearful.",sadness
"After thinking about it, Thinking about the upcoming examination leaves me frightened. That is my honest reaction.",fear
"To be honest, I feel very miserable about a lonely evening. The feeling is difficult to ignore.",sadness
"I have to admit, It is hard to hide how startled I feel about the sudden gift.",surprise
"I have to admit, I am lonely because of the difficult goodbye. That is my honest reaction.",sadness
"After thinking about it, It is hard to hide how outraged I feel about the broken promise. The feeling is difficult to ignore.",anger
I keep feeling down whenever I remember the failed plan. That is my honest reaction.,sadness
It is hard to hide how amazed I feel about the unbelievable result. It has stayed on my mind.,surprise
"At this moment, My mood is speechless after the sudden gift. It has stayed on my mind.",surprise
"Honestly, the new opportunity makes me feel thrilled. It has stayed on my mind.",joy
The way I feel can only be described as surprised. It has stayed on my mind.,surprise
"After thinking about it, I am pleased because of my great result.",joy
"At this moment, The way I feel can only be described as fond.",love
"After thinking about it, It is hard to hide how cheerful I feel about my great result.",joy
"I have to admit, Honestly, the repeated mistake makes me feel irritated. The feeling is difficult to ignore.",anger
"I have to admit, Honestly, the rude response makes me feel angry. I can feel it strongly.",anger
"Honestly, the unbelievable result makes me feel startled.",surprise
"After thinking about it, I feel truly joyful about my great result. The feeling is difficult to ignore.",joy
"I have to admit, My mood is excited after my great result. That is my honest reaction.",joy
"I have to admit, Honestly, finishing the project makes me feel thrilled. The feeling is difficult to ignore.",joy
"I have to admit, I keep feeling panicked whenever I remember the upcoming examination.",fear
"After thinking about it, Thinking about the new opportunity leaves me excited.",joy
I am lonely because of losing the opportunity. It has stayed on my mind.,sadness
Right now I am incredibly adored. It has stayed on my mind.,love
Today I feel fond; it is connected to the kindness I received. That is my honest reaction.,love
"To be honest, My mood is unhappy after losing the opportunity.",sadness
"To be honest, It is hard to hide how grateful I feel about today's good news. The feeling is difficult to ignore.",joy
"At this moment, Honestly, the shocking update makes me feel surprised.",surprise
Thinking about the unbelievable result leaves me shocked. I can feel it strongly.,surprise
I am delighted because of my great result. That is my honest reaction.,joy
"Honestly, the unnecessary delay makes me feel resentful.",anger
"After thinking about it, I feel incredibly devoted about the person I care about. The feeling is difficult to ignore.",love
It is hard to hide how happy I feel about the wonderful celebration. I can feel it strongly.,joy
"I have to admit, I am amazed because of the sudden gift. It has stayed on my mind.",surprise
"I have to admit, Thinking about the unfair decision leaves me angry. That is my honest reaction.",anger
"After thinking about it, I am mad because of the rude response. The feeling is difficult to ignore.",anger
Today I feel anxious; it is connected to the upcoming examination.,fear
"To be honest, Today I feel warm; it is connected to our time together. I can feel it strongly.",love
"After thinking about it, Thinking about our time together leaves me romantic. That is my honest reaction.",love
"To be honest, Thinking about the difficult goodbye leaves me disappointed. That is my honest reaction.",sadness
"At this moment, The way I feel can only be described as heartbroken.",sadness
Thinking about my great result leaves me pleased. It has stayed on my mind.,joy
"At this moment, Today I feel close; it is connected to my family. It has stayed on my mind.",love
"I have to admit, Thinking about a lonely evening leaves me unhappy. I can feel it strongly.",sadness
"I have to admit, Today I feel startled; it is connected to the unbelievable result.",surprise
"At this moment, It is hard to hide how loving I feel about my closest friend. That is my honest reaction.",love
"To be honest, I am worried because of the uncertain situation. I can feel it strongly.",fear
Right now I am so stunned. The feeling is difficult to ignore.,surprise
"At this moment, Today I feel miserable; it is connected to the difficult goodbye. The feeling is difficult to ignore.",sadness
"To be honest, My mood is panicked after the risky journey. That is my honest reaction.",fear
"At this moment, It is hard to hide how panicked I feel about the uncertain situation. That is my honest reaction.",fear
"To be honest, It is hard to hide how taken aback I feel about the sudden gift. I can feel it strongly.",surprise
I keep feeling frustrated whenever I remember the repeated mistake. That is my honest reaction.,anger
"To be honest, It is hard to hide how grateful I feel about the new opportunity. I can feel it strongly.",joy
"I have to admit, I keep feeling romantic whenever I remember the kindness I received. The feeling is difficult to ignore.",love
I feel very terrified about the uncertain situation. I can feel it strongly.,fear
"To be honest, It is hard to hide how uneasy I feel about what might happen tomorrow.",fear
"I have to admit, Today I feel thrilled; it is connected to my great result. I can feel it strongly.",joy
"At this moment, I feel so angry about the repeated mistake. That is my honest reaction.",anger
I am sorrowful because of a lonely evening.,sadness
"After thinking about it, Thinking about the risky journey leaves me scared. That is my honest reaction.",fear
"I have to admit, Honestly, the disappointing news makes me feel lonely. That is my honest reaction.",sadness
"After thinking about it, Honestly, the risky journey makes me feel uneasy. It has stayed on my mind.",fear
"After thinking about it, Right now I am quite affectionate. That is my honest reaction.",love
"At this moment, My mood is close after the person I care about. That is my honest reaction.",love
I keep feeling gloomy whenever I remember the disappointing news. The feeling is difficult to ignore.,sadness
"To be honest, Thinking about a thoughtful message leaves me affectionate. That is my honest reaction.",love
I am grateful because of the wonderful celebration.,joy
"I have to admit, My mood is tearful after missing my friends. I can feel it strongly.",sadness
Thinking about the last-minute change leaves me speechless. That is my honest reaction.,surprise
"To be honest, I feel truly panicked about the uncertain situation. I can feel it strongly.",fear
"I have to admit, I keep feeling in disbelief whenever I remember the sudden gift. That is my honest reaction.",surprise
"At this moment, Honestly, missing my friends makes me feel miserable. That is my honest reaction.",sadness
"At this moment, I keep feeling surprised whenever I remember the unexpected announcement. That is my honest reaction.",surprise
"After thinking about it, Right now I am completely adored.",love
I keep feeling amazed whenever I remember the unbelievable result. It has stayed on my mind.,surprise
"After thinking about it, I keep feeling afraid whenever I remember speaking in public. I can feel it strongly.",fear
"To be honest, Honestly, our time together makes me feel close. That is my honest reaction.",love
"I have to admit, The way I feel can only be described as sad. That is my honest reaction.",sadness
"At this moment, Honestly, the disappointing news makes me feel disappointed. That is my honest reaction.",sadness
"I have to admit, Honestly, the person I care about makes me feel close. It has stayed on my mind.",love
"I have to admit, Honestly, the repeated mistake makes me feel mad. I can feel it strongly.",anger
"After thinking about it, My mood is tender after my family. The feeling is difficult to ignore.",love
I feel very cross about the unnecessary delay. The feeling is difficult to ignore.,anger
"At this moment, It is hard to hide how heartbroken I feel about a lonely evening. I can feel it strongly.",sadness
"At this moment, I feel truly afraid about the risky journey. It has stayed on my mind.",fear
The way I feel can only be described as miserable. I can feel it strongly.,sadness
"After thinking about it, Honestly, the shocking update makes me feel stunned. That is my honest reaction.",surprise
Right now I am really amazed. It has stayed on my mind.,surprise
"I have to admit, Right now I am very heartbroken.",sadness
"At this moment, My mood is fond after our time together. I can feel it strongly.",love
"At this moment, Honestly, the unfair decision makes me feel angry. It has stayed on my mind.",anger
"At this moment, I feel quite grateful about meeting my friends. The feeling is difficult to ignore.",joy
"After thinking about it, Right now I am very shocked. It has stayed on my mind.",surprise
The way I feel can only be described as tender.,love
"After thinking about it, I keep feeling speechless whenever I remember the unbelievable result. That is my honest reaction.",surprise
"After thinking about it, I keep feeling terrified whenever I remember the sudden noise. The feeling is difficult to ignore.",fear
"To be honest, It is hard to hide how outraged I feel about the rude response. It has stayed on my mind.",anger
Today I feel caring; it is connected to a thoughtful message.,love
"I have to admit, Right now I am completely terrified. It has stayed on my mind.",fear
"To be honest, The way I feel can only be described as outraged. That is my honest reaction.",anger
"After thinking about it, I keep feeling disappointed whenever I remember a lonely evening.",sadness
"I have to admit, Today I feel stunned; it is connected to the shocking update. It has stayed on my mind.",surprise
"I have to admit, Today I feel excited; it is connected to today's good news. That is my honest reaction.",joy
"After thinking about it, Thinking about the disappointing news leaves me lonely. I can feel it strongly.",sadness
"To be honest, Today I feel loving; it is connected to the person I care about.",love
"I have to admit, Thinking about the kindness I received leaves me romantic.",love
"To be honest, The way I feel can only be described as surprised. I can feel it strongly.",surprise
I feel completely loving about the kindness I received. I can feel it strongly.,love
I feel genuinely delighted about meeting my friends. That is my honest reaction.,joy
"To be honest, Today I feel cross; it is connected to the unnecessary delay. The feeling is difficult to ignore.",anger
"I have to admit, Today I feel unhappy; it is connected to losing the opportunity. The feeling is difficult to ignore.",sadness
Thinking about the unbelievable result leaves me stunned. I can feel it strongly.,surprise
"After thinking about it, It is hard to hide how optimistic I feel about my great result. It has stayed on my mind.",joy
"At this moment, Thinking about the kindness I received leaves me affectionate. The feeling is difficult to ignore.",love
"I have to admit, It is hard to hide how warm I feel about our time together. It has stayed on my mind.",love
"To be honest, The way I feel can only be described as stunned.",surprise
"After thinking about it, I keep feeling cheerful whenever I remember finishing the project. I can feel it strongly.",joy
"At this moment, It is hard to hide how caring I feel about the person I care about. I can feel it strongly.",love
"After thinking about it, Right now I am deeply loving. I can feel it strongly.",love
"To be honest, I keep feeling tearful whenever I remember the disappointing news. The feeling is difficult to ignore.",sadness
"At this moment, Thinking about the upcoming examination leaves me afraid. I can feel it strongly.",fear
I am worried because of the risky journey. The feeling is difficult to ignore.,fear
"At this moment, Thinking about missing my friends leaves me down. I can feel it strongly.",sadness
"To be honest, I keep feeling down whenever I remember the difficult goodbye. I can feel it strongly.",sadness
"I have to admit, It is hard to hide how thrilled I feel about my great result.",joy
"After thinking about it, I feel so tearful about the disappointing news. The feeling is difficult to ignore.",sadness
"At this moment, I feel very scared about the sudden noise. That is my honest reaction.",fear
"I have to admit, Right now I am so speechless.",surprise
"At this moment, Thinking about the wonderful celebration leaves me thrilled. It has stayed on my mind.",joy
I am fearful because of the uncertain situation.,fear
"To be honest, I feel completely nervous about what might happen tomorrow. I can feel it strongly.",fear
"To be honest, Right now I am completely surprised. I can feel it strongly.",surprise
"After thinking about it, The way I feel can only be described as wonderful. The feeling is difficult to ignore.",joy
"After thinking about it, I feel genuinely joyful about the new opportunity.",joy
"At this moment, I feel truly startled about the last-minute change. That is my honest reaction.",surprise
"Honestly, the person I care about makes me feel adored. I can feel it strongly.",love
"After thinking about it, Thinking about the failed plan leaves me down. The feeling is difficult to ignore.",sadness
"I have to admit, Thinking about the risky journey leaves me scared. I can feel it strongly.",fear
"At this moment, Thinking about missing my friends leaves me disappointed. It has stayed on my mind.",sadness
"At this moment, I keep feeling angry whenever I remember being ignored.",anger
"After thinking about it, I keep feeling joyful whenever I remember finishing the project. It has stayed on my mind.",joy
"After thinking about it, Today I feel furious; it is connected to the broken promise.",anger
"After thinking about it, My mood is anxious after what might happen tomorrow. It has stayed on my mind.",fear
"After thinking about it, Right now I am truly speechless. I can feel it strongly.",surprise
"After thinking about it, It is hard to hide how delighted I feel about meeting my friends. It has stayed on my mind.",joy
"To be honest, Right now I am so startled.",surprise
"I have to admit, Honestly, the last-minute change makes me feel in disbelief. It has stayed on my mind.",surprise
"I have to admit, I keep feeling frustrated whenever I remember the repeated mistake. I can feel it strongly.",anger
"After thinking about it, I feel so unhappy about a lonely evening.",sadness
"After thinking about it, Today I feel fearful; it is connected to the sudden noise. That is my honest reaction.",fear
"To be honest, Thinking about our time together leaves me close. That is my honest reaction.",love
"After thinking about it, Today I feel warm; it is connected to my closest friend. I can feel it strongly.",love
"To be honest, I keep feeling afraid whenever I remember the uncertain situation. It has stayed on my mind.",fear
The way I feel can only be described as excited. The feeling is difficult to ignore.,joy
"To be honest, Thinking about the wonderful celebration leaves me excited. I can feel it strongly.",joy
"At this moment, I am unhappy because of a lonely evening.",sadness
"I have to admit, It is hard to hide how amazed I feel about the unbelievable result. I can feel it strongly.",surprise
I keep feeling enraged whenever I remember being ignored. I can feel it strongly.,anger
"To be honest, Today I feel pleased; it is connected to meeting my friends. That is my honest reaction.",joy
"To be honest, Thinking about the kindness I received leaves me loving. It has stayed on my mind.",love
"To be honest, It is hard to hide how stunned I feel about the surprise visitor.",surprise
"At this moment, It is hard to hide how delighted I feel about meeting my friends. The feeling is difficult to ignore.",joy
"I have to admit, The way I feel can only be described as cross. The feeling is difficult to ignore.",anger
"After thinking about it, I am heartbroken because of the difficult goodbye. That is my honest reaction.",sadness
"At this moment, I am sorrowful because of the disappointing news. I can feel it strongly.",sadness
"Honestly, my closest friend makes me feel loving. I can feel it strongly.",love
"To be honest, I keep feeling fond whenever I remember a thoughtful message. It has stayed on my mind.",love
"To be honest, I keep feeling frustrated whenever I remember being ignored. It has stayed on my mind.",anger
It is hard to hide how shocked I feel about the last-minute change. It has stayed on my mind.,surprise
"At this moment, Honestly, a lonely evening makes me feel sad. I can feel it strongly.",sadness
"To be honest, The way I feel can only be described as thrilled. I can feel it strongly.",joy
"To be honest, Today I feel grateful; it is connected to the wonderful celebration. The feeling is difficult to ignore.",joy
"To be honest, It is hard to hide how caring I feel about our time together.",love
"I have to admit, I keep feeling sad whenever I remember missing my friends. I can feel it strongly.",sadness
"To be honest, I keep feeling thrilled whenever I remember the new opportunity. The feeling is difficult to ignore.",joy
Thinking about my closest friend leaves me caring. That is my honest reaction.,love
"To be honest, I am happy because of my great result. That is my honest reaction.",joy
"To be honest, It is hard to hide how terrified I feel about the uncertain situation. The feeling is difficult to ignore.",fear
"I have to admit, My mood is irritated after the broken promise.",anger
"To be honest, I am affectionate because of my closest friend. I can feel it strongly.",love
"After thinking about it, Thinking about meeting my friends leaves me delighted. That is my honest reaction.",joy
"After thinking about it, It is hard to hide how anxious I feel about the uncertain situation. I can feel it strongly.",fear
Thinking about the risky journey leaves me panicked.,fear
"After thinking about it, It is hard to hide how in disbelief I feel about the surprise visitor. I can feel it strongly.",surprise
"I have to admit, Right now I am quite terrified. The feeling is difficult to ignore.",fear
"I have to admit, Right now I am very frustrated.",anger
"I have to admit, I keep feeling grateful whenever I remember finishing the project.",joy
"After thinking about it, Thinking about a thoughtful message leaves me loving.",love
"At this moment, I keep feeling irritated whenever I remember the unfair decision. The feeling is difficult to ignore.",anger
"I have to admit, I am fond because of our time together.",love
Today I feel taken aback; it is connected to the unexpected announcement.,surprise
"At this moment, I keep feeling grateful whenever I remember my great result. I can feel it strongly.",joy
Today I feel angry; it is connected to the repeated mistake.,anger
"After thinking about it, Honestly, the failed plan makes me feel tearful. I can feel it strongly.",sadness
Right now I am genuinely pleased.,joy
"At this moment, It is hard to hide how grateful I feel about today's good news. That is my honest reaction.",joy
"To be honest, Honestly, the broken promise makes me feel resentful. That is my honest reaction.",anger
"After thinking about it, I feel deeply in disbelief about the surprise visitor. I can feel it strongly.",surprise
"At this moment, The way I feel can only be described as startled. That is my honest reaction.",surprise
"To be honest, I am furious because of the repeated mistake. It has stayed on my mind.",anger
"I have to admit, The way I feel can only be described as fearful. The feeling is difficult to ignore.",fear
"To be honest, I keep feeling fearful whenever I remember what might happen tomorrow. I can feel it strongly.",fear
"At this moment, My mood is tearful after missing my friends. That is my honest reaction.",sadness
"At this moment, I feel completely warm about our time together. That is my honest reaction.",love
"After thinking about it, It is hard to hide how affectionate I feel about my closest friend.",love
"After thinking about it, My mood is close after my family.",love
"After thinking about it, It is hard to hide how delighted I feel about meeting my friends.",joy
"At this moment, My mood is terrified after what might happen tomorrow. The feeling is difficult to ignore.",fear
Thinking about my great result leaves me cheerful. The feeling is difficult to ignore.,joy
"At this moment, Today I feel loving; it is connected to a thoughtful message. I can feel it strongly.",love
"I have to admit, Honestly, the kindness I received makes me feel tender. I can feel it strongly.",love
"At this moment, I keep feeling resentful whenever I remember the unfair decision. It has stayed on my mind.",anger
"After thinking about it, Thinking about a thoughtful message leaves me adored.",love
"After thinking about it, I keep feeling annoyed whenever I remember the repeated mistake. The feeling is difficult to ignore.",anger
"After thinking about it, Right now I am really startled. The feeling is difficult to ignore.",surprise
I keep feeling thrilled whenever I remember the wonderful celebration. That is my honest reaction.,joy
"At this moment, Right now I am genuinely devoted. The feeling is difficult to ignore.",love
"I have to admit, I feel deeply annoyed about being ignored. It has stayed on my mind.",anger
"To be honest, I am disappointed because of the difficult goodbye. That is my honest reaction.",sadness
I feel genuinely fond about our time together. I can feel it strongly.,love
"I have to admit, I keep feeling surprised whenever I remember the last-minute change. The feeling is difficult to ignore.",surprise
"At this moment, I keep feeling unexpectedly amazed whenever I remember the sudden gift. It has stayed on my mind.",surprise
I feel so astonished about the sudden gift. The feeling is difficult to ignore.,surprise
Today I feel wonderful; it is connected to meeting my friends. That is my honest reaction.,joy
"To be honest, Thinking about the new opportunity leaves me cheerful. It has stayed on my mind.",joy
Right now I am truly miserable. The feeling is difficult to ignore.,sadness
"To be honest, Today I feel lonely; it is connected to the failed plan. I can feel it strongly.",sadness
Thinking about the sudden noise leaves me scared. I can feel it strongly.,fear
